name|speaker|orth|translation|start|end
1782bea75c7d-6|Signer01|no one knew what to do|no one knew what to do|-1|-1
1782bea75c7d-12|Signer01|now read further|now read further|-1|-1
1782bea75c7d-15|Signer01|he did not touch the first line everyone in the court|he did not touch the first line everyone in the court|-1|-1
1782bea75c7d-24|Signer01|reading is fun|reading is fun|-1|-1
1782bea75c7d-26|Signer01|what did each minister do|what did each minister do|-1|-1
ee235596b76f-3|Signer01|the mouse and the pencil|the mouse and the pencil|-1|-1
ee235596b76f-5|Signer01|he found a pencil|he found a pencil|-1|-1
ee235596b76f-31|Signer01|describe the cat in your own words|describe the cat in your own words|-1|-1
ee235596b76f-46|Signer01|here is a sentence given below with some dots|here is a sentence given below with some dots|-1|-1
ee235596b76f-47|Signer01|connect the dots to complete the sentence a cat|connect the dots to complete the sentence a cat|-1|-1
7bccd31315d7-61|Signer01|here you can see a picture of a house|here you can see a picture of a house|-1|-1
7bccd31315d7-127|Signer01|and then orange o|and then orange o|-1|-1
7bccd31315d7-132|Signer01|and now p|and now p|-1|-1
7bccd31315d7-138|Signer01|here you can see picture of a dog|here you can see picture of a dog|-1|-1
7bccd31315d7-145|Signer01|dash dash b|dash dash b|-1|-1
006faf1f7c93-5|Signer01|and it went round and round|and it went round and round|-1|-1
006faf1f7c93-20|Signer01|now let read i ride|now let read i ride|-1|-1
006faf1f7c93-28|Signer01|where have you seen it would you like to go to a fair|where have you seen it would you like to go to a fair|-1|-1
006faf1f7c93-32|Signer01|talk about the things you enjoy at a fair|talk about the things you enjoy at a fair|-1|-1
006faf1f7c93-43|Signer01|circle the letters and say them out loud|circle the letters and say them out loud|-1|-1
62e79450f3da-19|Signer01|say aloud draw|say aloud draw|-1|-1
62e79450f3da-41|Signer01|only if you can color it you can find out many items like a bed|only if you can color it you can find out many items like a bed|-1|-1
62e79450f3da-47|Signer01|there are dash pictures on the wall|there are dash pictures on the wall|-1|-1
62e79450f3da-73|Signer01|in the first picture you can see a boy running or walking outside the school|in the first picture you can see a boy running or walking outside the school|-1|-1
62e79450f3da-75|Signer01|the boy is walking very dash|the boy is walking very dash|-1|-1
d2e656de0bda-4|Signer01|i often sit and wish that i|i often sit and wish that i|-1|-1
d2e656de0bda-13|Signer01|i love to sit under a tree page|i love to sit under a tree page|-1|-1
d2e656de0bda-19|Signer01|what would you like to be|what would you like to be|-1|-1
d2e656de0bda-39|Signer01|in the windows color the pictures|in the windows color the pictures|-1|-1
d2e656de0bda-45|Signer01|where the baby is sleeping you see them all|where the baby is sleeping you see them all|-1|-1
ed5590797795-17|Signer01|for an open space|for an open space|-1|-1
ed5590797795-51|Signer01|do you like to fly kite|do you like to fly kite|-1|-1
ed5590797795-78|Signer01|with its young ones inside|with its young ones inside|-1|-1
ed5590797795-104|Signer01|connect the dots to complete each and every word|connect the dots to complete each and every word|-1|-1
ed5590797795-105|Signer01|and again follow the same pattern for the next line|and again follow the same pattern for the next line|-1|-1
2f9740e42167-63|Signer01|can you guess what are they|can you guess what are they|-1|-1
2f9740e42167-94|Signer01|here is a picture of a hand|here is a picture of a hand|-1|-1
2f9740e42167-95|Signer01|join the dots to write a hand page number|join the dots to write a hand page number|-1|-1
2f9740e42167-109|Signer01|there is a dog|there is a dog|-1|-1
2f9740e42167-112|Signer01|to the teacher make the children understand that|to the teacher make the children understand that|-1|-1
d5d9a14756d5-25|Signer01|looking behind me after every two or three steps|looking behind me after every two or three steps|-1|-1
d5d9a14756d5-58|Signer01|my fear returned i went home again|my fear returned i went home again|-1|-1
d5d9a14756d5-97|Signer01|in a town c|in a town c|-1|-1
d5d9a14756d5-134|Signer01|what happened then|what happened then|-1|-1
d5d9a14756d5-174|Signer01|have a conversation with your partner|have a conversation with your partner|-1|-1
1e9591008a0d-3|Signer01|read and enjoy this story|read and enjoy this story|-1|-1
1e9591008a0d-25|Signer01|let be friends again|let be friends again|-1|-1
1e9591008a0d-48|Signer01|when you are angry|when you are angry|-1|-1
1e9591008a0d-88|Signer01|there an apple|there an apple|-1|-1
1e9591008a0d-96|Signer01|similarly in the second one|similarly in the second one|-1|-1
43a0131cb836-25|Signer01|i must not hit anyone|i must not hit anyone|-1|-1
43a0131cb836-52|Signer01|here in a picture you can see a lion standing next to a tiger|here in a picture you can see a lion standing next to a tiger|-1|-1
43a0131cb836-68|Signer01|dash trace the dots|dash trace the dots|-1|-1
43a0131cb836-79|Signer01|follow the same pattern for each and every line|follow the same pattern for each and every line|-1|-1
43a0131cb836-82|Signer01|what are the cat and mouse saying|what are the cat and mouse saying|-1|-1
0fb8102d6c95-8|Signer01|i said to the man as he went by|i said to the man as he went by|-1|-1
0fb8102d6c95-10|Signer01|will you come with me no|will you come with me no|-1|-1
0fb8102d6c95-13|Signer01|where are you going to horse today|where are you going to horse today|-1|-1
0fb8102d6c95-15|Signer01|down to the village|down to the village|-1|-1
0fb8102d6c95-95|Signer01|dash dash dash|dash dash dash|-1|-1
18dc64c3380a-4|Signer01|who has the most fun|who has the most fun|-1|-1
18dc64c3380a-16|Signer01|but boys and girls have much more fun|but boys and girls have much more fun|-1|-1
18dc64c3380a-31|Signer01|match the words in column a with those|match the words in column a with those|-1|-1
18dc64c3380a-32|Signer01|in column b|in column b|-1|-1
18dc64c3380a-54|Signer01|from slow to fast run|from slow to fast run|-1|-1
1f1bb4e3121b-10|Signer01|was a little village|was a little village|-1|-1
1f1bb4e3121b-35|Signer01|suddenly he heard a voice calling out|suddenly he heard a voice calling out|-1|-1
1f1bb4e3121b-108|Signer01|match the words in the box with their meaning|match the words in the box with their meaning|-1|-1
1f1bb4e3121b-165|Signer01|work in groups of 5|work in groups of 5|-1|-1
1f1bb4e3121b-167|Signer01|what were the strange things about the men on the mountains|what were the strange things about the men on the mountains|-1|-1
d92ec3de5035-25|Signer01|what was the lion doing 3|what was the lion doing 3|-1|-1
d92ec3de5035-26|Signer01|what was the little mouse doing 4|what was the little mouse doing 4|-1|-1
d92ec3de5035-31|Signer01|what did the lion say when he was free|what did the lion say when he was free|-1|-1
d92ec3de5035-37|Signer01|let try this 2|let try this 2|-1|-1
d92ec3de5035-47|Signer01|and after that we have|and after that we have|-1|-1
5a1348dfe236-9|Signer01|says the moon|says the moon|-1|-1
5a1348dfe236-24|Signer01|1 the little clock|1 the little clock|-1|-1
5a1348dfe236-38|Signer01|now here is a picture of the school|now here is a picture of the school|-1|-1
5a1348dfe236-65|Signer01|29 days in february month|29 days in february month|-1|-1
5a1348dfe236-84|Signer01|with 29 days|with 29 days|-1|-1
c336d8d84dc2-1|Signer01|page number 75|page number 75|-1|-1
c336d8d84dc2-13|Signer01|should i call your father|should i call your father|-1|-1
c336d8d84dc2-30|Signer01|2 write the color of the object|2 write the color of the object|-1|-1
c336d8d84dc2-33|Signer01|find out what colour is this|find out what colour is this|-1|-1
c336d8d84dc2-42|Signer01|and have you seen sun|and have you seen sun|-1|-1
4c422e10f21d-15|Signer01|new words learned from this poem|new words learned from this poem|-1|-1
4c422e10f21d-31|Signer01|fill in the box with the right colour|fill in the box with the right colour|-1|-1
4c422e10f21d-52|Signer01|when you get hurt how do you feel|when you get hurt how do you feel|-1|-1
4c422e10f21d-79|Signer01|now connect the dots to make a circle|now connect the dots to make a circle|-1|-1
4c422e10f21d-101|Signer01|the following have lost their babies|the following have lost their babies|-1|-1
99218fd19f71-48|Signer01|page 11 say aloud|page 11 say aloud|-1|-1
99218fd19f71-49|Signer01|2 2 3 4 5 6 now let draw|2 2 3 4 5 6 now let draw|-1|-1
99218fd19f71-55|Signer01|there are farm animals water animals|there are farm animals water animals|-1|-1
99218fd19f71-57|Signer01|help the animals reach their homes|help the animals reach their homes|-1|-1
99218fd19f71-75|Signer01|hello hello says the child|hello hello says the child|-1|-1
c02914d169b6-2|Signer01|poem a happy child|poem a happy child|-1|-1
c02914d169b6-17|Signer01|read the poem story allow to the children|read the poem story allow to the children|-1|-1
c02914d169b6-44|Signer01|me my so|me my so|-1|-1
c02914d169b6-47|Signer01|i am a teacher|i am a teacher|-1|-1
c02914d169b6-59|Signer01|let each group make a house|let each group make a house|-1|-1
117db0aadb7a-7|Signer01|and two wet legs|and two wet legs|-1|-1
117db0aadb7a-22|Signer01|how do you dry yourself|how do you dry yourself|-1|-1
117db0aadb7a-50|Signer01|there is a list of names bat|there is a list of names bat|-1|-1
117db0aadb7a-57|Signer01|then complete the sentences and say them loud|then complete the sentences and say them loud|-1|-1
117db0aadb7a-71|Signer01|learn to write now|learn to write now|-1|-1
83b6ac4a3d19-15|Signer01|a feeling of success for all the children|a feeling of success for all the children|-1|-1
83b6ac4a3d19-47|Signer01|group red let them say|group red let them say|-1|-1
83b6ac4a3d19-61|Signer01|on the walls|on the walls|-1|-1
83b6ac4a3d19-62|Signer01|on the trees|on the trees|-1|-1
83b6ac4a3d19-71|Signer01|and 1 to 10|and 1 to 10|-1|-1
77e29639c256-36|Signer01|she is feeling happy|she is feeling happy|-1|-1
77e29639c256-43|Signer01|to draw k|to draw k|-1|-1
77e29639c256-49|Signer01|yes now you can see a rat|yes now you can see a rat|-1|-1
77e29639c256-53|Signer01|f for fish|f for fish|-1|-1
77e29639c256-109|Signer01|here you can see pictures of the word said|here you can see pictures of the word said|-1|-1
2011b172755b-8|Signer01|he ate it up oh no|he ate it up oh no|-1|-1
2011b172755b-21|Signer01|let read i love plants|let read i love plants|-1|-1
2011b172755b-30|Signer01|what are the other things|what are the other things|-1|-1
2011b172755b-54|Signer01|to complete the red rose|to complete the red rose|-1|-1
2011b172755b-61|Signer01|red plus blue is purple|red plus blue is purple|-1|-1
7cd20394895c-29|Signer01|new words learnt from the story|new words learnt from the story|-1|-1
7cd20394895c-33|Signer01|i like eating a mango|i like eating a mango|-1|-1
7cd20394895c-52|Signer01|here in this picture you can see the lady bird|here in this picture you can see the lady bird|-1|-1
7cd20394895c-67|Signer01|draw over the dotted lines|draw over the dotted lines|-1|-1
7cd20394895c-69|Signer01|trace over the dotted lines to finish the picture|trace over the dotted lines to finish the picture|-1|-1
4b41f9df012f-13|Signer01|match the pictures with the words|match the pictures with the words|-1|-1
4b41f9df012f-51|Signer01|say the names of vegetables and fruits that you know|say the names of vegetables and fruits that you know|-1|-1
4b41f9df012f-77|Signer01|write the sentences on the board|write the sentences on the board|-1|-1
4b41f9df012f-94|Signer01|trace along the dotted lines|trace along the dotted lines|-1|-1
4b41f9df012f-108|Signer01|page number 20|page number 20|-1|-1
d494f4d97eb5-3|Signer01|who am i i am|who am i i am|-1|-1
d494f4d97eb5-9|Signer01|1 one by one say your names 2 sit|1 one by one say your names 2 sit|-1|-1
d494f4d97eb5-14|Signer01|play the game with them page number|play the game with them page number|-1|-1
d494f4d97eb5-15|Signer01|21 let try this|21 let try this|-1|-1
d494f4d97eb5-28|Signer01|page number 22 small letter t|page number 22 small letter t|-1|-1
a6301b463ff0-23|Signer01|the king lives here|the king lives here|-1|-1
a6301b463ff0-31|Signer01|off we are|off we are|-1|-1
a6301b463ff0-43|Signer01|in the end|in the end|-1|-1
a6301b463ff0-73|Signer01|second one is fall start|second one is fall start|-1|-1
a6301b463ff0-96|Signer01|lives here the|lives here the|-1|-1
39b5990995ba-3|Signer01|this is your page|this is your page|-1|-1
39b5990995ba-15|Signer01|for classroom teaching|for classroom teaching|-1|-1
39b5990995ba-21|Signer01|read the story aloud slowly|read the story aloud slowly|-1|-1
39b5990995ba-32|Signer01|when the rain is falling|when the rain is falling|-1|-1
39b5990995ba-50|Signer01|new words about 10 each week|new words about 10 each week|-1|-1
43043aa04251-74|Signer01|fill in the blanks using the correct given words|fill in the blanks using the correct given words|-1|-1
43043aa04251-91|Signer01|the line is in the|the line is in the|-1|-1
43043aa04251-115|Signer01|but the water is dash 6|but the water is dash 6|-1|-1
43043aa04251-139|Signer01|to send information and the eyes to receive them|to send information and the eyes to receive them|-1|-1
43043aa04251-142|Signer01|is a part of total communication method used with people who are hard of hearing|is a part of total communication method used with people who are hard of hearing|-1|-1
d80b02f1b480-11|Signer01|into my bed|into my bed|-1|-1
d80b02f1b480-38|Signer01|4 read the lines from the poem and answer the following|4 read the lines from the poem and answer the following|-1|-1
d80b02f1b480-76|Signer01|touch a flower|touch a flower|-1|-1
d80b02f1b480-83|Signer01|i saw many houses blank|i saw many houses blank|-1|-1
d80b02f1b480-90|Signer01|the poem blank|the poem blank|-1|-1
6422c75b4261-6|Signer01|we were both very happy|we were both very happy|-1|-1
6422c75b4261-34|Signer01|i picked some books|i picked some books|-1|-1
6422c75b4261-40|Signer01|it was very quiet there was no sound one hour passed|it was very quiet there was no sound one hour passed|-1|-1
6422c75b4261-84|Signer01|tell the class|tell the class|-1|-1
6422c75b4261-102|Signer01|blank b i shall blank c i shall blank d i shall|blank b i shall blank c i shall blank d i shall|-1|-1
9f1c001437d8-17|Signer01|2 as shown in the picture|2 as shown in the picture|-1|-1
9f1c001437d8-46|Signer01|do you know|do you know|-1|-1
9f1c001437d8-48|Signer01|2000 years ago in india|2000 years ago in india|-1|-1
9f1c001437d8-59|Signer01|enjoy and read the poem|enjoy and read the poem|-1|-1
9f1c001437d8-64|Signer01|read about history go back in time|read about history go back in time|-1|-1
831fec5793da-18|Signer01|who is mr nobody|who is mr nobody|-1|-1
831fec5793da-45|Signer01|one a mouse ran into the house|one a mouse ran into the house|-1|-1
831fec5793da-50|Signer01|make groups of five children each|make groups of five children each|-1|-1
831fec5793da-67|Signer01|dash r m s|dash r m s|-1|-1
831fec5793da-81|Signer01|write your mother name as ram did|write your mother name as ram did|-1|-1
dac1fcc8319a-88|Signer01|came to visit us on monday|came to visit us on monday|-1|-1
dac1fcc8319a-91|Signer01|the man is running and the dash is walking|the man is running and the dash is walking|-1|-1
dac1fcc8319a-102|Signer01|and is the winner|and is the winner|-1|-1
dac1fcc8319a-132|Signer01|let find out what happens|let find out what happens|-1|-1
dac1fcc8319a-159|Signer01|to complete the sentence get up early in the morning|to complete the sentence get up early in the morning|-1|-1
8cfebb40f2b9-25|Signer01|was too soft but the tiny little bed was just right|was too soft but the tiny little bed was just right|-1|-1
8cfebb40f2b9-45|Signer01|when i am hungry i eat a lot|when i am hungry i eat a lot|-1|-1
8cfebb40f2b9-80|Signer01|now form them into sentences of your own|now form them into sentences of your own|-1|-1
8cfebb40f2b9-86|Signer01|to see what he could see see see|to see what he could see see see|-1|-1
8cfebb40f2b9-93|Signer01|look at what they did|look at what they did|-1|-1
fb456e054e47-19|Signer01|now imagine and write|now imagine and write|-1|-1
fb456e054e47-38|Signer01|read out the text to them|read out the text to them|-1|-1
fb456e054e47-54|Signer01|what is the younger girl doing|what is the younger girl doing|-1|-1
fb456e054e47-102|Signer01|you see the pictures and complete the boxes|you see the pictures and complete the boxes|-1|-1
fb456e054e47-105|Signer01|you can see animals like cow|you can see animals like cow|-1|-1
809a3a5e02d1-12|Signer01|the baby may not live|the baby may not live|-1|-1
809a3a5e02d1-21|Signer01|give the poor child what she wants|give the poor child what she wants|-1|-1
809a3a5e02d1-54|Signer01|she understood that words were the most important things in the world|she understood that words were the most important things in the world|-1|-1
809a3a5e02d1-105|Signer01|d she was kind|d she was kind|-1|-1
809a3a5e02d1-121|Signer01|in second column option always is given|in second column option always is given|-1|-1
2b2718e10f2f-49|Signer01|list as many summer activities as you can the space is given below 4|list as many summer activities as you can the space is given below 4|-1|-1
2b2718e10f2f-51|Signer01|you have the following space|you have the following space|-1|-1
2b2718e10f2f-79|Signer01|find out and write a report|find out and write a report|-1|-1
2b2718e10f2f-156|Signer01|you have a space below page 9|you have a space below page 9|-1|-1
2b2718e10f2f-159|Signer01|the ice cream from north india|the ice cream from north india|-1|-1
f8fc65200887-30|Signer01|to play cricket we need|to play cricket we need|-1|-1
f8fc65200887-43|Signer01|words from the poem|words from the poem|-1|-1
f8fc65200887-114|Signer01|page 26 2|page 26 2|-1|-1
f8fc65200887-116|Signer01|and as a group|and as a group|-1|-1
f8fc65200887-170|Signer01|cannot - cannot|cannot - cannot|-1|-1
9b0136913690-5|Signer01|ruled over a large kingdom|ruled over a large kingdom|-1|-1
9b0136913690-66|Signer01|he could not help talking|he could not help talking|-1|-1
9b0136913690-76|Signer01|be quick and finish your work|be quick and finish your work|-1|-1
9b0136913690-104|Signer01|a sweet dish served after the main meal|a sweet dish served after the main meal|-1|-1
9b0136913690-115|Signer01|write true or false one|write true or false one|-1|-1
b005df5e411b-12|Signer01|she a nobody friend|she a nobody friend|-1|-1
b005df5e411b-38|Signer01|can you describe him or her|can you describe him or her|-1|-1
b005df5e411b-55|Signer01|the word never|the word never|-1|-1
b005df5e411b-57|Signer01|here are some other no words read them nobody|here are some other no words read them nobody|-1|-1
b005df5e411b-100|Signer01|you are a true friend|you are a true friend|-1|-1
3a6cfc943757-4|Signer01|what would you call such a child|what would you call such a child|-1|-1
3a6cfc943757-31|Signer01|he would eat it all by himself|he would eat it all by himself|-1|-1
3a6cfc943757-81|Signer01|on the right answer|on the right answer|-1|-1
3a6cfc943757-83|Signer01|because he would not talk to anyone 3|because he would not talk to anyone 3|-1|-1
3a6cfc943757-88|Signer01|many friends two|many friends two|-1|-1
ac7d5b8ebe26-7|Signer01|when it is happy|when it is happy|-1|-1
ac7d5b8ebe26-8|Signer01|here is our national flag|here is our national flag|-1|-1
ac7d5b8ebe26-17|Signer01|is dark blue|is dark blue|-1|-1
ac7d5b8ebe26-59|Signer01|first one that is done for you is|first one that is done for you is|-1|-1
ac7d5b8ebe26-77|Signer01|this animal lives in the desert|this animal lives in the desert|-1|-1
817976f7db2d-1|Signer01|lesson number 14 poem|lesson number 14 poem|-1|-1
817976f7db2d-20|Signer01|find six colors in the grid given below|find six colors in the grid given below|-1|-1
817976f7db2d-45|Signer01|what is this the answer is a bird|what is this the answer is a bird|-1|-1
817976f7db2d-59|Signer01|what is green answer|what is green answer|-1|-1
817976f7db2d-65|Signer01|page number 60 7|page number 60 7|-1|-1
0726445c45f9-15|Signer01|what about those lovely white shoes you saw last week|what about those lovely white shoes you saw last week|-1|-1
0726445c45f9-69|Signer01|page 19 write|page 19 write|-1|-1
0726445c45f9-72|Signer01|dash four dash five|dash four dash five|-1|-1
0726445c45f9-75|Signer01|would you like to have birds visiting you every day|would you like to have birds visiting you every day|-1|-1
0726445c45f9-108|Signer01|a dash rose|a dash rose|-1|-1
98f6b084cc67-13|Signer01|to a happy life|to a happy life|-1|-1
98f6b084cc67-28|Signer01|it is spoken in karnataka|it is spoken in karnataka|-1|-1
98f6b084cc67-30|Signer01|the people of assam speak this language|the people of assam speak this language|-1|-1
98f6b084cc67-33|Signer01|you can hear this spoken in maharashtra|you can hear this spoken in maharashtra|-1|-1
98f6b084cc67-36|Signer01|the people of kerala speak this language 6|the people of kerala speak this language 6|-1|-1
8957c2f13262-3|Signer01|actions we do|actions we do|-1|-1
8957c2f13262-11|Signer01|and here in this picture|and here in this picture|-1|-1
8957c2f13262-32|Signer01|this is my nose this is my hair|this is my nose this is my hair|-1|-1
8957c2f13262-38|Signer01|these are my hands|these are my hands|-1|-1
8957c2f13262-39|Signer01|to the teacher help the children say the sentences|to the teacher help the children say the sentences|-1|-1
a7eab839fcdc-7|Signer01|sing with me today wave your hand and clap clap clap clap clap clap clap|sing with me today wave your hand and clap clap clap clap clap clap clap|-1|-1
a7eab839fcdc-17|Signer01|and clap clap clap clap clap clap|and clap clap clap clap clap clap|-1|-1
a7eab839fcdc-18|Signer01|clap clap clap turn around|clap clap clap turn around|-1|-1
a7eab839fcdc-24|Signer01|in the poem 4|in the poem 4|-1|-1
a7eab839fcdc-27|Signer01|and make the children repeat it after you help them on the line|and make the children repeat it after you help them on the line|-1|-1
e90d992d5756-2|Signer01|hello it is morning|hello it is morning|-1|-1
e90d992d5756-7|Signer01|it is evening|it is evening|-1|-1
e90d992d5756-12|Signer01|and go to bed|and go to bed|-1|-1
e90d992d5756-57|Signer01|in the following sentences|in the following sentences|-1|-1
e90d992d5756-101|Signer01|listen to the teacher and tick the word|listen to the teacher and tick the word|-1|-1
3b43e5cc0495-10|Signer01|it is just like new|it is just like new|-1|-1
3b43e5cc0495-11|Signer01|i am a traffic police woman|i am a traffic police woman|-1|-1
3b43e5cc0495-12|Signer01|i stand just so|i stand just so|-1|-1
3b43e5cc0495-14|Signer01|telling cars to go|telling cars to go|-1|-1
3b43e5cc0495-23|Signer01|on the left side we have pictures of|on the left side we have pictures of|-1|-1
a008d40f8e85-20|Signer01|if the sea is blue|if the sea is blue|-1|-1
a008d40f8e85-27|Signer01|how did you feel angry|how did you feel angry|-1|-1
a008d40f8e85-31|Signer01|who was the first friend you made|who was the first friend you made|-1|-1
a008d40f8e85-89|Signer01|dash to school|dash to school|-1|-1
a008d40f8e85-91|Signer01|dash with prince|dash with prince|-1|-1
c85ff6c14be3-20|Signer01|not if you ride on my back if you climb on my back|not if you ride on my back if you climb on my back|-1|-1
c85ff6c14be3-29|Signer01|i love books too|i love books too|-1|-1
c85ff6c14be3-32|Signer01|found that you could see so many things from the top|found that you could see so many things from the top|-1|-1
c85ff6c14be3-47|Signer01|how do you go to school what do you wear to school|how do you go to school what do you wear to school|-1|-1
c85ff6c14be3-62|Signer01|circle and lines and color them|circle and lines and color them|-1|-1
29e7bf42fd88-7|Signer01|this play is based on the famous story in hindi|this play is based on the famous story in hindi|-1|-1
29e7bf42fd88-13|Signer01|3 brothers aged 9 and 14 years|3 brothers aged 9 and 14 years|-1|-1
29e7bf42fd88-20|Signer01|when will you study|when will you study|-1|-1
29e7bf42fd88-26|Signer01|sometimes it takes me two years to do one year work|sometimes it takes me two years to do one year work|-1|-1
29e7bf42fd88-38|Signer01|cannot you sit down and study|cannot you sit down and study|-1|-1
b43a1342f8f5-44|Signer01|i remember you and baba a lot|i remember you and baba a lot|-1|-1
b43a1342f8f5-71|Signer01|this was because they had to work hard but were never given enough to eat|this was because they had to work hard but were never given enough to eat|-1|-1
b43a1342f8f5-112|Signer01|remove the last two letters|remove the last two letters|-1|-1
b43a1342f8f5-142|Signer01|2 choose the correct word and|2 choose the correct word and|-1|-1
b43a1342f8f5-184|Signer01|you may then present it in the class|you may then present it in the class|-1|-1
soTXzil_LzI--170|Signer01|she wanted justice 3|she wanted justice 3|-1|-1
soTXzil_LzI--172|Signer01|the condition was that he would be responsible for her welfare 5|the condition was that he would be responsible for her welfare 5|-1|-1
soTXzil_LzI--267|Signer01|i do have some close friends though|i do have some close friends though|-1|-1
soTXzil_LzI--268|Signer01|but i have no choice|but i have no choice|-1|-1
soTXzil_LzI--285|Signer01|8 do you like reading|8 do you like reading|-1|-1
a0GJqWQf2so--72|Signer01|part of the story|part of the story|-1|-1
a0GJqWQf2so--77|Signer01|quite often he would just walk into tansen house to hear him practice|quite often he would just walk into tansen house to hear him practice|-1|-1
a0GJqWQf2so--85|Signer01|how will that help us how will that help us|how will that help us how will that help us|-1|-1
a0GJqWQf2so--101|Signer01|very well my lord he said|very well my lord he said|-1|-1
a0GJqWQf2so--162|Signer01|part b did his plan work and how|part b did his plan work and how|-1|-1
jDy4C7B8OwI--75|Signer01|in the bottom of this page a picture is shown|in the bottom of this page a picture is shown|-1|-1
jDy4C7B8OwI--99|Signer01|100 to 200 meters|100 to 200 meters|-1|-1
jDy4C7B8OwI--104|Signer01|and your parents have suffered in the war|and your parents have suffered in the war|-1|-1
jDy4C7B8OwI--179|Signer01|it shows chinese indian|it shows chinese indian|-1|-1
jDy4C7B8OwI--214|Signer01|a picture is shown|a picture is shown|-1|-1
ByGP6VSsADs--8|Signer01|if the sun does not rise in the morning|if the sun does not rise in the morning|-1|-1
ByGP6VSsADs--20|Signer01|what if i get beat up|what if i get beat up|-1|-1
ByGP6VSsADs--29|Signer01|my head starts getting smaller|my head starts getting smaller|-1|-1
ByGP6VSsADs--34|Signer01|what if the bus is late|what if the bus is late|-1|-1
ByGP6VSsADs--60|Signer01|know your country|know your country|-1|-1
3AGKPSOZMmc--1|Signer01|page number one lesson one|page number one lesson one|-1|-1
3AGKPSOZMmc--7|Signer01|lived in a forest|lived in a forest|-1|-1
3AGKPSOZMmc--29|Signer01|his way and did not know where he was|his way and did not know where he was|-1|-1
3AGKPSOZMmc--51|Signer01|he now talks as they do he does not talk to me anymore|he now talks as they do he does not talk to me anymore|-1|-1
3AGKPSOZMmc--62|Signer01|one is known by the company one keeps that|one is known by the company one keeps that|-1|-1
ovYYEWMtW9M--5|Signer01|chapter number 6|chapter number 6|-1|-1
ovYYEWMtW9M--35|Signer01|if they allowed the horse to pass it meant|if they allowed the horse to pass it meant|-1|-1
ovYYEWMtW9M--62|Signer01|we have many books|we have many books|-1|-1
ovYYEWMtW9M--164|Signer01|these are extremely fine to touch|these are extremely fine to touch|-1|-1
ovYYEWMtW9M--239|Signer01|may have had to work for a day every month for the king|may have had to work for a day every month for the king|-1|-1
zoBP39jyRMs--62|Signer01|map 7 page number|map 7 page number|-1|-1
zoBP39jyRMs--144|Signer01|looks at the women or talks about anything other than the work|looks at the women or talks about anything other than the work|-1|-1
zoBP39jyRMs--145|Signer01|he should be punished|he should be punished|-1|-1
zoBP39jyRMs--148|Signer01|make a list of all the women|make a list of all the women|-1|-1
zoBP39jyRMs--190|Signer01|europe north africa|europe north africa|-1|-1
Nn9spzBqmMs--47|Signer01|at about this time his parents died|at about this time his parents died|-1|-1
Nn9spzBqmMs--89|Signer01|we do not think tansen is a great singer|we do not think tansen is a great singer|-1|-1
Nn9spzBqmMs--102|Signer01|page number 18|page number 18|-1|-1
Nn9spzBqmMs--106|Signer01|it will bring rain|it will bring rain|-1|-1
Nn9spzBqmMs--156|Signer01|did he take to save himself|did he take to save himself|-1|-1
UbhONRGm-90--33|Signer01|would you really want to go there|would you really want to go there|-1|-1
UbhONRGm-90--52|Signer01|who was ready to set out west|who was ready to set out west|-1|-1
UbhONRGm-90--68|Signer01|it dark and i cannot see you come here and show me the way|it dark and i cannot see you come here and show me the way|-1|-1
UbhONRGm-90--99|Signer01|question number five why did vijay singh say|question number five why did vijay singh say|-1|-1
UbhONRGm-90--217|Signer01|think it was|think it was|-1|-1
nIjAEHi-6HU--8|Signer01|find out what your friend ate today|find out what your friend ate today|-1|-1
s8BUs77tQZ4--12|Signer01|imagine his surprise when he was told|imagine his surprise when he was told|-1|-1
s8BUs77tQZ4--63|Signer01|some of whose capitals are marked with red dots on the map|some of whose capitals are marked with red dots on the map|-1|-1
s8BUs77tQZ4--77|Signer01|who submitted to him and offered daughters in marriage|who submitted to him and offered daughters in marriage|-1|-1
s8BUs77tQZ4--162|Signer01|see map number 7|see map number 7|-1|-1
s8BUs77tQZ4--174|Signer01|look at political map of india and list the present day states|look at political map of india and list the present day states|-1|-1
6Ht4naTvGCE--4|Signer01|imagine a world without language|imagine a world without language|-1|-1
6Ht4naTvGCE--6|Signer01|the words we speak|the words we speak|-1|-1
6Ht4naTvGCE--10|Signer01|and die for want of a weight|and die for want of a weight|-1|-1
6Ht4naTvGCE--16|Signer01|so that they come out clear and true|so that they come out clear and true|-1|-1
6Ht4naTvGCE--32|Signer01|the following sentences in your own words|the following sentences in your own words|-1|-1
it4GglIkMLY--15|Signer01|we can choose our own rulers today how some men became|we can choose our own rulers today how some men became|-1|-1
it4GglIkMLY--48|Signer01|page number 47|page number 47|-1|-1
it4GglIkMLY--114|Signer01|who had to serve the other three groups|who had to serve the other three groups|-1|-1
it4GglIkMLY--169|Signer01|a picture is shown in the left bottom of page number 48 it shows|a picture is shown in the left bottom of page number 48 it shows|-1|-1
it4GglIkMLY--209|Signer01|had to be found for all of this on this page|had to be found for all of this on this page|-1|-1
Zc2bgIDZ-Ks--1|Signer01|page number seven lesson|page number seven lesson|-1|-1
Zc2bgIDZ-Ks--44|Signer01|and wise governor soon spread throughout the country|and wise governor soon spread throughout the country|-1|-1
Zc2bgIDZ-Ks--52|Signer01|page number nine|page number nine|-1|-1
Zc2bgIDZ-Ks--56|Signer01|they chest contained no gold or silver|they chest contained no gold or silver|-1|-1
Zc2bgIDZ-Ks--65|Signer01|why do you always carry that iron just with you|why do you always carry that iron just with you|-1|-1
8YFALsHOQQY--61|Signer01|had great powers|had great powers|-1|-1
8YFALsHOQQY--65|Signer01|how much do you need for it|how much do you need for it|-1|-1
8YFALsHOQQY--73|Signer01|the man wrote|the man wrote|-1|-1
8YFALsHOQQY--83|Signer01|why do you think he had come to the shop question number three|why do you think he had come to the shop question number three|-1|-1
8YFALsHOQQY--92|Signer01|the watch was nothing special|the watch was nothing special|-1|-1
UbSkIyCl70A--18|Signer01|would encourage these changes|would encourage these changes|-1|-1
UbSkIyCl70A--109|Signer01|when he heard that they did|when he heard that they did|-1|-1
UbSkIyCl70A--158|Signer01|were not considered citizens|were not considered citizens|-1|-1
UbSkIyCl70A--207|Signer01|north or south 8|north or south 8|-1|-1
UbSkIyCl70A--208|Signer01|find out whether any of the groups mentioned|find out whether any of the groups mentioned|-1|-1
1_DthSKKZDU_d|Signer01|to show or make something clear|to show or make something clear|-1|-1
2H-t8bYQGUE_d|Signer01|able to change or be changed easily according to the situation|able to change or be changed easily according to the situation|-1|-1
2rrQeCAecbU_d|Signer01|to limit an activity person or problem in some way|to limit an activity person or problem in some way|-1|-1
4dTj4Awahks_d|Signer01|in a way that is not clearly expressed known described or decided|in a way that is not clearly expressed known described or decided|-1|-1
4QYv6IFjNbQ_d|Signer01|to fail to guess or understand the real cost size difficulty etc of something|to fail to guess or understand the real cost size difficulty etc of something|-1|-1
4RdjdI90j0M_d|Signer01|waiting to happen|waiting to happen|-1|-1
6MxCP_583q8_d|Signer01|of or from a long time ago having lasted for a very long time|of or from a long time ago having lasted for a very long time|-1|-1
6VINDvdwb_E_d|Signer01|to cause or allow something to continue for a period of time|to cause or allow something to continue for a period of time|-1|-1
8pwnTDtKBE0_d|Signer01|she stood up and walked towards him|she stood up and walked towards him|-1|-1
a8vtO4iAq6g_d|Signer01|a house or other building and the land on which it is built|a house or other building and the land on which it is built|-1|-1
AHaC7ncPHjM_d|Signer01|including many different types of people or things|including many different types of people or things|-1|-1
atCTXG7PL_E_d|Signer01|to think carefully and for a long period about something|to think carefully and for a long period about something|-1|-1
azo6kLMV32E_e1|Signer01|nobody agreed with me|nobody agreed with me|-1|-1
BaSt1HrxXq0_d|Signer01|to stop or prevent someone or something from entering a place|to stop or prevent someone or something from entering a place|-1|-1
bJA2HuIKJTQ_e2|Signer01|i do not agree at all i am afraid|i do not agree at all i am afraid|-1|-1
-c5cUfu5gLU_d|Signer01|to keep someone happy especially for a short time|to keep someone happy especially for a short time|-1|-1
ci_iGsLDZ9w_d|Signer01|most important or best leading|most important or best leading|-1|-1
DAncSE6TBaA_d|Signer01|chief executive officer the person with the most important position in a company|chief executive officer the person with the most important position in a company|-1|-1
DB9Z1FczZoM_d|Signer01|to keep or continue to have something|to keep or continue to have something|-1|-1
DEqpFLzcLXY_e1|Signer01|please call this number if you require any further information|please call this number if you require any further information|-1|-1
DEqpFLzcLXY_e3|Signer01|this project will require massive investment|this project will require massive investment|-1|-1
DJdvsTI55Rg_d|Signer01|a general agreement|a general agreement|-1|-1
DqMYRnRJ94E_e4|Signer01|the family are struggling to survive on very little money|the family are struggling to survive on very little money|-1|-1
dqSzE5KFNZA_d|Signer01|before the present time|before the present time|-1|-1
dqSzE5KFNZA_e1|Signer01|i have already told her but she will not listen to me either|i have already told her but she will not listen to me either|-1|-1
eie6yTNbN4k_d|Signer01|a duty or responsibility that is hard to bear|a duty or responsibility that is hard to bear|-1|-1
F0kiWvgS_Mo_d|Signer01|to have someone work or do a job for you and pay them for it|to have someone work or do a job for you and pay them for it|-1|-1
f6Iw1o3XV14_d|Signer01|to make someone angry|to make someone angry|-1|-1
F6VCtv2uMzY_d|Signer01|someone who tells funny or interesting stories|someone who tells funny or interesting stories|-1|-1
FRLkJ9K3sVQ_d|Signer01|to force someone to do something|to force someone to do something|-1|-1
fsV1Qztx9wE_d|Signer01|to increase in size number or importance or to make something increase in this way|to increase in size number or importance or to make something increase in this way|-1|-1
Fwfx0nVgcFk_e2|Signer01|he thought his whole world had collapsed when his wife died|he thought his whole world had collapsed when his wife died|-1|-1
G4uo3UzqvGc_d|Signer01|to keep someone or something safe from injury damage or loss|to keep someone or something safe from injury damage or loss|-1|-1
G4uo3UzqvGc_e1|Signer01|surely the function of the law is to protect everyone rights|surely the function of the law is to protect everyone rights|-1|-1
GbSl8yhZDv8_e1|Signer01|he asked her out on a date|he asked her out on a date|-1|-1
-Gf2SGGyb4Y_d|Signer01|very great surprise|very great surprise|-1|-1
gFlhA6DWhFA_d|Signer01|in the correct way or at the correct time as expected|in the correct way or at the correct time as expected|-1|-1
gM7W5P_OrvQ_d|Signer01|to cause something or someone to change in form or character|to cause something or someone to change in form or character|-1|-1
gM7W5P_OrvQ_e2|Signer01|most of the families in the community converted recently|most of the families in the community converted recently|-1|-1
H8GPCrTnXjM_d|Signer01|to be happy to do something if it needed|to be happy to do something if it needed|-1|-1
HaqqVsp2BuE_e1|Signer01|i did not actually see her - i just heard her voice|i did not actually see her - i just heard her voice|-1|-1
HYuXJFqNOtk_d|Signer01|to give freedom or free movement to someone or something|to give freedom or free movement to someone or something|-1|-1
ICg_JsFuHVs_d|Signer01|to explain something or make something clear|to explain something or make something clear|-1|-1
IcTCDlydAHk_e4|Signer01|the doctors are doing all that they can but she still not breathing properly|the doctors are doing all that they can but she still not breathing properly|-1|-1
IfXpH2RFlP4_d|Signer01|to cause something to break suddenly into very small pieces|to cause something to break suddenly into very small pieces|-1|-1
Ihhwph3nCnI_d|Signer01|a strong wish especially one that is difficult or impossible to control|a strong wish especially one that is difficult or impossible to control|-1|-1
IK7897iu8Yw_e4|Signer01|he reported to his teacher|he reported to his teacher|-1|-1
J1xPH6Rugio_d|Signer01|to make use of something|to make use of something|-1|-1
j60L0ng_gGs_e3|Signer01|make certain that we have enough drink for the party|make certain that we have enough drink for the party|-1|-1
JHTL19FXRDs_d|Signer01|very shocked or surprised|very shocked or surprised|-1|-1
JHTL19FXRDs_e3|Signer01|he looked completely stunned|he looked completely stunned|-1|-1
jkNrqIsk3v0_e4|Signer01|after her month sick leave she was summoned to see the company welfare officer|after her month sick leave she was summoned to see the company welfare officer|-1|-1
jO3GFm_acBs_e2|Signer01|the two lines of children moved slowly apart|the two lines of children moved slowly apart|-1|-1
Jq3XIYZKLPc_d|Signer01|the number 1 000 000|the number 1 000 000|-1|-1
Kiokngu9sGI_d|Signer01|fixed in place and impossible to move|fixed in place and impossible to move|-1|-1
KiOQbd1JaDg_e2|Signer01|could you help me to pick out the yellow pieces|could you help me to pick out the yellow pieces|-1|-1
kJA8CfMH3Kg_d|Signer01|to show that something is very important or worth giving attention to|to show that something is very important or worth giving attention to|-1|-1
KJrJbhqosag_d|Signer01|the reason for pain worry or a problem|the reason for pain worry or a problem|-1|-1
KQpXEZpNF1s_d|Signer01|completely or in total|completely or in total|-1|-1
ksOfiEDqudU_d|Signer01|able to use both hands equally well|able to use both hands equally well|-1|-1
LKlGF65Xgm0_d|Signer01|to grow or develop successfully|to grow or develop successfully|-1|-1
lth5T4A_6Bw_d|Signer01|the freedom to live as you wish or go where you want|the freedom to live as you wish or go where you want|-1|-1
mb920DFo394_e3|Signer01|the books on this list are essential reading for the course|the books on this list are essential reading for the course|-1|-1
MFZJTpIvwio_d|Signer01|not far away|not far away|-1|-1
Miy-F4TYnso_e2|Signer01|i went to an employment agency last week|i went to an employment agency last week|-1|-1
Miy-F4TYnso_e3|Signer01|the french news agency put out a statement from the trade minister|the french news agency put out a statement from the trade minister|-1|-1
mtVcZlcW_sg_d|Signer01|of very bad quality|of very bad quality|-1|-1
mutZAFDJmKI_e3|Signer01|i came to the bus stop to see my friend off|i came to the bus stop to see my friend off|-1|-1
mutZAFDJmKI_e4|Signer01|they went to see off their son|they went to see off their son|-1|-1
N6jpL7uibFI_d|Signer01|to make someone feel that they want to do something and can do it|to make someone feel that they want to do something and can do it|-1|-1
n-9gQsRj0kY_w|Signer01|via - 1|via - 1|-1|-1
NaADM_m9FSI_d|Signer01|to correct something or make something right|to correct something or make something right|-1|-1
NCi0-MMvDMU_e2|Signer01|that seems expensive - have you compared prices in other shop|that seems expensive - have you compared prices in other shop|-1|-1
nfhqebRoL08_d|Signer01|without anyone or anything else being involved or between|without anyone or anything else being involved or between|-1|-1
nq9PduKLbQc_d|Signer01|a situation causing difficulty or trouble|a situation causing difficulty or trouble|-1|-1
OaP4MPsTaPI_d|Signer01|all of entire|all of entire|-1|-1
oCXHxL16lGg_d|Signer01|an amount or supply that is not large enough|an amount or supply that is not large enough|-1|-1
oGNdvacriUo_e1|Signer01|she has been removed from her position as director|she has been removed from her position as director|-1|-1
ojXO5l3LfoM_d|Signer01|close to a particular number or time although not exactly that number or time|close to a particular number or time although not exactly that number or time|-1|-1
ojXO5l3LfoM_e4|Signer01|a journey of approximately two hours|a journey of approximately two hours|-1|-1
OmSt-ldl6_A_e1|Signer01|the meeting has been arranged for wednesday|the meeting has been arranged for wednesday|-1|-1
OmSt-ldl6_A_e2|Signer01|they arranged to have dinner the following month|they arranged to have dinner the following month|-1|-1
OmSt-ldl6_A_e4|Signer01|my friends arranged to eat with me|my friends arranged to eat with me|-1|-1
ON6mteoL6yg_e1|Signer01|the electricity has been turned off|the electricity has been turned off|-1|-1
OpaA62WVcgE_d|Signer01|a short journey either to take a message or to take or collect something|a short journey either to take a message or to take or collect something|-1|-1
pBU_tMBIM9E_d|Signer01|to stop something from happening or someone from doing something|to stop something from happening or someone from doing something|-1|-1
pKSDna_7WYE_d|Signer01|in a way that is complete and not limited in any way|in a way that is complete and not limited in any way|-1|-1
Qa_xoeJIJBs_d|Signer01|to start to be|to start to be|-1|-1
qGj5J3oI100_d|Signer01|not either of two things or people|not either of two things or people|-1|-1
qItgIgZzXnc_d|Signer01|to change your ideas or behaviour to make them suitable for a new situation|to change your ideas or behaviour to make them suitable for a new situation|-1|-1
qpuq0EtCurU_d|Signer01|causing very great pain difficulty worry damage etc very serious|causing very great pain difficulty worry damage etc very serious|-1|-1
qpuq0EtCurU_e1|Signer01|this is a school for children with severe learning difficulties|this is a school for children with severe learning difficulties|-1|-1
rD5qE7Z3QaM_d|Signer01|to watch what is happening and be careful|to watch what is happening and be careful|-1|-1
RIwfym39VVM_d|Signer01|a person or animal that lives in a particular place|a person or animal that lives in a particular place|-1|-1
rKV7gMudw_o_d|Signer01|to say what is going to happen in the future|to say what is going to happen in the future|-1|-1
s5ev9o9-Hj4_d|Signer01|to keep a group of people interested or enjoying themselves|to keep a group of people interested or enjoying themselves|-1|-1
sdmxMoHYuoU_d|Signer01|something that you plan to do or achieve|something that you plan to do or achieve|-1|-1
SVXQA7MYbQg_d|Signer01|to leave someone for ever especially when they need you|to leave someone for ever especially when they need you|-1|-1
T21xaGEl3ks_e4|Signer01|she announced the winner of the competition to an excited audience|she announced the winner of the competition to an excited audience|-1|-1
T_IbLgT7PhE_d|Signer01|not interesting or exciting in any way|not interesting or exciting in any way|-1|-1
tjgCta6iTgs_e1|Signer01|he due to appear in court again on monday|he due to appear in court again on monday|-1|-1
Tnqdxu8niOQ_d|Signer01|to allow something|to allow something|-1|-1
Tnqdxu8niOQ_e4|Signer01|my mother permitted me to go to the movies|my mother permitted me to go to the movies|-1|-1
U-FDYYp3OfI_e1|Signer01|a television newspaper advertisement for a new car|a television newspaper advertisement for a new car|-1|-1
U-FDYYp3OfI_e2|Signer01|please post up this advertisement for our movie in your shop window|please post up this advertisement for our movie in your shop window|-1|-1
UPof0XUr0kU_e1|Signer01|i am learning how to budget|i am learning how to budget|-1|-1
UPof0XUr0kU_e3|Signer01|budget is the most important thing|budget is the most important thing|-1|-1
V3NiqtfUBm4_d|Signer01|conversation that is written for a book play or film|conversation that is written for a book play or film|-1|-1
veDy2PmkmFU_d|Signer01|one of the parts of a system process or machine|one of the parts of a system process or machine|-1|-1
vK4PBDsRZ1E_d|Signer01|to move further away into the distance or to become less clear or less bright|to move further away into the distance or to become less clear or less bright|-1|-1
W0LkToF-EPw_d|Signer01|to have too many of something or give someone too much to do|to have too many of something or give someone too much to do|-1|-1
WabgM-SmPzU_e2|Signer01|how many candidates are there for the job|how many candidates are there for the job|-1|-1
WerZ1Hp6IDA_e2|Signer01|she called off the wedding|she called off the wedding|-1|-1
WerZ1Hp6IDA_e3|Signer01|if we have much more rain the game might be called off|if we have much more rain the game might be called off|-1|-1
WerZ1Hp6IDA_e4|Signer01|since the weather is bad let call off the trip|since the weather is bad let call off the trip|-1|-1
wIZfRACbuPo_e1|Signer01|the funeral will be held next friday|the funeral will be held next friday|-1|-1
w_xCnJVyPYA_e3|Signer01|she was punished for being late to school|she was punished for being late to school|-1|-1
WxvaqYD62e4_d|Signer01|similar or related|similar or related|-1|-1
xnrRwCGEhDY_d|Signer01|using a particular machine system or person to send or receive something|using a particular machine system or person to send or receive something|-1|-1
YaFdfkMozE4_e3|Signer01|i think i may be coming down with a cold|i think i may be coming down with a cold|-1|-1
YaFdfkMozE4_w|Signer01|come down with|come down with|-1|-1
YAw1Dsv2_Jo_d|Signer01|failure to do what you should do|failure to do what you should do|-1|-1
YnvT2TZt17c_d|Signer01|a false reason that you give to explain why you do something|a false reason that you give to explain why you do something|-1|-1
Z5lCjz9u0c4_d|Signer01|if you carry on doing something you continue to do it|if you carry on doing something you continue to do it|-1|-1
Z5lCjz9u0c4_e1|Signer01|she carried on watching the tv|she carried on watching the tv|-1|-1
Z5lCjz9u0c4_e2|Signer01|carry on with your work while i am away|carry on with your work while i am away|-1|-1
ZEZpV4qEQDw_d|Signer01|to look like or be like someone or something|to look like or be like someone or something|-1|-1
Zfvba8MyFPY_d|Signer01|the people or company that make something|the people or company that make something|-1|-1
z_H7F89q_Kw_d|Signer01|to cause great damage to something|to cause great damage to something|-1|-1
ZxK9btlGW3k_d|Signer01|a change that is made to something or the process of doing this|a change that is made to something or the process of doing this|-1|-1
iuGT90_P4Qk--4|Signer01|they love doing the same things|they love doing the same things|-1|-1
iuGT90_P4Qk--51|Signer01|look at the angles marked in these shapes|look at the angles marked in these shapes|-1|-1
iuGT90_P4Qk--60|Signer01|when the angle changes the shape|when the angle changes the shape|-1|-1
iuGT90_P4Qk--75|Signer01|a are the angles marked with yellow|a are the angles marked with yellow|-1|-1
iuGT90_P4Qk--80|Signer01|are the angles marked with blue equal dash|are the angles marked with blue equal dash|-1|-1
mJ69KqzX3lU--25|Signer01|so the area of piece a is equal to|so the area of piece a is equal to|-1|-1
mJ69KqzX3lU--85|Signer01|the area in terms of square centimeters|the area in terms of square centimeters|-1|-1
mJ69KqzX3lU--96|Signer01|which is equal to dash square centimeters|which is equal to dash square centimeters|-1|-1
mJ69KqzX3lU--107|Signer01|column 2 says length|column 2 says length|-1|-1
mJ69KqzX3lU--126|Signer01|length dash with dash|length dash with dash|-1|-1
tRdqPGHDEvM--14|Signer01|1 up 1 down|1 up 1 down|-1|-1
tRdqPGHDEvM--31|Signer01|in three different ways|in three different ways|-1|-1
tRdqPGHDEvM--45|Signer01|there is a series of pictures below this|there is a series of pictures below this|-1|-1
tRdqPGHDEvM--105|Signer01|then choose what comes next from the right side of the line and|then choose what comes next from the right side of the line and|-1|-1
tRdqPGHDEvM--116|Signer01|tick mark the correct one|tick mark the correct one|-1|-1
nIjAEHi-6HU--39|Signer01|add some more items to this list|add some more items to this list|-1|-1
nIjAEHi-6HU--122|Signer01|we eat fruits of some plants|we eat fruits of some plants|-1|-1
nIjAEHi-6HU--207|Signer01|for some of them the type of food they eat|for some of them the type of food they eat|-1|-1
nIjAEHi-6HU--295|Signer01|can link in below too|can link in below too|-1|-1
NwVF-WWZ0Bc--84|Signer01|if we make a measuring bottle|if we make a measuring bottle|-1|-1
NwVF-WWZ0Bc--85|Signer01|on the table before them|on the table before them|-1|-1
NwVF-WWZ0Bc--95|Signer01|he used it to make his measuring bottle|he used it to make his measuring bottle|-1|-1
NwVF-WWZ0Bc--118|Signer01|now solve these in your mind|now solve these in your mind|-1|-1
NwVF-WWZ0Bc--162|Signer01|then how long will that line be dash centimeters|then how long will that line be dash centimeters|-1|-1
myIXH3PjvoI--11|Signer01|so its area is|so its area is|-1|-1
myIXH3PjvoI--13|Signer01|below that we have another conversation between a boy and a girl|below that we have another conversation between a boy and a girl|-1|-1
myIXH3PjvoI--17|Signer01|the girl is asking|the girl is asking|-1|-1
myIXH3PjvoI--44|Signer01|area of the big rectangle is 20 square centimeters|area of the big rectangle is 20 square centimeters|-1|-1
myIXH3PjvoI--110|Signer01|which are meeting at the top|which are meeting at the top|-1|-1
_SSJde7GrTA--71|Signer01|write b on it|write b on it|-1|-1
_SSJde7GrTA--112|Signer01|save the birds|save the birds|-1|-1
_SSJde7GrTA--153|Signer01|so he next made a 30 meter by 20 meter rectangle|so he next made a 30 meter by 20 meter rectangle|-1|-1
_SSJde7GrTA--183|Signer01|gold wire for b is equal to|gold wire for b is equal to|-1|-1
_SSJde7GrTA--187|Signer01|gold wire for c is equal to|gold wire for c is equal to|-1|-1
cjvBVQ8zgPU--11|Signer01|1 by 12|1 by 12|-1|-1
cjvBVQ8zgPU--30|Signer01|what part of the circle did you color|what part of the circle did you color|-1|-1
cjvBVQ8zgPU--106|Signer01|dash by 8|dash by 8|-1|-1
cjvBVQ8zgPU--116|Signer01|this piece is too big we cannot eat it they said|this piece is too big we cannot eat it they said|-1|-1
cjvBVQ8zgPU--117|Signer01|so he divided the pieces into half again|so he divided the pieces into half again|-1|-1
jooCtOZBfOk--7|Signer01|what happens to the water that rain and snow bring to different regions of earth|what happens to the water that rain and snow bring to different regions of earth|-1|-1
jooCtOZBfOk--76|Signer01|and some of them may even dry up|and some of them may even dry up|-1|-1
jooCtOZBfOk--100|Signer01|hence it is very important that water is used carefully|hence it is very important that water is used carefully|-1|-1
jooCtOZBfOk--157|Signer01|fill up the blanks|fill up the blanks|-1|-1
jooCtOZBfOk--201|Signer01|for each activity describe how you would do it 2|for each activity describe how you would do it 2|-1|-1
BTqVQCBPUzg--29|Signer01|5 plus 5|5 plus 5|-1|-1
BTqVQCBPUzg--42|Signer01|then write the number for each animal in the table|then write the number for each animal in the table|-1|-1
BTqVQCBPUzg--46|Signer01|what will you name it|what will you name it|-1|-1
BTqVQCBPUzg--110|Signer01|1 third of the total children|1 third of the total children|-1|-1
BTqVQCBPUzg--122|Signer01|and column 2 is about number of children column 1 things are|and column 2 is about number of children column 1 things are|-1|-1
LljUaUMMCdg--15|Signer01|some properties are discussed here|some properties are discussed here|-1|-1
LljUaUMMCdg--18|Signer01|wood looks very different from iron|wood looks very different from iron|-1|-1
LljUaUMMCdg--80|Signer01|so all to the second|so all to the second|-1|-1
LljUaUMMCdg--179|Signer01|but can you see clearly through the oil paper|but can you see clearly through the oil paper|-1|-1
LljUaUMMCdg--264|Signer01|given below are the names of some objects and materials water|given below are the names of some objects and materials water|-1|-1
CO-cLZl36nI--34|Signer01|he agreed and went inside|he agreed and went inside|-1|-1
CO-cLZl36nI--38|Signer01|dash gold coins|dash gold coins|-1|-1
CO-cLZl36nI--64|Signer01|as has already been mentioned in a blank box below the square question|as has already been mentioned in a blank box below the square question|-1|-1
CO-cLZl36nI--82|Signer01|4 by 8 blue|4 by 8 blue|-1|-1
CO-cLZl36nI--90|Signer01|3 by 16 blue|3 by 16 blue|-1|-1
c_lnlvuoTdo--22|Signer01|half of 19 is 9 and a half|half of 19 is 9 and a half|-1|-1
c_lnlvuoTdo--58|Signer01|one fourth of a day|one fourth of a day|-1|-1
c_lnlvuoTdo--69|Signer01|he plays from 7 to 8 a m|he plays from 7 to 8 a m|-1|-1
c_lnlvuoTdo--94|Signer01|did you get stuck on square d|did you get stuck on square d|-1|-1
c_lnlvuoTdo--112|Signer01|how much will it cost d|how much will it cost d|-1|-1
810SSaIhMMs--12|Signer01|buildings they can see around them|buildings they can see around them|-1|-1
810SSaIhMMs--94|Signer01|the names of the roads are also written on the map|the names of the roads are also written on the map|-1|-1
810SSaIhMMs--110|Signer01|2 cm is equal to 1 km|2 cm is equal to 1 km|-1|-1
810SSaIhMMs--112|Signer01|mark the route|mark the route|-1|-1
810SSaIhMMs--167|Signer01|this is where the king used to meet the common people|this is where the king used to meet the common people|-1|-1
pwnPigO4MuM--18|Signer01|figure 5 12|figure 5 12|-1|-1
pwnPigO4MuM--39|Signer01|take a metal plate with some ice on it|take a metal plate with some ice on it|-1|-1
pwnPigO4MuM--113|Signer01|complete this table by doing this activity yourself|complete this table by doing this activity yourself|-1|-1
pwnPigO4MuM--154|Signer01|give two examples|give two examples|-1|-1
pwnPigO4MuM--200|Signer01|thanks for watching|thanks for watching|-1|-1
R5xjlITOxCY--83|Signer01|on the paper you will find lines making a right angle|on the paper you will find lines making a right angle|-1|-1
R5xjlITOxCY--85|Signer01|and an angle more than a right angle|and an angle more than a right angle|-1|-1
R5xjlITOxCY--94|Signer01|an angle more than a right angle with your body try them out|an angle more than a right angle with your body try them out|-1|-1
R5xjlITOxCY--111|Signer01|and we can observe an angle made between the sun and the flower|and we can observe an angle made between the sun and the flower|-1|-1
R5xjlITOxCY--148|Signer01|column 4 number of angles less than or|column 4 number of angles less than or|-1|-1
e0DLg40lww8--28|Signer01|sometimes when we are hurt or have an accident|sometimes when we are hurt or have an accident|-1|-1
e0DLg40lww8--44|Signer01|it seems to have many bones|it seems to have many bones|-1|-1
e0DLg40lww8--75|Signer01|observe figure 8 13 carefully|observe figure 8 13 carefully|-1|-1
e0DLg40lww8--85|Signer01|that are not as hard as the bones|that are not as hard as the bones|-1|-1
e0DLg40lww8--110|Signer01|it became smaller in length|it became smaller in length|-1|-1
LvN9Dxq2iLY--22|Signer01|try to do it without writing down|try to do it without writing down|-1|-1
LvN9Dxq2iLY--32|Signer01|what was the number used for|what was the number used for|-1|-1
LvN9Dxq2iLY--59|Signer01|and on the top of the page towards the left|and on the top of the page towards the left|-1|-1
LvN9Dxq2iLY--102|Signer01|to buy a net|to buy a net|-1|-1
LvN9Dxq2iLY--121|Signer01|trying to catch fish|trying to catch fish|-1|-1
XXeKZUNLAk4--26|Signer01|with 12 shapes shown in different colors|with 12 shapes shown in different colors|-1|-1
XXeKZUNLAk4--45|Signer01|with one set of 12 shapes|with one set of 12 shapes|-1|-1
XXeKZUNLAk4--47|Signer01|and two kids playing on it|and two kids playing on it|-1|-1
XXeKZUNLAk4--98|Signer01|she started with a square of 2 cm side|she started with a square of 2 cm side|-1|-1
XXeKZUNLAk4--115|Signer01|in class 3 and 4 basic shapes|in class 3 and 4 basic shapes|-1|-1
9ezqwvdzW90--26|Signer01|how much did the government spend on the cow|how much did the government spend on the cow|-1|-1
9ezqwvdzW90--80|Signer01|look for the pattern and take this forward|look for the pattern and take this forward|-1|-1
9ezqwvdzW90--130|Signer01|multiplied by 4|multiplied by 4|-1|-1
9ezqwvdzW90--142|Signer01|how much will she have to pay every month|how much will she have to pay every month|-1|-1
9ezqwvdzW90--170|Signer01|how many times|how many times|-1|-1
EO2U_VoYnbs--20|Signer01|come to your mind|come to your mind|-1|-1
EO2U_VoYnbs--40|Signer01|how many times longer is your big fish|how many times longer is your big fish|-1|-1
EO2U_VoYnbs--75|Signer01|dash the fish|dash the fish|-1|-1
EO2U_VoYnbs--92|Signer01|a school of fish|a school of fish|-1|-1
EO2U_VoYnbs--97|Signer01|such as shapes|such as shapes|-1|-1
2PDVqrc3eU4--27|Signer01|the teacher says smart|the teacher says smart|-1|-1
2PDVqrc3eU4--33|Signer01|now add them see what you get|now add them see what you get|-1|-1
2PDVqrc3eU4--65|Signer01|ask your friend|ask your friend|-1|-1
2PDVqrc3eU4--77|Signer01|dash multiplied by 2 is equal to dash|dash multiplied by 2 is equal to dash|-1|-1
2PDVqrc3eU4--87|Signer01|add the number you took first to the answer|add the number you took first to the answer|-1|-1
EmijgosEFik--14|Signer01|if russia would have been a member icc had the power to arrest putin|if russia would have been a member icc had the power to arrest putin|-1|-1
EmijgosEFik--15|Signer01|since russia is not a member icc has no authority|since russia is not a member icc has no authority|-1|-1
EmijgosEFik--16|Signer01|like russia usa and india too are not members of the icc|like russia usa and india too are not members of the icc|-1|-1
EmijgosEFik--28|Signer01|now icc will wait and watch let wait for further updates|now icc will wait and watch let wait for further updates|-1|-1
2TOeLiUWgLs--3|Signer01|now a similar incident has happened in germany here is the story|now a similar incident has happened in germany here is the story|-1|-1
2TOeLiUWgLs--7|Signer01|doctors felt the injuries were serious and quickly informed the child protection services|doctors felt the injuries were serious and quickly informed the child protection services|-1|-1
2TOeLiUWgLs--9|Signer01|once the child was treated the officials took the child away|once the child was treated the officials took the child away|-1|-1
sK8DUVOr6_0--2|Signer01|oh god let me tell you about it|oh god let me tell you about it|-1|-1
sK8DUVOr6_0--10|Signer01|he was caught and sent to the jail|he was caught and sent to the jail|-1|-1
sK8DUVOr6_0--12|Signer01|this is not the first time surprisingly he was jailed earlier too|this is not the first time surprisingly he was jailed earlier too|-1|-1
sK8DUVOr6_0--18|Signer01|he has now been jailed again|he has now been jailed again|-1|-1
sK8DUVOr6_0--19|Signer01|he would have been hanged for his crime|he would have been hanged for his crime|-1|-1
6QJDGDN_N-s--3|Signer01|on 19th march 2023 at around 9 30 am|on 19th march 2023 at around 9 30 am|-1|-1
6QJDGDN_N-s--16|Signer01|once the man is found he will be questioned|once the man is found he will be questioned|-1|-1
BYDnakqvY98--2|Signer01|yes this happened let me tell you about it|yes this happened let me tell you about it|-1|-1
BYDnakqvY98--24|Signer01|a bike no one knows lets wait and watch|a bike no one knows lets wait and watch|-1|-1
crMGwNaPzgs--0|Signer01|a few days back a man called the police|a few days back a man called the police|-1|-1
crMGwNaPzgs--5|Signer01|a few days back he called up chennai police|a few days back he called up chennai police|-1|-1
crMGwNaPzgs--7|Signer01|he urged the police to check immediately|he urged the police to check immediately|-1|-1
crMGwNaPzgs--8|Signer01|the police immediately reached the railway station and the bus stand|the police immediately reached the railway station and the bus stand|-1|-1
crMGwNaPzgs--14|Signer01|it was difficult for him to get a job|it was difficult for him to get a job|-1|-1
I5hUncyv0-s--1|Signer01|which meant 13th march 2023 at about 5 am india time|which meant 13th march 2023 at about 5 am india time|-1|-1
I5hUncyv0-s--10|Signer01|it a wonderful story|it a wonderful story|-1|-1
I5hUncyv0-s--21|Signer01|it is the first indian production to win in this category|it is the first indian production to win in this category|-1|-1
I5hUncyv0-s--27|Signer01|meanwhile everything everywhere all at once won best picture best actress|meanwhile everything everywhere all at once won best picture best actress|-1|-1
I5hUncyv0-s--28|Signer01|best director and many more awards|best director and many more awards|-1|-1
sPW3P4TVS84--0|Signer01|prior to international women day on 8th march|prior to international women day on 8th march|-1|-1
sPW3P4TVS84--16|Signer01|the women then recording a video message which went viral|the women then recording a video message which went viral|-1|-1
sPW3P4TVS84--19|Signer01|we do not want this incident to create panic among others|we do not want this incident to create panic among others|-1|-1
sPW3P4TVS84--20|Signer01|in the viral video message they also said|in the viral video message they also said|-1|-1
sPW3P4TVS84--25|Signer01|people wondered what the problem was in standing on the road|people wondered what the problem was in standing on the road|-1|-1
SloqP1TRrIw--4|Signer01|the man was then arrested let me tell you about the incident|the man was then arrested let me tell you about the incident|-1|-1
SloqP1TRrIw--6|Signer01|shockingly he was involved in illegal gold business and was arrested|shockingly he was involved in illegal gold business and was arrested|-1|-1
SloqP1TRrIw--21|Signer01|currently in india taxes and charges on gold add 20 percent to the price|currently in india taxes and charges on gold add 20 percent to the price|-1|-1
SloqP1TRrIw--22|Signer01|there is a huge demand for gold in india but it is too expensive|there is a huge demand for gold in india but it is too expensive|-1|-1
a-r4s-l0BxI--0|Signer01|do you remember the pulwama attack of 2019|do you remember the pulwama attack of 2019|-1|-1
a-r4s-l0BxI--10|Signer01|people were upset with what was mentioned in the letter|people were upset with what was mentioned in the letter|-1|-1
a-r4s-l0BxI--17|Signer01|no other relative is given job|no other relative is given job|-1|-1
a-r4s-l0BxI--19|Signer01|all indian states follow the same system|all indian states follow the same system|-1|-1
a-r4s-l0BxI--24|Signer01|people were angry with the cm letter|people were angry with the cm letter|-1|-1
WYJmtFWBcMA--12|Signer01|however many were injured and rushed to the hospital|however many were injured and rushed to the hospital|-1|-1
MS_7xQAFsvs--11|Signer01|was it from russia or pakistan or canada china or any other country|was it from russia or pakistan or canada china or any other country|-1|-1
MS_7xQAFsvs--13|Signer01|investigation is going on and updates will be shared|investigation is going on and updates will be shared|-1|-1
MS_7xQAFsvs--16|Signer01|however nowadays technology has changed and we have email and phone services|however nowadays technology has changed and we have email and phone services|-1|-1
MS_7xQAFsvs--20|Signer01|in similar incident in december 2022 in canada|in similar incident in december 2022 in canada|-1|-1
MS_7xQAFsvs--26|Signer01|now a similar incident occurred in india|now a similar incident occurred in india|-1|-1
luybAM0OP88--1|Signer01|on 8th march 2023 he passed away shocking|on 8th march 2023 he passed away shocking|-1|-1
luybAM0OP88--7|Signer01|his body would be brought to is home in mumbai|his body would be brought to is home in mumbai|-1|-1
luybAM0OP88--17|Signer01|he had shared photos of the party on social media|he had shared photos of the party on social media|-1|-1
luybAM0OP88--24|Signer01|in which he acted as the cook who helped the children|in which he acted as the cook who helped the children|-1|-1
luybAM0OP88--29|Signer01|he later directed many popular films wonderful is not it|he later directed many popular films wonderful is not it|-1|-1
oJfvo4jQmbU--0|Signer01|let me tell you about a strange incident|let me tell you about a strange incident|-1|-1
oJfvo4jQmbU--25|Signer01|united airlines said “the authorities would decide about the punishment|united airlines said “the authorities would decide about the punishment|-1|-1
oJfvo4jQmbU--27|Signer01|safety is our priority this customer will be banned from flying on united airlines ”|safety is our priority this customer will be banned from flying on united airlines ”|-1|-1
f0BnawgC71g--3|Signer01|really let me tell you about it|really let me tell you about it|-1|-1
f0BnawgC71g--12|Signer01|since it was an early morning attack no one was injured|since it was an early morning attack no one was injured|-1|-1
f0BnawgC71g--16|Signer01|this is because the police does not do anything|this is because the police does not do anything|-1|-1
f0BnawgC71g--19|Signer01|however he often comes to the town to meet his relatives|however he often comes to the town to meet his relatives|-1|-1
7C3py0jo53Y--18|Signer01|as reported some of the area would resume work in 2 weeks|as reported some of the area would resume work in 2 weeks|-1|-1
7C3py0jo53Y--19|Signer01|while full operations might not be able to resume for two months|while full operations might not be able to resume for two months|-1|-1
7C3py0jo53Y--21|Signer01|apple did not immediately respond to a request for comment|apple did not immediately respond to a request for comment|-1|-1
7C3py0jo53Y--22|Signer01|after this another similar incident occurred in delhi on 1st march 2023|after this another similar incident occurred in delhi on 1st march 2023|-1|-1
7C3py0jo53Y--25|Signer01|people were evacuated safely|people were evacuated safely|-1|-1
D5SRNSwGVQ0--0|Signer01|in 3 states of india north east|in 3 states of india north east|-1|-1
D5SRNSwGVQ0--5|Signer01|the majority mark required to form the government in these states is 31 seats|the majority mark required to form the government in these states is 31 seats|-1|-1
D5SRNSwGVQ0--6|Signer01|the results of these assembly election were announced on 2nd march 2023|the results of these assembly election were announced on 2nd march 2023|-1|-1
pVVwhoPqf1Q--12|Signer01|the parents were devastated|the parents were devastated|-1|-1
pVVwhoPqf1Q--14|Signer01|however the hospital authorities did not inform the family anything|however the hospital authorities did not inform the family anything|-1|-1
pVVwhoPqf1Q--21|Signer01|they added that investigation is going on and the authorities cannot say anything now|they added that investigation is going on and the authorities cannot say anything now|-1|-1
CV2miJRalz4--13|Signer01|however nothing was found in any of the houses|however nothing was found in any of the houses|-1|-1
CV2miJRalz4--15|Signer01|once caught the person will be severely punished|once caught the person will be severely punished|-1|-1
JP-dDQ_xomQ--18|Signer01|but the police did not take any action|but the police did not take any action|-1|-1
JP-dDQ_xomQ--22|Signer01|the police is currently investigating the matter|the police is currently investigating the matter|-1|-1
OYiDPoyylNQ--12|Signer01|which are not available anywhere else|which are not available anywhere else|-1|-1
OYiDPoyylNQ--15|Signer01|that not true men and women both can apply for the course in mumbai|that not true men and women both can apply for the course in mumbai|-1|-1
OYiDPoyylNQ--17|Signer01|what are the fees|what are the fees|-1|-1
OYiDPoyylNQ--48|Signer01|you know that|you know that|-1|-1
OYiDPoyylNQ--74|Signer01|if you do not want this then quickly apply|if you do not want this then quickly apply|-1|-1
NfJW6OGaOig--0|Signer01|winter is soon going to end march april and may will be hot summer months|winter is soon going to end march april and may will be hot summer months|-1|-1
NfJW6OGaOig--8|Signer01|whoa that really expensive|whoa that really expensive|-1|-1
NfJW6OGaOig--12|Signer01|let me tell you some of the funny comments|let me tell you some of the funny comments|-1|-1
NfJW6OGaOig--15|Signer01|what a waste of money it would be|what a waste of money it would be|-1|-1
NfJW6OGaOig--18|Signer01|there were many such funny comments|there were many such funny comments|-1|-1
GySxmwlSExU--1|Signer01|when a truck passed close by him on a film set|when a truck passed close by him on a film set|-1|-1
GySxmwlSExU--16|Signer01|it it had gone straight they both would have been dead he thanked god|it it had gone straight they both would have been dead he thanked god|-1|-1
GySxmwlSExU--18|Signer01|he thanked god for their safety|he thanked god for their safety|-1|-1
GySxmwlSExU--21|Signer01|the truck stopped near the camera but none of the crew was hurt|the truck stopped near the camera but none of the crew was hurt|-1|-1
wDO5sAwFFNI--8|Signer01|this was not the first time|this was not the first time|-1|-1
wDO5sAwFFNI--9|Signer01|since 2023 began there were 3 such incidents|since 2023 began there were 3 such incidents|-1|-1
wDO5sAwFFNI--10|Signer01|buses caught on fire on 25 january 11 february and now on 22 february|buses caught on fire on 25 january 11 february and now on 22 february|-1|-1
wDO5sAwFFNI--15|Signer01|they would have to share the income with best|they would have to share the income with best|-1|-1
wDO5sAwFFNI--17|Signer01|best tweeted saying the 400 buses will taken off the road|best tweeted saying the 400 buses will taken off the road|-1|-1
JLCO5tSNhbs--0|Signer01|a man murdered a delivery agent when the person came to deliver the phone|a man murdered a delivery agent when the person came to deliver the phone|-1|-1
JLCO5tSNhbs--20|Signer01|a missing complaint had already been filed|a missing complaint had already been filed|-1|-1
JLCO5tSNhbs--22|Signer01|based on this a team of cops raided the accused home and arrested him|based on this a team of cops raided the accused home and arrested him|-1|-1
xb30QnqTaJk--7|Signer01|but it is a fact let me tell you|but it is a fact let me tell you|-1|-1
xb30QnqTaJk--9|Signer01|currently he is working as a farmer and lives with his wife and 2 sons|currently he is working as a farmer and lives with his wife and 2 sons|-1|-1
xb30QnqTaJk--15|Signer01|surprising is not it|surprising is not it|-1|-1
xb30QnqTaJk--17|Signer01|as without sleep you know it is impossible to remain healthy|as without sleep you know it is impossible to remain healthy|-1|-1
xb30QnqTaJk--28|Signer01|after the news went viral|after the news went viral|-1|-1
l5mbZObvJzM--2|Signer01|let me tell you the full story|let me tell you the full story|-1|-1
l5mbZObvJzM--8|Signer01|is not that amazing|is not that amazing|-1|-1
l5mbZObvJzM--21|Signer01|similarly keep sharing your ideas and skills one day your story may go viral too|similarly keep sharing your ideas and skills one day your story may go viral too|-1|-1
_2dFcENv2I4--4|Signer01|they were not at all happy|they were not at all happy|-1|-1
_2dFcENv2I4--5|Signer01|fed up of all this hardik decided to kill her on 12th february 2023|fed up of all this hardik decided to kill her on 12th february 2023|-1|-1
_2dFcENv2I4--15|Signer01|the police broke open the door and found the body|the police broke open the door and found the body|-1|-1
AbkjxjOaK8Y--6|Signer01|however this time i was amazed to see 3 deaf individuals at the event|however this time i was amazed to see 3 deaf individuals at the event|-1|-1
AbkjxjOaK8Y--22|Signer01|her videos recieved many comments|her videos recieved many comments|-1|-1
WZ62_OEIiFw--6|Signer01|the civil war in sri lanka went on for 26 years|the civil war in sri lanka went on for 26 years|-1|-1
WZ62_OEIiFw--16|Signer01|the shocked media could not believe the claim|the shocked media could not believe the claim|-1|-1
WZ62_OEIiFw--18|Signer01|you all know that the country is in the middle of a major financial crisis|you all know that the country is in the middle of a major financial crisis|-1|-1
B_niu00cTf0--11|Signer01|the driver is on the run and his identity is not know|the driver is on the run and his identity is not know|-1|-1
B_niu00cTf0--12|Signer01|sadly they died right after the wedding|sadly they died right after the wedding|-1|-1
B_niu00cTf0--13|Signer01|there are so many hit and run incidents|there are so many hit and run incidents|-1|-1
8vJ4u8m8lnQ--10|Signer01|why did she complaint about her husband they were together recently|why did she complaint about her husband they were together recently|-1|-1
8vJ4u8m8lnQ--12|Signer01|he took away my money and jewellery without my knowledge|he took away my money and jewellery without my knowledge|-1|-1
8vJ4u8m8lnQ--15|Signer01|i immediately complained to the police my husband is very strange|i immediately complained to the police my husband is very strange|-1|-1
8vJ4u8m8lnQ--21|Signer01|he has beaten me up many times|he has beaten me up many times|-1|-1
8vJ4u8m8lnQ--26|Signer01|but now we have filed a police complaint|but now we have filed a police complaint|-1|-1
-L5jtbg3TNk--4|Signer01|there was a shocking incident|there was a shocking incident|-1|-1
-L5jtbg3TNk--11|Signer01|when the workers asked him who he was the boy replied in a different language|when the workers asked him who he was the boy replied in a different language|-1|-1
Gogv85iKFQU--6|Signer01|why was a rock brought from nepal and not from india|why was a rock brought from nepal and not from india|-1|-1
Gogv85iKFQU--11|Signer01|it reached on 3rd february 2023|it reached on 3rd february 2023|-1|-1
3fA-DZNjd3c--0|Signer01|you all know the traffic in bengaluru india is the worst|you all know the traffic in bengaluru india is the worst|-1|-1
nK7OryqkIzM--6|Signer01|impossible women have to go to work or their pay is cut|impossible women have to go to work or their pay is cut|-1|-1
nK7OryqkIzM--16|Signer01|girls were very happy with this|girls were very happy with this|-1|-1
qkeJ3qUxyqw--1|Signer01|you can go back and watch the entire video by|you can go back and watch the entire video by|-1|-1
qkeJ3qUxyqw--2|Signer01|i will now give you an update in this story|i will now give you an update in this story|-1|-1
qkeJ3qUxyqw--4|Signer01|her life was very inspiring sadly she passed away in the crash|her life was very inspiring sadly she passed away in the crash|-1|-1
qkeJ3qUxyqw--12|Signer01|she secured her pilot license and returned to nepal|she secured her pilot license and returned to nepal|-1|-1
qkeJ3qUxyqw--20|Signer01|sadly she passed away in the crash|sadly she passed away in the crash|-1|-1
clXpkhbzN50--3|Signer01|this was the reason for the protest|this was the reason for the protest|-1|-1
clXpkhbzN50--9|Signer01|i have been seeing this since the last 10 years|i have been seeing this since the last 10 years|-1|-1
clXpkhbzN50--15|Signer01|the names would be revealed at the right time|the names would be revealed at the right time|-1|-1
pOCxEH8pa_I--2|Signer01|it is the same all around the world and in india as well|it is the same all around the world and in india as well|-1|-1
pOCxEH8pa_I--9|Signer01|let me explain|let me explain|-1|-1
pOCxEH8pa_I--15|Signer01|her family was happy and respected her decision|her family was happy and respected her decision|-1|-1
9uj6h8DvWW4--3|Signer01|it has been the same since long|it has been the same since long|-1|-1
9uj6h8DvWW4--10|Signer01|the name seems indian but whether it has been made by an indian|the name seems indian but whether it has been made by an indian|-1|-1
9uj6h8DvWW4--26|Signer01|in 2020 a woman had said at the press conference|in 2020 a woman had said at the press conference|-1|-1
9uj6h8DvWW4--32|Signer01|however our families did not agree|however our families did not agree|-1|-1
9uj6h8DvWW4--37|Signer01|this controversy had become viral now there is one more controversy|this controversy had become viral now there is one more controversy|-1|-1
_fmmnlZWeds--8|Signer01|people were shocked to hear this statement|people were shocked to hear this statement|-1|-1
_fmmnlZWeds--10|Signer01|despite the lawyer claim the court refused to accept the argument|despite the lawyer claim the court refused to accept the argument|-1|-1
_fmmnlZWeds--14|Signer01|the lawyer claimed it was impossible|the lawyer claimed it was impossible|-1|-1
_fmmnlZWeds--16|Signer01|the man is a doctor from the usa|the man is a doctor from the usa|-1|-1
_fmmnlZWeds--25|Signer01|the lawyer said the police and media need to stop spreading false stories|the lawyer said the police and media need to stop spreading false stories|-1|-1
ANVFMTGa7DI--18|Signer01|similarly when an employee goes on leave for a week in a year|similarly when an employee goes on leave for a week in a year|-1|-1
ANVFMTGa7DI--24|Signer01|then he she has to pay a fine of rs 1 lakh rupees|then he she has to pay a fine of rs 1 lakh rupees|-1|-1
ANVFMTGa7DI--29|Signer01|the aim is also to let the employee enjoy their holiday|the aim is also to let the employee enjoy their holiday|-1|-1
ANVFMTGa7DI--30|Signer01|interesting is not it|interesting is not it|-1|-1
ANVFMTGa7DI--34|Signer01|let us know your thoughts in the comments|let us know your thoughts in the comments|-1|-1
VoJPnX9kz7g--2|Signer01|let me give you an update in the case|let me give you an update in the case|-1|-1
VoJPnX9kz7g--10|Signer01|police observed that he is smart man|police observed that he is smart man|-1|-1
VoJPnX9kz7g--21|Signer01|however his demand of getting law books has been agreed upon|however his demand of getting law books has been agreed upon|-1|-1
hgaKby5Mha4--5|Signer01|however the marriage did not last long what a strange girl|however the marriage did not last long what a strange girl|-1|-1
hgaKby5Mha4--7|Signer01|rakhi is well know for her strange behaviour|rakhi is well know for her strange behaviour|-1|-1
hgaKby5Mha4--12|Signer01|they a signed the muslim marriage registration form|they a signed the muslim marriage registration form|-1|-1
hgaKby5Mha4--26|Signer01|she then participated in big boss marathi where she reached the final stage but lost|she then participated in big boss marathi where she reached the final stage but lost|-1|-1
hgaKby5Mha4--29|Signer01|she wanted to save her marriage and that is why she decided to announce|she wanted to save her marriage and that is why she decided to announce|-1|-1
z6WQHuKwkVI--9|Signer01|the soldier was taken to the army hospital|the soldier was taken to the army hospital|-1|-1
z6WQHuKwkVI--13|Signer01|the 2 soldiers were for protection in case of emergency|the 2 soldiers were for protection in case of emergency|-1|-1
z6WQHuKwkVI--18|Signer01|the photo went viral|the photo went viral|-1|-1
z6WQHuKwkVI--23|Signer01|there were many such comments|there were many such comments|-1|-1
z6WQHuKwkVI--24|Signer01|meanwhile the russia ukraine war is still going on|meanwhile the russia ukraine war is still going on|-1|-1
_yX_DTBwfX8--5|Signer01|they had met in 2016 at a birthday party and got married in 2019|they had met in 2016 at a birthday party and got married in 2019|-1|-1
_yX_DTBwfX8--13|Signer01|the woman is not related to the couple|the woman is not related to the couple|-1|-1
_yX_DTBwfX8--25|Signer01|wow this went viral they are open about the life|wow this went viral they are open about the life|-1|-1
SX-itGUpLSE--20|Signer01|in london the same event has a different name and it has now gone viral|in london the same event has a different name and it has now gone viral|-1|-1
SX-itGUpLSE--24|Signer01|in london too it was started for the same reason|in london too it was started for the same reason|-1|-1
SX-itGUpLSE--27|Signer01|since 2 years the event has been cancelled due to covid-19 pandemic and other reasons|since 2 years the event has been cancelled due to covid-19 pandemic and other reasons|-1|-1
SX-itGUpLSE--28|Signer01|however in london the day was celebrated in the month of january|however in london the day was celebrated in the month of january|-1|-1
SX-itGUpLSE--38|Signer01|amazing this was only for the metro trains|amazing this was only for the metro trains|-1|-1
UcGGS3NcdO0--3|Signer01|however the case has now become very clear|however the case has now become very clear|-1|-1
UcGGS3NcdO0--4|Signer01|here are the points|here are the points|-1|-1
UcGGS3NcdO0--7|Signer01|earlier it was said that she had no previous police record|earlier it was said that she had no previous police record|-1|-1
UcGGS3NcdO0--24|Signer01|this is what he told the cops|this is what he told the cops|-1|-1
UcGGS3NcdO0--25|Signer01|4 now here is a good news|4 now here is a good news|-1|-1
wVAm400dlQA--20|Signer01|wow so many people bought at such a short price|wow so many people bought at such a short price|-1|-1
7tHefbjwvT4--2|Signer01|instead they prefer to use the app and order food|instead they prefer to use the app and order food|-1|-1
7tHefbjwvT4--12|Signer01|here is something interesting generally ceo stay home and place orders right|here is something interesting generally ceo stay home and place orders right|-1|-1
7tHefbjwvT4--18|Signer01|generally people place similar orders but this is very strange|generally people place similar orders but this is very strange|-1|-1
rZS8eF75CBQ--2|Signer01|for first time people are fighting on the flight like they do on the road|for first time people are fighting on the flight like they do on the road|-1|-1
rZS8eF75CBQ--14|Signer01|he was a resident of delhi and worked there as well|he was a resident of delhi and worked there as well|-1|-1
rZS8eF75CBQ--23|Signer01|now here is another shocking incident|now here is another shocking incident|-1|-1
rZS8eF75CBQ--27|Signer01|the police were informed upon seeing the cctv footage the man was arrested|the police were informed upon seeing the cctv footage the man was arrested|-1|-1
rZS8eF75CBQ--29|Signer01|i fail to understand why such incidents are on the rise|i fail to understand why such incidents are on the rise|-1|-1
eUd_U5QzX9A--6|Signer01|when they saw the girl they fled from the spot|when they saw the girl they fled from the spot|-1|-1
eUd_U5QzX9A--8|Signer01|on 5th january 2023 the police checked the cctv camera footage from several places|on 5th january 2023 the police checked the cctv camera footage from several places|-1|-1
eUd_U5QzX9A--23|Signer01|it was told that deepak was driving the car|it was told that deepak was driving the car|-1|-1
eUd_U5QzX9A--55|Signer01|later the cctv footage showed one of the accused looking under the car|later the cctv footage showed one of the accused looking under the car|-1|-1
eUd_U5QzX9A--77|Signer01|she would have surely survived and her family would have been happy|she would have surely survived and her family would have been happy|-1|-1
uxe8Crz5UP4--2|Signer01|second was a fight between passengers|second was a fight between passengers|-1|-1
uxe8Crz5UP4--5|Signer01|a was woman was sitting on her seat in the new york - delhi flight|a was woman was sitting on her seat in the new york - delhi flight|-1|-1
uxe8Crz5UP4--20|Signer01|but no action was taken the woman was upset|but no action was taken the woman was upset|-1|-1
uxe8Crz5UP4--23|Signer01|complaint was filed on 28th december 2022 while the incident occurred on 26th november 2022|complaint was filed on 28th december 2022 while the incident occurred on 26th november 2022|-1|-1
uxe8Crz5UP4--31|Signer01|air india has banned the male passenger for 30 days|air india has banned the male passenger for 30 days|-1|-1
u3NrjVFgvo4--9|Signer01|however she never returned|however she never returned|-1|-1
u3NrjVFgvo4--32|Signer01|police have arrested all of them|police have arrested all of them|-1|-1
u3NrjVFgvo4--58|Signer01|the family lost their daughter and are very upset|the family lost their daughter and are very upset|-1|-1
u3NrjVFgvo4--59|Signer01|they filed a rape and murder complaint|they filed a rape and murder complaint|-1|-1
u3NrjVFgvo4--67|Signer01|the friend will be called for questioning|the friend will be called for questioning|-1|-1
txb75-FFRko--4|Signer01|there were a lot illegal cash transactions|there were a lot illegal cash transactions|-1|-1
txb75-FFRko--7|Signer01|the decision caused panic amongst the citizens|the decision caused panic amongst the citizens|-1|-1
txb75-FFRko--8|Signer01|people were very unhappy with this now here is a something very interesting|people were very unhappy with this now here is a something very interesting|-1|-1
txb75-FFRko--10|Signer01|as the government and the parliament job is to focus on elections|as the government and the parliament job is to focus on elections|-1|-1
txb75-FFRko--24|Signer01|it was after this that government announced the ban|it was after this that government announced the ban|-1|-1
3VGUR_p_89o--14|Signer01|did you know that there were major protests in mumbai against the jharkhand government decision|did you know that there were major protests in mumbai against the jharkhand government decision|-1|-1
3VGUR_p_89o--19|Signer01|the jain community even approached the high court and the supreme court|the jain community even approached the high court and the supreme court|-1|-1
R1ynBdDLQGY--10|Signer01|his daughter officially announced this sad news on her twitter handle on 29th december 2022|his daughter officially announced this sad news on her twitter handle on 29th december 2022|-1|-1
We36CaE5vJM--22|Signer01|however the testing has been successful|however the testing has been successful|-1|-1
5u3p1b16_H4--1|Signer01|you all know that our lives are going to change because of new technology|you all know that our lives are going to change because of new technology|-1|-1
5u3p1b16_H4--4|Signer01|that has caused a lot of stress among people|that has caused a lot of stress among people|-1|-1
5u3p1b16_H4--10|Signer01|rs 1 000 notes will not be implemented|rs 1 000 notes will not be implemented|-1|-1
5u3p1b16_H4--14|Signer01|they requested people not to share such things|they requested people not to share such things|-1|-1
3eA5mkM4Shc--1|Signer01|it was the day when the most loved actor sushant singh rajput died by suicide|it was the day when the most loved actor sushant singh rajput died by suicide|-1|-1
3eA5mkM4Shc--3|Signer01|also his family was devastated you all are aware about this|also his family was devastated you all are aware about this|-1|-1
3eA5mkM4Shc--23|Signer01|you know that suicide and murder leave different kinds of injuries on the body|you know that suicide and murder leave different kinds of injuries on the body|-1|-1
3eA5mkM4Shc--25|Signer01|however along with the suicide mark there were other marks on the neck|however along with the suicide mark there were other marks on the neck|-1|-1
3eA5mkM4Shc--35|Signer01|these were the shocking points that he revealed|these were the shocking points that he revealed|-1|-1
u25Rjaiq30s--1|Signer01|that a pakistani boat may enter india|that a pakistani boat may enter india|-1|-1
u25Rjaiq30s--14|Signer01|44 pakistani nationals and seven people from iran have been arrested|44 pakistani nationals and seven people from iran have been arrested|-1|-1
XS7W5SeBt64--8|Signer01|since she was so famous she was highly respected|since she was so famous she was highly respected|-1|-1
XS7W5SeBt64--13|Signer01|that time she had authority as she was part of the committee|that time she had authority as she was part of the committee|-1|-1
XS7W5SeBt64--20|Signer01|despite the allegations she continued to work|despite the allegations she continued to work|-1|-1
XS7W5SeBt64--25|Signer01|this is how they connected the dots|this is how they connected the dots|-1|-1
XS7W5SeBt64--26|Signer01|this is why on 23rd december 2022 the couple were arrested|this is why on 23rd december 2022 the couple were arrested|-1|-1
I-vQYwHKjRc--4|Signer01|the family stayed together|the family stayed together|-1|-1
I-vQYwHKjRc--12|Signer01|inspired by the movie the two brothers decided to murder their father|inspired by the movie the two brothers decided to murder their father|-1|-1
I-vQYwHKjRc--23|Signer01|she told the police she was very worried about this|she told the police she was very worried about this|-1|-1
4l62ZVuNp4A--1|Signer01|there are many who have done this here is the story|there are many who have done this here is the story|-1|-1
4l62ZVuNp4A--8|Signer01|after the wedding couples can enjoy the helicopter ride just for rs 15 000|after the wedding couples can enjoy the helicopter ride just for rs 15 000|-1|-1
4l62ZVuNp4A--13|Signer01|in brazil this person came up with a great idea|in brazil this person came up with a great idea|-1|-1
4l62ZVuNp4A--18|Signer01|he only had a budget of rs 60 000|he only had a budget of rs 60 000|-1|-1
4l62ZVuNp4A--20|Signer01|he was inspired by modi statements that india can do anything|he was inspired by modi statements that india can do anything|-1|-1
Y1qOs3oS67w--2|Signer01|which when you ask a question gives a reply you know that|which when you ask a question gives a reply you know that|-1|-1
Y1qOs3oS67w--8|Signer01|they wanted to know which is best|they wanted to know which is best|-1|-1
Y1qOs3oS67w--18|Signer01|wants to switch on the fan has to call someone to do the work|wants to switch on the fan has to call someone to do the work|-1|-1
Y1qOs3oS67w--24|Signer01|this makes their life more independent and comfortable|this makes their life more independent and comfortable|-1|-1
Y1qOs3oS67w--30|Signer01|it is most comfortable and gives you all the information that you ask for|it is most comfortable and gives you all the information that you ask for|-1|-1
3xbkxQK5CT8--1|Signer01|which has caused panic everywhere the news has gone viral|which has caused panic everywhere the news has gone viral|-1|-1
3xbkxQK5CT8--5|Signer01|they have also informed that a lot of deaths would be caused in china|they have also informed that a lot of deaths would be caused in china|-1|-1
3xbkxQK5CT8--20|Signer01|now two more cases have been reported from gujarat|now two more cases have been reported from gujarat|-1|-1
3xbkxQK5CT8--42|Signer01|we need to wear masks and maintain social distance|we need to wear masks and maintain social distance|-1|-1
3xbkxQK5CT8--44|Signer01|hope this keeps us safe and there is nothing to panic|hope this keeps us safe and there is nothing to panic|-1|-1
AA8SqXPfCnA--2|Signer01|for 300 days this war has been going on|for 300 days this war has been going on|-1|-1
AA8SqXPfCnA--4|Signer01|there seems to be no end to this|there seems to be no end to this|-1|-1
AA8SqXPfCnA--6|Signer01|it has been going on for a while|it has been going on for a while|-1|-1
AA8SqXPfCnA--8|Signer01|this is because he had to keep an eye on the country|this is because he had to keep an eye on the country|-1|-1
AA8SqXPfCnA--27|Signer01|so now how would russia feel after this|so now how would russia feel after this|-1|-1
IRkqI5Am0B4--17|Signer01|testing of nuclear weapons is not allowed|testing of nuclear weapons is not allowed|-1|-1
IRkqI5Am0B4--18|Signer01|these are all major nuclear bombs|these are all major nuclear bombs|-1|-1
IRkqI5Am0B4--20|Signer01|un does not want people to test as it could lead to a nuclear war|un does not want people to test as it could lead to a nuclear war|-1|-1
IRkqI5Am0B4--40|Signer01|by travelling 5 500 km it is the most powerful|by travelling 5 500 km it is the most powerful|-1|-1
IRkqI5Am0B4--51|Signer01|it will be tested soon|it will be tested soon|-1|-1
v85d2NIdHbQ--18|Signer01|she had died of a heart attack|she had died of a heart attack|-1|-1
v85d2NIdHbQ--20|Signer01|died while driving the vehicle|died while driving the vehicle|-1|-1
v85d2NIdHbQ--22|Signer01|both of them were very young|both of them were very young|-1|-1
v85d2NIdHbQ--24|Signer01|he died on the spot all these people were very young how could they died|he died on the spot all these people were very young how could they died|-1|-1
v85d2NIdHbQ--25|Signer01|many say it is the vaccine but there is not proof to back these claims|many say it is the vaccine but there is not proof to back these claims|-1|-1
qhsYMEyC-mQ--0|Signer01|a un event being held in the usa and it was attended by many leaders|a un event being held in the usa and it was attended by many leaders|-1|-1
qhsYMEyC-mQ--3|Signer01|as pakistan always does he brought up the kashmir issue and blamed india|as pakistan always does he brought up the kashmir issue and blamed india|-1|-1
qhsYMEyC-mQ--17|Signer01|is alive he is your very own prime minister|is alive he is your very own prime minister|-1|-1
qhsYMEyC-mQ--28|Signer01|this led to a major controversy|this led to a major controversy|-1|-1
qhsYMEyC-mQ--32|Signer01|he will be strong and speak his mind people can protest all they want|he will be strong and speak his mind people can protest all they want|-1|-1
GGGbWi0z05Q--12|Signer01|and people encourage him have hope for the next world cup|and people encourage him have hope for the next world cup|-1|-1
GGGbWi0z05Q--20|Signer01|ranveer singh was also present at the match here is something shocking|ranveer singh was also present at the match here is something shocking|-1|-1
GGGbWi0z05Q--29|Signer01|this was a very proud moment for argentina|this was a very proud moment for argentina|-1|-1
GGGbWi0z05Q--35|Signer01|wow even the president had come to watch|wow even the president had come to watch|-1|-1
GGGbWi0z05Q--37|Signer01|why did he wear this|why did he wear this|-1|-1
F8uQ73eXgyo--4|Signer01|india has only delhi as its capital|india has only delhi as its capital|-1|-1
F8uQ73eXgyo--5|Signer01|you also know that countries around the world have 1 capital|you also know that countries around the world have 1 capital|-1|-1
F8uQ73eXgyo--14|Signer01|there are several countries around the world that have 3 capitals|there are several countries around the world that have 3 capitals|-1|-1
F8uQ73eXgyo--41|Signer01|these were the 5 countries there are a many more such countries|these were the 5 countries there are a many more such countries|-1|-1
F8uQ73eXgyo--43|Signer01|but there are some countries which have 3 or 2 capitals as well|but there are some countries which have 3 or 2 capitals as well|-1|-1
qvUnUsgp9J0--4|Signer01|however let me tell you some strange incidents related to disability|however let me tell you some strange incidents related to disability|-1|-1
qvUnUsgp9J0--6|Signer01|while growing up they could see well but were more comfortable being blind|while growing up they could see well but were more comfortable being blind|-1|-1
qvUnUsgp9J0--14|Signer01|strange is not it but there are many such people around the world|strange is not it but there are many such people around the world|-1|-1
qvUnUsgp9J0--23|Signer01|she was comfortable and happy that way strange|she was comfortable and happy that way strange|-1|-1
qvUnUsgp9J0--44|Signer01|many failed to understand this point of view|many failed to understand this point of view|-1|-1
NIFjmiiKaPg--1|Signer01|people can not function without smoking|people can not function without smoking|-1|-1
NIFjmiiKaPg--8|Signer01|now this is amazing on 13th december 2022 new zealand made an announcement saying|now this is amazing on 13th december 2022 new zealand made an announcement saying|-1|-1
NIFjmiiKaPg--10|Signer01|whoa so many people smoke in new zealand so will they impose the ban|whoa so many people smoke in new zealand so will they impose the ban|-1|-1
NIFjmiiKaPg--16|Signer01|there are around 6 000 such stores|there are around 6 000 such stores|-1|-1
NIFjmiiKaPg--24|Signer01|she said the aim is to prevent people suffering from health problems|she said the aim is to prevent people suffering from health problems|-1|-1
v06nVQQ1uQc--3|Signer01|now there has been an update in the news|now there has been an update in the news|-1|-1
v06nVQQ1uQc--4|Signer01|on 12th december 2022 the police created a report|on 12th december 2022 the police created a report|-1|-1
v06nVQQ1uQc--8|Signer01|this was done on 12th december the police then carried out their investigation|this was done on 12th december the police then carried out their investigation|-1|-1
v06nVQQ1uQc--9|Signer01|did you know this shocking fact|did you know this shocking fact|-1|-1
v06nVQQ1uQc--11|Signer01|many of shraddha remains were found|many of shraddha remains were found|-1|-1
20cQXc_5IF4--6|Signer01|you can watch the news on this link|you can watch the news on this link|-1|-1
20cQXc_5IF4--20|Signer01|the hearing for the case is scheduled on 19th december 2022|the hearing for the case is scheduled on 19th december 2022|-1|-1
20cQXc_5IF4--22|Signer01|as the case is still going on and all these are rumours|as the case is still going on and all these are rumours|-1|-1
kvRx0uHvLLk--22|Signer01|soon the construction will be over|soon the construction will be over|-1|-1
kvRx0uHvLLk--26|Signer01|this project has been developed at a cost of more than rs 65 crore|this project has been developed at a cost of more than rs 65 crore|-1|-1
J9nU2BfRkuY--5|Signer01|for the last 20 years people have been buying it|for the last 20 years people have been buying it|-1|-1
kK07qrRCiNY--8|Signer01|when the woman become pregnant the couple was happy|when the woman become pregnant the couple was happy|-1|-1
kK07qrRCiNY--9|Signer01|the couple had a child and the doctor was happy with the success|the couple had a child and the doctor was happy with the success|-1|-1
LI3wO3YkU1M--2|Signer01|inorder to stop this the country has come up with a unique idea|inorder to stop this the country has come up with a unique idea|-1|-1
LI3wO3YkU1M--4|Signer01|what how is this possible|what how is this possible|-1|-1
LI3wO3YkU1M--10|Signer01|the meeting was held inorder to stop such behaviour|the meeting was held inorder to stop such behaviour|-1|-1
LI3wO3YkU1M--12|Signer01|all this will be in the japanese language|all this will be in the japanese language|-1|-1
LI3wO3YkU1M--16|Signer01|many have started using this|many have started using this|-1|-1
neiMiGmuseE--5|Signer01|these are the 3 parties|these are the 3 parties|-1|-1
neiMiGmuseE--7|Signer01|here is an example|here is an example|-1|-1
neiMiGmuseE--10|Signer01|currently there are 7 national parties - congress bjp tmc ncp etc|currently there are 7 national parties - congress bjp tmc ncp etc|-1|-1
neiMiGmuseE--11|Signer01|except for aap they are not a national party|except for aap they are not a national party|-1|-1
neiMiGmuseE--17|Signer01|results for himachal & gujarat are expected on 8th december 2022|results for himachal & gujarat are expected on 8th december 2022|-1|-1
5DEBVK6tHGA--1|Signer01|although the virus is still alive in a few countries|although the virus is still alive in a few countries|-1|-1
5DEBVK6tHGA--4|Signer01|people could never digest their claims and suspected the virus was leaked by the chinese|people could never digest their claims and suspected the virus was leaked by the chinese|-1|-1
5DEBVK6tHGA--5|Signer01|this debate has been going on since then|this debate has been going on since then|-1|-1
Z5r6PdrJrxM--7|Signer01|we can even see other who are online|we can even see other who are online|-1|-1
Z5r6PdrJrxM--15|Signer01|most of you would have seen this what does it mean i will tell you|most of you would have seen this what does it mean i will tell you|-1|-1
Z5r6PdrJrxM--31|Signer01|however the problem is indian government current it rules states that|however the problem is indian government current it rules states that|-1|-1
Z5r6PdrJrxM--34|Signer01|the policies of the indian government and whatsapp are against each other|the policies of the indian government and whatsapp are against each other|-1|-1
Z5r6PdrJrxM--37|Signer01|this is a huge problem|this is a huge problem|-1|-1
TyBQgmZ8gyw--0|Signer01|across the world people love watching cricket football and different types of sports|across the world people love watching cricket football and different types of sports|-1|-1
TyBQgmZ8gyw--6|Signer01|people were surprised by their victory and could not believe|people were surprised by their victory and could not believe|-1|-1
TyBQgmZ8gyw--13|Signer01|the situation was extremely critical|the situation was extremely critical|-1|-1
TyBQgmZ8gyw--18|Signer01|and come out only when the situation is under control|and come out only when the situation is under control|-1|-1
TyBQgmZ8gyw--20|Signer01|in the evening everything went back to normal|in the evening everything went back to normal|-1|-1
azMQhrI1cGM--4|Signer01|a post has gone viral on social media|a post has gone viral on social media|-1|-1
azMQhrI1cGM--14|Signer01|another person said the father had lost his mind and must be jailed|another person said the father had lost his mind and must be jailed|-1|-1
azMQhrI1cGM--18|Signer01|would you ever do this with your child let us know in the comments|would you ever do this with your child let us know in the comments|-1|-1
D8fQxwV-xCk--4|Signer01|the images went viral|the images went viral|-1|-1
D8fQxwV-xCk--7|Signer01|but there is very little awareness about skin cancer|but there is very little awareness about skin cancer|-1|-1
D8fQxwV-xCk--13|Signer01|since then he held multiple events like this to create awareness|since then he held multiple events like this to create awareness|-1|-1
wSEeoT9BqE0--0|Signer01|people around the world love different sports like cricket football etc|people around the world love different sports like cricket football etc|-1|-1
wSEeoT9BqE0--4|Signer01|however there is a strange story|however there is a strange story|-1|-1
wSEeoT9BqE0--6|Signer01|but what is the link between a football match and buying a house|but what is the link between a football match and buying a house|-1|-1
wSEeoT9BqE0--7|Signer01|it an interesting story|it an interesting story|-1|-1
wSEeoT9BqE0--31|Signer01|but the thought of being together is lovely|but the thought of being together is lovely|-1|-1
9W6L8THwroI--1|Signer01|he has acted in multiple movies in the past|he has acted in multiple movies in the past|-1|-1
9W6L8THwroI--7|Signer01|fans could not digest the fact that he was dead|fans could not digest the fact that he was dead|-1|-1
9W6L8THwroI--19|Signer01|drinking water is a must|drinking water is a must|-1|-1
97nIDl2o1Lc--1|Signer01|there is nothing new about it and everyone knows it|there is nothing new about it and everyone knows it|-1|-1
97nIDl2o1Lc--2|Signer01|you may have never heard of kidney being stolen right|you may have never heard of kidney being stolen right|-1|-1
97nIDl2o1Lc--3|Signer01|you money is stolen but not kidney|you money is stolen but not kidney|-1|-1
97nIDl2o1Lc--4|Signer01|however it is possible and has actually happened let me tell you|however it is possible and has actually happened let me tell you|-1|-1
97nIDl2o1Lc--9|Signer01|the doctor started the surgery this was on 3rd september 2022|the doctor started the surgery this was on 3rd september 2022|-1|-1
XcOy1PzYoyo--4|Signer01|no also people say that it does not look good|no also people say that it does not look good|-1|-1
XcOy1PzYoyo--12|Signer01|she went to multiple doctors but never found the reason|she went to multiple doctors but never found the reason|-1|-1
XcOy1PzYoyo--20|Signer01|she is very proud of who he is|she is very proud of who he is|-1|-1
HvI-SDm2V2I--4|Signer01|this is not the only case there was another case from madhya pradesh|this is not the only case there was another case from madhya pradesh|-1|-1
HvI-SDm2V2I--15|Signer01|the police have not yet revealed the name of the man and the woman|the police have not yet revealed the name of the man and the woman|-1|-1
HvI-SDm2V2I--17|Signer01|when the man died the woman immediately called her husband and brother|when the man died the woman immediately called her husband and brother|-1|-1
HvI-SDm2V2I--24|Signer01|instead he went to his girlfriend house|instead he went to his girlfriend house|-1|-1
HvI-SDm2V2I--25|Signer01|the police caught the woman family as well|the police caught the woman family as well|-1|-1
aI1oEbVkDbw--4|Signer01|what is the problem it is being said that it causes cancer|what is the problem it is being said that it causes cancer|-1|-1
aI1oEbVkDbw--5|Signer01|do not worry i will now explain|do not worry i will now explain|-1|-1
ww8_nZtJiFo--7|Signer01|earlier it was not the same|earlier it was not the same|-1|-1
ww8_nZtJiFo--22|Signer01|she could not believe it the news went viral on social media|she could not believe it the news went viral on social media|-1|-1
ww8_nZtJiFo--23|Signer01|the district commissioner heard about the incident and visited the village on 19th november 2022|the district commissioner heard about the incident and visited the village on 19th november 2022|-1|-1
ww8_nZtJiFo--26|Signer01|the district commissioner also condemned the incident|the district commissioner also condemned the incident|-1|-1
-PBb4Jcl3t4--9|Signer01|it was going in high speed and crashed into a car in front|it was going in high speed and crashed into a car in front|-1|-1
-PBb4Jcl3t4--12|Signer01|this is what had happened|this is what had happened|-1|-1
-PBb4Jcl3t4--14|Signer01|and cops are on the look out for him shocking|and cops are on the look out for him shocking|-1|-1
-PBb4Jcl3t4--16|Signer01|and have been admitted to the nearby hospital|and have been admitted to the nearby hospital|-1|-1
s_8IbRRsr0Q--15|Signer01|everyone agreed to the plan|everyone agreed to the plan|-1|-1
s_8IbRRsr0Q--18|Signer01|they put his body in the car and then threw it away in the river|they put his body in the car and then threw it away in the river|-1|-1
s_8IbRRsr0Q--22|Signer01|they identified the body and took it home for rituals|they identified the body and took it home for rituals|-1|-1
s_8IbRRsr0Q--23|Signer01|police were suspicious as the parents had not filed any missing complaint|police were suspicious as the parents had not filed any missing complaint|-1|-1
s_8IbRRsr0Q--28|Signer01|that is when they confessed to their crime|that is when they confessed to their crime|-1|-1
Q62MT5eaHc0--1|Signer01|space tourism was never a thing|space tourism was never a thing|-1|-1
Q62MT5eaHc0--3|Signer01|even amazon had started the same|even amazon had started the same|-1|-1
Q62MT5eaHc0--6|Signer01|for a long time there was nothing|for a long time there was nothing|-1|-1
Q62MT5eaHc0--11|Signer01|this is a test run|this is a test run|-1|-1
j5V9ySwOqAE--2|Signer01|we are simply sharing the news for your knowledge|we are simply sharing the news for your knowledge|-1|-1
j5V9ySwOqAE--7|Signer01|people were stunned by his behaviour|people were stunned by his behaviour|-1|-1
j5V9ySwOqAE--10|Signer01|now again on 6th november he ran like that|now again on 6th november he ran like that|-1|-1
j5V9ySwOqAE--13|Signer01|this is not a good habit|this is not a good habit|-1|-1
j5V9ySwOqAE--18|Signer01|this is completely wrong let me explain|this is completely wrong let me explain|-1|-1
RWDMN5XKAy8--8|Signer01|with great difficulty the doctor was able to remove the object|with great difficulty the doctor was able to remove the object|-1|-1
RWDMN5XKAy8--13|Signer01|which is why all these years he could not hear well|which is why all these years he could not hear well|-1|-1
RWDMN5XKAy8--14|Signer01|he thought that in a few years he would surely become deaf|he thought that in a few years he would surely become deaf|-1|-1
RWDMN5XKAy8--15|Signer01|he is happy to get his hearing back|he is happy to get his hearing back|-1|-1
0KhYmWrvnIc--4|Signer01|two people were killed including a school girl and three others were injured|two people were killed including a school girl and three others were injured|-1|-1
0KhYmWrvnIc--7|Signer01|the incident went viral the police reached the scene for the investigation|the incident went viral the police reached the scene for the investigation|-1|-1
pd4WhTy9mnI--2|Signer01|click here to watch the previous video here is an update in the case|click here to watch the previous video here is an update in the case|-1|-1
pd4WhTy9mnI--20|Signer01|on 15th november the court granted her bail|on 15th november the court granted her bail|-1|-1
pd4WhTy9mnI--23|Signer01|his statement is completely different to the rumours|his statement is completely different to the rumours|-1|-1
veJ0aDxACRo--16|Signer01|the story has gone viral on social media|the story has gone viral on social media|-1|-1
veJ0aDxACRo--17|Signer01|now there is another story which is equally dangerous here what happened|now there is another story which is equally dangerous here what happened|-1|-1
veJ0aDxACRo--32|Signer01|he contacted his girlfriend and they both met after which he killed her|he contacted his girlfriend and they both met after which he killed her|-1|-1
veJ0aDxACRo--33|Signer01|after killing her he said|after killing her he said|-1|-1
veJ0aDxACRo--41|Signer01|this was the third incident|this was the third incident|-1|-1
HLpn51q764w--1|Signer01|something like this happened and you will be shocked to learn about this incident|something like this happened and you will be shocked to learn about this incident|-1|-1
HLpn51q764w--12|Signer01|he was lucky to have been saved by his son|he was lucky to have been saved by his son|-1|-1
HLpn51q764w--15|Signer01|an old woman was walking through the forest in a remove village|an old woman was walking through the forest in a remove village|-1|-1
HLpn51q764w--19|Signer01|earlier the man survived the attack but this woman did not|earlier the man survived the attack but this woman did not|-1|-1
HLpn51q764w--21|Signer01|those who have had such experiences drop a comment|those who have had such experiences drop a comment|-1|-1
OvWpUXBaQPc--2|Signer01|however there is always a problem in flights|however there is always a problem in flights|-1|-1
OvWpUXBaQPc--17|Signer01|she has never taken a flight|she has never taken a flight|-1|-1
kV5ajxHj84E--2|Signer01|they look good but are they really useful|they look good but are they really useful|-1|-1
kV5ajxHj84E--12|Signer01|you may have never heard of it|you may have never heard of it|-1|-1
kV5ajxHj84E--16|Signer01|social media users were shocked and were not able to believe it|social media users were shocked and were not able to believe it|-1|-1
kV5ajxHj84E--19|Signer01|i was shocked to know about this strange condition and had never heard about it|i was shocked to know about this strange condition and had never heard about it|-1|-1
kV5ajxHj84E--20|Signer01|did you know about it do let us know in the comments|did you know about it do let us know in the comments|-1|-1
WkXIBPerf_Y--9|Signer01|this person from the uk kept wait but the order never came|this person from the uk kept wait but the order never came|-1|-1
WkXIBPerf_Y--20|Signer01|this was the first story moving on to the second in india bengaluru|this was the first story moving on to the second in india bengaluru|-1|-1
WkXIBPerf_Y--22|Signer01|here is what it said|here is what it said|-1|-1
WkXIBPerf_Y--27|Signer01|rahul was touched and asked about her life|rahul was touched and asked about her life|-1|-1
WkXIBPerf_Y--30|Signer01|but then the lockdown happened|but then the lockdown happened|-1|-1
L0eYh-N6DT8--0|Signer01|whatsapp instagram facebook are the world most powerful social media platforms|whatsapp instagram facebook are the world most powerful social media platforms|-1|-1
L0eYh-N6DT8--5|Signer01|shocking this is the first time 11 000 employees were fired at the same time|shocking this is the first time 11 000 employees were fired at the same time|-1|-1
L0eYh-N6DT8--9|Signer01|so what was the reason for the firing|so what was the reason for the firing|-1|-1
L0eYh-N6DT8--15|Signer01|employees enjoyed many such benefits|employees enjoyed many such benefits|-1|-1
L0eYh-N6DT8--20|Signer01|the company is not able to pay so many employees|the company is not able to pay so many employees|-1|-1
bym8zbDgUgo--16|Signer01|he was out on bail but has been jailed once again|he was out on bail but has been jailed once again|-1|-1
XtuTOZJn9Sk--1|Signer01|did their family agree or were they upset|did their family agree or were they upset|-1|-1
XtuTOZJn9Sk--2|Signer01|check it out here|check it out here|-1|-1
mfNsKgpdtqE--5|Signer01|recently a funny video went viral|recently a funny video went viral|-1|-1
mfNsKgpdtqE--12|Signer01|the post received a lot of funny comments|the post received a lot of funny comments|-1|-1
mfNsKgpdtqE--16|Signer01|a few months ago a woman ordered pizza which she kept on the table|a few months ago a woman ordered pizza which she kept on the table|-1|-1
rV_fbEYTvvs--3|Signer01|you might not have heard a real life experience like this|you might not have heard a real life experience like this|-1|-1
rV_fbEYTvvs--14|Signer01|injured have been taken to hospital god help us|injured have been taken to hospital god help us|-1|-1
rV_fbEYTvvs--17|Signer01|but now the death toll is higher|but now the death toll is higher|-1|-1
VjzbMdwAKes--2|Signer01|if you have missed seeing the video you can watch it on this link|if you have missed seeing the video you can watch it on this link|-1|-1
VjzbMdwAKes--3|Signer01|now there is an update and a very good news|now there is an update and a very good news|-1|-1
VjzbMdwAKes--11|Signer01|he was very happy and his bride was the same height as him|he was very happy and his bride was the same height as him|-1|-1
VjzbMdwAKes--13|Signer01|the family were happy for the beautiful couple as it was a dream come true|the family were happy for the beautiful couple as it was a dream come true|-1|-1
VjzbMdwAKes--15|Signer01|however the wedding was not held immediately|however the wedding was not held immediately|-1|-1
yEphURWQLjY--13|Signer01|everyone was taken to the hospital|everyone was taken to the hospital|-1|-1
yEphURWQLjY--18|Signer01|my target was only imran khan and no one else|my target was only imran khan and no one else|-1|-1
yEphURWQLjY--31|Signer01|now an investigation will be held|now an investigation will be held|-1|-1
yEphURWQLjY--32|Signer01|what do you think could be reason for this let us know in the comments|what do you think could be reason for this let us know in the comments|-1|-1
dMc6yX57088--3|Signer01|many people love whatsapp you know that right|many people love whatsapp you know that right|-1|-1
dMc6yX57088--4|Signer01|whatsapp banned over 26 85 000 indian accounts in the month of september 2022|whatsapp banned over 26 85 000 indian accounts in the month of september 2022|-1|-1
dMc6yX57088--7|Signer01|the remaining were banned after receiving complaint reports from users|the remaining were banned after receiving complaint reports from users|-1|-1
dMc6yX57088--8|Signer01|whatsapp mentioned that users security and privacy is their priority|whatsapp mentioned that users security and privacy is their priority|-1|-1
dMc6yX57088--10|Signer01|they also have retired police officers in the team|they also have retired police officers in the team|-1|-1
lvFD6Gy5id0--2|Signer01|the story went viral and ish news also released about it click here to watch|the story went viral and ish news also released about it click here to watch|-1|-1
lvFD6Gy5id0--4|Signer01|so here is an update|so here is an update|-1|-1
lvFD6Gy5id0--8|Signer01|the bridge was closed for 7 months|the bridge was closed for 7 months|-1|-1
lvFD6Gy5id0--23|Signer01|after the bridge collapsed he & his family were no where to be seen|after the bridge collapsed he & his family were no where to be seen|-1|-1
lvFD6Gy5id0--43|Signer01|while people stood on the bridge someone was seen driving a car on the bridge|while people stood on the bridge someone was seen driving a car on the bridge|-1|-1
MEAbp_wkNcM--10|Signer01|people should change their thinking and accept that musk has already bought twitter|people should change their thinking and accept that musk has already bought twitter|-1|-1
MEAbp_wkNcM--12|Signer01|this means that twitter has been officially taken over by elon musk shocking|this means that twitter has been officially taken over by elon musk shocking|-1|-1
MEAbp_wkNcM--14|Signer01|now twitter will be fully managed by musk himself|now twitter will be fully managed by musk himself|-1|-1
MEAbp_wkNcM--26|Signer01|on 1st of november musk changed some rules and announced that|on 1st of november musk changed some rules and announced that|-1|-1
MEAbp_wkNcM--32|Signer01|people are happy that because of elon musk they can share what they want|people are happy that because of elon musk they can share what they want|-1|-1
ZmeKkiOefRw--3|Signer01|they met on facebook and fell in love after which they got married|they met on facebook and fell in love after which they got married|-1|-1
ZmeKkiOefRw--7|Signer01|it was sweet and happy family|it was sweet and happy family|-1|-1
ZmeKkiOefRw--9|Signer01|all was well but the problems started after 6 months|all was well but the problems started after 6 months|-1|-1
ZmeKkiOefRw--24|Signer01|but the police did not register the case|but the police did not register the case|-1|-1
ZmeKkiOefRw--27|Signer01|they moved houses changed their mobile number their address|they moved houses changed their mobile number their address|-1|-1
Txd3F4gBR80--1|Signer01|similarly around the world there is one person who is very important|similarly around the world there is one person who is very important|-1|-1
Txd3F4gBR80--3|Signer01|i have always seen that a mother is the most powerful|i have always seen that a mother is the most powerful|-1|-1
Txd3F4gBR80--15|Signer01|on 22nd october she gave birth to the child by normal route|on 22nd october she gave birth to the child by normal route|-1|-1
Txd3F4gBR80--16|Signer01|amazing is not it this is the first time such a thing has happened|amazing is not it this is the first time such a thing has happened|-1|-1
4fSwbBDrY3g--18|Signer01|instead of suffering in quarantine they decided to escape|instead of suffering in quarantine they decided to escape|-1|-1
4fSwbBDrY3g--21|Signer01|according to sources around 20 000 workers have been infected with covid-19|according to sources around 20 000 workers have been infected with covid-19|-1|-1
4fSwbBDrY3g--22|Signer01|when a quarantine was imposed people fled|when a quarantine was imposed people fled|-1|-1
4fSwbBDrY3g--25|Signer01|how shocking now is the video real were the staff really infected nothing is clear|how shocking now is the video real were the staff really infected nothing is clear|-1|-1
4fSwbBDrY3g--28|Signer01|the government has become very strict|the government has become very strict|-1|-1
AZ2s4Adm9RU--2|Signer01|click here to check out the entire story now there is an update|click here to check out the entire story now there is an update|-1|-1
AZ2s4Adm9RU--16|Signer01|meanwhile in another incident a deaf girl was raped in andhra pradesh how sad|meanwhile in another incident a deaf girl was raped in andhra pradesh how sad|-1|-1
AZ2s4Adm9RU--19|Signer01|the girl is 14 years old and is studying in class 6|the girl is 14 years old and is studying in class 6|-1|-1
AZ2s4Adm9RU--20|Signer01|while she was sleeping 3 men from her village wanted to rape her|while she was sleeping 3 men from her village wanted to rape her|-1|-1
AZ2s4Adm9RU--26|Signer01|based on the complaint the police arrested the 3 accused|based on the complaint the police arrested the 3 accused|-1|-1
WDGSo7vRKQ4--3|Signer01|there are many such issues and they have no option left|there are many such issues and they have no option left|-1|-1
WDGSo7vRKQ4--13|Signer01|it also helps him read a book different is not it|it also helps him read a book different is not it|-1|-1
WDGSo7vRKQ4--17|Signer01|these eyes can be turned on and off they are just amazing|these eyes can be turned on and off they are just amazing|-1|-1
Wj2L5Jbwj4I--0|Signer01|see this image this strange picture has gone viral|see this image this strange picture has gone viral|-1|-1
Wj2L5Jbwj4I--3|Signer01|she is from iran and kept sharing such images of herself|she is from iran and kept sharing such images of herself|-1|-1
Wj2L5Jbwj4I--23|Signer01|under pressure the government released her after 14 months|under pressure the government released her after 14 months|-1|-1
Wj2L5Jbwj4I--25|Signer01|she revealed that she never did any plastic surgery and it was just a joke|she revealed that she never did any plastic surgery and it was just a joke|-1|-1
Wj2L5Jbwj4I--29|Signer01|she has not revealed her experiences in jail|she has not revealed her experiences in jail|-1|-1
IUuvpVgfWUQ--4|Signer01|that when doctors found that she was four to five months pregnant|that when doctors found that she was four to five months pregnant|-1|-1
IUuvpVgfWUQ--8|Signer01|they learned that a rape case had already been registered at another police station|they learned that a rape case had already been registered at another police station|-1|-1
IUuvpVgfWUQ--12|Signer01|who were they 3 deaf and 1 hearing|who were they 3 deaf and 1 hearing|-1|-1
IUuvpVgfWUQ--17|Signer01|the complaint was filed on 23 october 2022|the complaint was filed on 23 october 2022|-1|-1
Xvv-aJYxJgQ--0|Signer01|a week ago delhi cm arvind kejriwal had announced that|a week ago delhi cm arvind kejriwal had announced that|-1|-1
Xvv-aJYxJgQ--2|Signer01|now arvind kejriwal on 26th of october has demanded that the government|now arvind kejriwal on 26th of october has demanded that the government|-1|-1
MJAue4un8ps--6|Signer01|here is the story|here is the story|-1|-1
Id5jo_ml5dY--4|Signer01|many companies around the world are working on making flying cars|many companies around the world are working on making flying cars|-1|-1
Id5jo_ml5dY--5|Signer01|some failed while some were successful|some failed while some were successful|-1|-1
Id5jo_ml5dY--10|Signer01|people were amazed by the development|people were amazed by the development|-1|-1
Id5jo_ml5dY--18|Signer01|people are also afraid as there are no traffic rules in the sky|people are also afraid as there are no traffic rules in the sky|-1|-1
Id5jo_ml5dY--24|Signer01|some even said that to buy such vehicles and their tickets can be very expensive|some even said that to buy such vehicles and their tickets can be very expensive|-1|-1
gemEjxmQbbM--8|Signer01|the staff will get a 11 day holiday from 22nd october to 1st november 2022|the staff will get a 11 day holiday from 22nd october to 1st november 2022|-1|-1
gemEjxmQbbM--17|Signer01|i want my staff to balance work and personal life|i want my staff to balance work and personal life|-1|-1
gemEjxmQbbM--32|Signer01|the employees had the freedom to sit in their boss rooms as well|the employees had the freedom to sit in their boss rooms as well|-1|-1
gemEjxmQbbM--33|Signer01|every company gives a limit of about 20 medical leave|every company gives a limit of about 20 medical leave|-1|-1
gemEjxmQbbM--39|Signer01|unique and interesting is not it|unique and interesting is not it|-1|-1
vWm8o1VbSOM--0|Signer01|for everyone health is important|for everyone health is important|-1|-1
vWm8o1VbSOM--7|Signer01|on 10th october 2022 which is the world mental health day|on 10th october 2022 which is the world mental health day|-1|-1
vWm8o1VbSOM--10|Signer01|however during covid-19 people were at home and could not meet others or go out|however during covid-19 people were at home and could not meet others or go out|-1|-1
vWm8o1VbSOM--15|Signer01|union health ministry said it was important|union health ministry said it was important|-1|-1
vWm8o1VbSOM--27|Signer01|there is no accessibility for the deaf|there is no accessibility for the deaf|-1|-1
JbB8MYh-dWQ--5|Signer01|let me tell you why|let me tell you why|-1|-1
JbB8MYh-dWQ--26|Signer01|the next pm is expected to be elected next week|the next pm is expected to be elected next week|-1|-1
3SDrJQuo0U8--21|Signer01|this is not permitted under the law|this is not permitted under the law|-1|-1
3SDrJQuo0U8--24|Signer01|this is the argument|this is the argument|-1|-1
KioAa-jCz_M--1|Signer01|a helicopter crash on 18th october 2022 at 11 40 am killed all its passengers|a helicopter crash on 18th october 2022 at 11 40 am killed all its passengers|-1|-1
KioAa-jCz_M--13|Signer01|and asked the state government to keep giving them updates|and asked the state government to keep giving them updates|-1|-1
KioAa-jCz_M--16|Signer01|videos and pictures from the crash site went viral on social media|videos and pictures from the crash site went viral on social media|-1|-1
YPxA0_ZWRng--7|Signer01|the incident occured on 9th october 2022|the incident occured on 9th october 2022|-1|-1
YPxA0_ZWRng--11|Signer01|both of them then walked away from the scene|both of them then walked away from the scene|-1|-1
YPxA0_ZWRng--26|Signer01|his argument was not accepted and he was suspended|his argument was not accepted and he was suspended|-1|-1
cGNqDgAGWTE--5|Signer01|it has a world record to its name|it has a world record to its name|-1|-1
cGNqDgAGWTE--7|Signer01|whoa it is still alive amazing|whoa it is still alive amazing|-1|-1
cGNqDgAGWTE--13|Signer01|and recent photos show him with a young couple|and recent photos show him with a young couple|-1|-1
cGNqDgAGWTE--23|Signer01|wow he has seen so much of development|wow he has seen so much of development|-1|-1
y2AvvQNqzUc--6|Signer01|her death led to several protests by the women which are still going on|her death led to several protests by the women which are still going on|-1|-1
y2AvvQNqzUc--7|Signer01|you can watch related ish news videos on the link here|you can watch related ish news videos on the link here|-1|-1
y2AvvQNqzUc--13|Signer01|below the video she wrote no one can control any woman anywhere in the world|below the video she wrote no one can control any woman anywhere in the world|-1|-1
y2AvvQNqzUc--16|Signer01|the message became viral|the message became viral|-1|-1
y2AvvQNqzUc--19|Signer01|she now wants to support the women of iran|she now wants to support the women of iran|-1|-1
V7hDoatS_vQ--4|Signer01|people are very angry with him let me tell you about the new controversy|people are very angry with him let me tell you about the new controversy|-1|-1
V7hDoatS_vQ--21|Signer01|while some said they will close their accounts at the bank|while some said they will close their accounts at the bank|-1|-1
V7hDoatS_vQ--22|Signer01|however neither the bank nor the actors have commented on the matter so far|however neither the bank nor the actors have commented on the matter so far|-1|-1
Z9qTbl8F5Dw--32|Signer01|oh that was a strong message|oh that was a strong message|-1|-1
Z9qTbl8F5Dw--44|Signer01|the law has been passed|the law has been passed|-1|-1
aQsxDRHvAi4--3|Signer01|they however somehow deliver the order this is common|they however somehow deliver the order this is common|-1|-1
aQsxDRHvAi4--11|Signer01|while some said that zomato does not deliver on time|while some said that zomato does not deliver on time|-1|-1
aQsxDRHvAi4--13|Signer01|this is not the only video there have been several such incidents with zomato|this is not the only video there have been several such incidents with zomato|-1|-1
aQsxDRHvAi4--19|Signer01|the woman was waiting for the delivery when the train started to leave|the woman was waiting for the delivery when the train started to leave|-1|-1
aQsxDRHvAi4--26|Signer01|next time remember to keep calm|next time remember to keep calm|-1|-1
9mIhOwMRmEk--0|Signer01|you all are aware that earlier maharashtra chief minister was uddhav thackeray|you all are aware that earlier maharashtra chief minister was uddhav thackeray|-1|-1
9mIhOwMRmEk--2|Signer01|and then became the chief minister with 40 of shiv sena 50 mla support|and then became the chief minister with 40 of shiv sena 50 mla support|-1|-1
lgPdDcFv8cw--1|Signer01|he passed away today on 10th october 2022|he passed away today on 10th october 2022|-1|-1
lgPdDcFv8cw--4|Signer01|parties across india like bjp congress aap etc were also devastated by the news|parties across india like bjp congress aap etc were also devastated by the news|-1|-1
lgPdDcFv8cw--22|Signer01|he was the chief minister of uttar pradesh for three terms|he was the chief minister of uttar pradesh for three terms|-1|-1
Gb01Bn6PqDs--0|Signer01|around the world before travelling people move around their belonging in different bags|around the world before travelling people move around their belonging in different bags|-1|-1
Gb01Bn6PqDs--3|Signer01|after this you can easily board the flight|after this you can easily board the flight|-1|-1
Gb01Bn6PqDs--6|Signer01|these have to be removed everyone knows this so many items are removed|these have to be removed everyone knows this so many items are removed|-1|-1
PfzgNUJ-JRU--5|Signer01|only amit shah gave a speech to the huge crowd that had gathered|only amit shah gave a speech to the huge crowd that had gathered|-1|-1
PfzgNUJ-JRU--17|Signer01|a bjp spokesperson from jharkhand wrote on twitter saying|a bjp spokesperson from jharkhand wrote on twitter saying|-1|-1
PfzgNUJ-JRU--22|Signer01|this means india is changing many others commented as well|this means india is changing many others commented as well|-1|-1
s9gTeN0XyNk--2|Signer01|mumbai delhi kolkata hyderabad and chennai|mumbai delhi kolkata hyderabad and chennai|-1|-1
s9gTeN0XyNk--6|Signer01|it is almost 2 years how shocking that people have to wait for so long|it is almost 2 years how shocking that people have to wait for so long|-1|-1
s9gTeN0XyNk--9|Signer01|how strange many people are suffering because of this|how strange many people are suffering because of this|-1|-1
s9gTeN0XyNk--12|Signer01|so why does india have such a long wait time|so why does india have such a long wait time|-1|-1
s9gTeN0XyNk--17|Signer01|you have to plan like this whoa people are not at all happy with this|you have to plan like this whoa people are not at all happy with this|-1|-1
YvGAYm3nVMA--6|Signer01|what is the reason for this the company said that|what is the reason for this the company said that|-1|-1
YvGAYm3nVMA--18|Signer01|the ministry said that the company must think of different ways to save the environment|the ministry said that the company must think of different ways to save the environment|-1|-1
MR4XQ2x5o48--2|Signer01|strange let me tell you about it|strange let me tell you about it|-1|-1
MR4XQ2x5o48--4|Signer01|he was posted in ahmedabad gujarat|he was posted in ahmedabad gujarat|-1|-1
MR4XQ2x5o48--18|Signer01|they have two children — a 5 year old son|they have two children — a 5 year old son|-1|-1
MR4XQ2x5o48--30|Signer01|where medical tests declared him dead ”|where medical tests declared him dead ”|-1|-1
MR4XQ2x5o48--35|Signer01|“the family can not be arrested and no case can be filed|“the family can not be arrested and no case can be filed|-1|-1
eJWG8uWebSk--1|Signer01|the story of her death is very heartbreaking|the story of her death is very heartbreaking|-1|-1
eJWG8uWebSk--12|Signer01|however this girl is dead people were shocked|however this girl is dead people were shocked|-1|-1
eJWG8uWebSk--18|Signer01|hundreds of people have also been arrested by the police|hundreds of people have also been arrested by the police|-1|-1
eJWG8uWebSk--20|Signer01|people said they are not protesting against the hijab|people said they are not protesting against the hijab|-1|-1
eJWG8uWebSk--22|Signer01|they want to have the choice of wearing and doing what they want|they want to have the choice of wearing and doing what they want|-1|-1
5vMTsuUv-Oc--5|Signer01|he was the one who leaked the footage on social media|he was the one who leaked the footage on social media|-1|-1
5vMTsuUv-Oc--13|Signer01|singh was also in love with her|singh was also in love with her|-1|-1
5vMTsuUv-Oc--14|Signer01|the girl and singh were in constant contact on messages|the girl and singh were in constant contact on messages|-1|-1
5vMTsuUv-Oc--18|Signer01|singh was asking the girl to send more photos and videos|singh was asking the girl to send more photos and videos|-1|-1
5vMTsuUv-Oc--20|Signer01|singh and the girl both have been arrested|singh and the girl both have been arrested|-1|-1
AKvWUfY4OSQ--6|Signer01|he thought the university would not help so he tweeted saying|he thought the university would not help so he tweeted saying|-1|-1
AKvWUfY4OSQ--22|Signer01|has led to the student arrest people posted many such angry comments|has led to the student arrest people posted many such angry comments|-1|-1
AKvWUfY4OSQ--39|Signer01|they have understood that it was wrong the arrest the student|they have understood that it was wrong the arrest the student|-1|-1
1MubrkPLmZY--1|Signer01|everyday there are so problems everyday here is very shocking story|everyday there are so problems everyday here is very shocking story|-1|-1
1MubrkPLmZY--3|Signer01|they both worked in a gas agency|they both worked in a gas agency|-1|-1
1MubrkPLmZY--9|Signer01|finally he was caught by the police|finally he was caught by the police|-1|-1
_dKbX0LJYH8--5|Signer01|oh my for 30 years no theatres no movies nothing|oh my for 30 years no theatres no movies nothing|-1|-1
_dKbX0LJYH8--15|Signer01|similarly across the state theatres falling apart|similarly across the state theatres falling apart|-1|-1
_dKbX0LJYH8--17|Signer01|she wants to open theatres across the state|she wants to open theatres across the state|-1|-1
_dKbX0LJYH8--26|Signer01|for 30 years there were no theatres and people suffered finally people can watch movies|for 30 years there were no theatres and people suffered finally people can watch movies|-1|-1
uSymBXx92rA--4|Signer01|he was rushed to the hospital and doctors found that he had a heart attack|he was rushed to the hospital and doctors found that he had a heart attack|-1|-1
kfB5wR5Uqpg--13|Signer01|he told them about the passenger and when the flight landed in dubai|he told them about the passenger and when the flight landed in dubai|-1|-1
QWx3gkXs52E--4|Signer01|dogs are considered man best friend and are loved by people|dogs are considered man best friend and are loved by people|-1|-1
QWx3gkXs52E--5|Signer01|however this man was different|however this man was different|-1|-1
QWx3gkXs52E--8|Signer01|you would be shocked to know who the driver of the car was|you would be shocked to know who the driver of the car was|-1|-1
QWx3gkXs52E--30|Signer01|sadly 21 people lost their lives|sadly 21 people lost their lives|-1|-1
QWx3gkXs52E--31|Signer01|people of kerala are fed up with this|people of kerala are fed up with this|-1|-1
PmlGTPIiAWc--11|Signer01|pm from new zealand australia and bangladesh also attended the funeral|pm from new zealand australia and bangladesh also attended the funeral|-1|-1
PmlGTPIiAWc--15|Signer01|during the queen funeral the uk was shut down|during the queen funeral the uk was shut down|-1|-1
PmlGTPIiAWc--16|Signer01|many youngsters around the country were very unhappy with this|many youngsters around the country were very unhappy with this|-1|-1
HBsmUYZ7oK8--12|Signer01|seeing this the students protested on the night of 17th september 2022 itself|seeing this the students protested on the night of 17th september 2022 itself|-1|-1
HBsmUYZ7oK8--14|Signer01|surprisingly the accused confessed to recording the videos|surprisingly the accused confessed to recording the videos|-1|-1
HBsmUYZ7oK8--21|Signer01|do not worry i request you all to be calm|do not worry i request you all to be calm|-1|-1
Bg9Oz_yDfk8--1|Signer01|also in all the government building in uk|also in all the government building in uk|-1|-1
Bg9Oz_yDfk8--16|Signer01|let me tell you some of the things that will be changed|let me tell you some of the things that will be changed|-1|-1
Bg9Oz_yDfk8--25|Signer01|and facing right on the coins|and facing right on the coins|-1|-1
Bg9Oz_yDfk8--28|Signer01|this will take a long time and also a lot of money|this will take a long time and also a lot of money|-1|-1
Bg9Oz_yDfk8--41|Signer01|there will be no forced change everything will be changed in due course|there will be no forced change everything will be changed in due course|-1|-1
BskL5hzF6Jw--2|Signer01|there is competition even in education to stand first all these causes stress|there is competition even in education to stand first all these causes stress|-1|-1
BskL5hzF6Jw--3|Signer01|there is competition in every field even like movie making acting etc|there is competition in every field even like movie making acting etc|-1|-1
BskL5hzF6Jw--5|Signer01|a shocking incident occurred was for a minor reason yet it was deadly|a shocking incident occurred was for a minor reason yet it was deadly|-1|-1
BskL5hzF6Jw--16|Signer01|the parents filed a complaint with the police|the parents filed a complaint with the police|-1|-1
BskL5hzF6Jw--20|Signer01|she killed him for such a small reason|she killed him for such a small reason|-1|-1
8NWsK6iEL5s--1|Signer01|today the tickets were to be available for rs 75|today the tickets were to be available for rs 75|-1|-1
8NWsK6iEL5s--2|Signer01|no in an update this has now been postponed to 23rd september 2022|no in an update this has now been postponed to 23rd september 2022|-1|-1
8NWsK6iEL5s--5|Signer01|they have now decided to offer tickets at rs 75 on 23rd september 2022|they have now decided to offer tickets at rs 75 on 23rd september 2022|-1|-1
8NWsK6iEL5s--6|Signer01|according to sources the real reason was something else|according to sources the real reason was something else|-1|-1
8NWsK6iEL5s--9|Signer01|with the announcement of the special offer people will go to watch the movie|with the announcement of the special offer people will go to watch the movie|-1|-1
R7jANkk9yrc--14|Signer01|he ran away immediately|he ran away immediately|-1|-1
R7jANkk9yrc--18|Signer01|in june another thief was more successful|in june another thief was more successful|-1|-1
uEb9gve9b7s--2|Signer01|we trust companies like amazon and others|we trust companies like amazon and others|-1|-1
uEb9gve9b7s--3|Signer01|however now this trust has now been broken|however now this trust has now been broken|-1|-1
uEb9gve9b7s--10|Signer01|the video received more than 2 million views on twitter|the video received more than 2 million views on twitter|-1|-1
uEb9gve9b7s--13|Signer01|an amazon spokesperson said the video was from march this year|an amazon spokesperson said the video was from march this year|-1|-1
uEb9gve9b7s--15|Signer01|people wondered why the video became viral so late|people wondered why the video became viral so late|-1|-1
j7ZyPTfUwzA--3|Signer01|years ago india afghanistan pakistan were all part of the same territory|years ago india afghanistan pakistan were all part of the same territory|-1|-1
j7ZyPTfUwzA--8|Signer01|here a list|here a list|-1|-1
j7ZyPTfUwzA--32|Signer01|it was a beautiful and a strong structure|it was a beautiful and a strong structure|-1|-1
j7ZyPTfUwzA--41|Signer01|suddenly the british museum would be empty it is not going to be possible|suddenly the british museum would be empty it is not going to be possible|-1|-1
d0Zgo21ODIE--15|Signer01|he thought of a different way to achieve his goal|he thought of a different way to achieve his goal|-1|-1
d0Zgo21ODIE--26|Signer01|his family is very happy|his family is very happy|-1|-1
d0Zgo21ODIE--27|Signer01|all this is because of his will power|all this is because of his will power|-1|-1
B4Uc-hHhBYc--21|Signer01|the family for scared for their safety|the family for scared for their safety|-1|-1
B4Uc-hHhBYc--23|Signer01|a police officer said that the family has not told them anything about the threats|a police officer said that the family has not told them anything about the threats|-1|-1
hjMD1ugxwTk--4|Signer01|the disease entered india bangladesh and china in july 2019|the disease entered india bangladesh and china in july 2019|-1|-1
hjMD1ugxwTk--9|Signer01|in other states however the deaths are less than 100|in other states however the deaths are less than 100|-1|-1
hjMD1ugxwTk--11|Signer01|this has helped improve the situation|this has helped improve the situation|-1|-1
w93F5mS5eks--7|Signer01|the government has told these 4 government organisations|the government has told these 4 government organisations|-1|-1
w93F5mS5eks--11|Signer01|the government has ordered the launch of 700 more alcohol shops|the government has ordered the launch of 700 more alcohol shops|-1|-1
w93F5mS5eks--16|Signer01|how will they set up shops in such a tiny space|how will they set up shops in such a tiny space|-1|-1
w93F5mS5eks--21|Signer01|be wise and take care let us know what you think|be wise and take care let us know what you think|-1|-1
zVJ99vLgibs--1|Signer01|people have been suffering and several schools have been closed|people have been suffering and several schools have been closed|-1|-1
zVJ99vLgibs--9|Signer01|the video went viral|the video went viral|-1|-1
zVJ99vLgibs--12|Signer01|was busy enjoying his meal does not he understand|was busy enjoying his meal does not he understand|-1|-1
zVJ99vLgibs--17|Signer01|hence his going for a meal was not a problem|hence his going for a meal was not a problem|-1|-1
zVJ99vLgibs--20|Signer01|following this on 10th september 2022 the congress workers|following this on 10th september 2022 the congress workers|-1|-1
iGdg-iGlUFg--0|Signer01|in 2020 ms dhoni announced his retirement from all forms of international cricket|in 2020 ms dhoni announced his retirement from all forms of international cricket|-1|-1
iGdg-iGlUFg--4|Signer01|the 35 year old cricketer announced his decision on twitter|the 35 year old cricketer announced his decision on twitter|-1|-1
UU3LQbAY9Z4--0|Signer01|here is a very strange news|here is a very strange news|-1|-1
UU3LQbAY9Z4--17|Signer01|no official complaint has been filed yet what a strange incident|no official complaint has been filed yet what a strange incident|-1|-1
UU3LQbAY9Z4--19|Signer01|whoa a 6 hour delay|whoa a 6 hour delay|-1|-1
xE4OWKly90Q--4|Signer01|since india lost against pakistan and sri lanka they were out of the tournament|since india lost against pakistan and sri lanka they were out of the tournament|-1|-1
xE4OWKly90Q--6|Signer01|now in the pakistan afghanistan match if afghanistan would win then they would play india|now in the pakistan afghanistan match if afghanistan would win then they would play india|-1|-1
xE4OWKly90Q--9|Signer01|afghanistan and india have left for home|afghanistan and india have left for home|-1|-1
xE4OWKly90Q--21|Signer01|the security could not control things as it went out of hand|the security could not control things as it went out of hand|-1|-1
KzSSEvdvKRU--6|Signer01|the decision was taken to protect the environment|the decision was taken to protect the environment|-1|-1
KzSSEvdvKRU--8|Signer01|people said the ban is against indian culture|people said the ban is against indian culture|-1|-1
KzSSEvdvKRU--9|Signer01|there is always some or the other ban during any festival|there is always some or the other ban during any festival|-1|-1
KzSSEvdvKRU--16|Signer01|kejriwal called it a fake film and said that those deaths never took place|kejriwal called it a fake film and said that those deaths never took place|-1|-1
XRuM3OlbrMo--2|Signer01|message or call the agent pay online etc everything can be done on the app|message or call the agent pay online etc everything can be done on the app|-1|-1
XRuM3OlbrMo--11|Signer01|he took a picture and posted it on twitter and said|he took a picture and posted it on twitter and said|-1|-1
XRuM3OlbrMo--18|Signer01|everyone had a good laugh with the strange incident|everyone had a good laugh with the strange incident|-1|-1
XRuM3OlbrMo--20|Signer01|there yet another similar weird incident|there yet another similar weird incident|-1|-1
XRuM3OlbrMo--27|Signer01|and that is why wrote bring 500 - change|and that is why wrote bring 500 - change|-1|-1
MnCcM6PZrug--5|Signer01|to celebrate this special day there is an offer on movie tickets it true|to celebrate this special day there is an offer on movie tickets it true|-1|-1
MnCcM6PZrug--7|Signer01|they said that movie tickets would be available at just rs 75|they said that movie tickets would be available at just rs 75|-1|-1
MnCcM6PZrug--11|Signer01|is not it wonderful news|is not it wonderful news|-1|-1
MnCcM6PZrug--20|Signer01|this is why the competition let us know your thoughts in the comment section|this is why the competition let us know your thoughts in the comment section|-1|-1
yCrNgJsOS6A--1|Signer01|they have recently started dating the sign name for maldives has been changed to this|they have recently started dating the sign name for maldives has been changed to this|-1|-1
yCrNgJsOS6A--2|Signer01|images of them in maldives had gone viral and people were shocked by the relationship|images of them in maldives had gone viral and people were shocked by the relationship|-1|-1
yCrNgJsOS6A--4|Signer01|ish had shared a video about this click here to watch|ish had shared a video about this click here to watch|-1|-1
yCrNgJsOS6A--17|Signer01|nothing is clear yet let us know what you think in the comments|nothing is clear yet let us know what you think in the comments|-1|-1
E8QMGdRi66s--2|Signer01|you can click here to watch the ish news video|you can click here to watch the ish news video|-1|-1
B2VmZGI-m5w--5|Signer01|last year the news inspired many|last year the news inspired many|-1|-1
B2VmZGI-m5w--9|Signer01|when he finally got a baby girl he was overjoyed and celebrated her|when he finally got a baby girl he was overjoyed and celebrated her|-1|-1
B2VmZGI-m5w--12|Signer01|on 17th august 2022 when his daughter turned a year old|on 17th august 2022 when his daughter turned a year old|-1|-1
onNSvHmicw0--4|Signer01|the incident took place on 29th august 2022|the incident took place on 29th august 2022|-1|-1
onNSvHmicw0--11|Signer01|and that is why they beat them up|and that is why they beat them up|-1|-1
onNSvHmicw0--12|Signer01|after the incident that happened on 29th august became viral|after the incident that happened on 29th august became viral|-1|-1
onNSvHmicw0--19|Signer01|the management said that if a complaint is filed|the management said that if a complaint is filed|-1|-1
onNSvHmicw0--29|Signer01|the school management however failed to show the marks on paper|the school management however failed to show the marks on paper|-1|-1
jUsBUcJcSfE--0|Signer01|recently ish news released a video about dangerous floods in pakistan that killed many people|recently ish news released a video about dangerous floods in pakistan that killed many people|-1|-1
jUsBUcJcSfE--1|Signer01|click here to check out the video|click here to check out the video|-1|-1
jUsBUcJcSfE--9|Signer01|he said india pakistan have a big problem which is jammu kashmir|he said india pakistan have a big problem which is jammu kashmir|-1|-1
RiXdM9iyZSM--4|Signer01|the property was purchased recently in 2022 but it was a secret|the property was purchased recently in 2022 but it was a secret|-1|-1
RiXdM9iyZSM--10|Signer01|many people have purchased these luxury properties|many people have purchased these luxury properties|-1|-1
e7dE6QmFCR4--1|Signer01|with a quick change in weather from cold to hot|with a quick change in weather from cold to hot|-1|-1
e7dE6QmFCR4--5|Signer01|rains have caused massive floods in the country|rains have caused massive floods in the country|-1|-1
e7dE6QmFCR4--13|Signer01|over 1 lakh home have been destroyed|over 1 lakh home have been destroyed|-1|-1
e7dE6QmFCR4--31|Signer01|they are taking a lot of efforts to rescue people|they are taking a lot of efforts to rescue people|-1|-1
e7dE6QmFCR4--35|Signer01|yesterday on 29 august 2022 prime minister modi said that|yesterday on 29 august 2022 prime minister modi said that|-1|-1
-mgyMrPGXjs--8|Signer01|normal people fail to understand these high ended prices you all know this|normal people fail to understand these high ended prices you all know this|-1|-1
-mgyMrPGXjs--15|Signer01|what is the need for such a bag|what is the need for such a bag|-1|-1
-mgyMrPGXjs--18|Signer01|like black blue etc people loved the design|like black blue etc people loved the design|-1|-1
-mgyMrPGXjs--20|Signer01|but the design is so basic|but the design is so basic|-1|-1
-mgyMrPGXjs--26|Signer01|i did not want to design something which received a normal response|i did not want to design something which received a normal response|-1|-1
L5EOUsmMgwM--1|Signer01|according to the police|according to the police|-1|-1
L5EOUsmMgwM--5|Signer01|the woman was immediately arrested|the woman was immediately arrested|-1|-1
L5EOUsmMgwM--18|Signer01|however she was caught by the police and jailed|however she was caught by the police and jailed|-1|-1
L5EOUsmMgwM--20|Signer01|the police also told the family that further investigation is going on|the police also told the family that further investigation is going on|-1|-1
O-uW6EVHqoM--8|Signer01|he is an amazing player|he is an amazing player|-1|-1
O-uW6EVHqoM--11|Signer01|with a quote state brand ambassador|with a quote state brand ambassador|-1|-1
m-w_78fDg9M--8|Signer01|4th is india with 65 000 km|4th is india with 65 000 km|-1|-1
m-w_78fDg9M--10|Signer01|which is used to carry approximately 24 million passengers daily|which is used to carry approximately 24 million passengers daily|-1|-1
m-w_78fDg9M--15|Signer01|indian railways made a new and amazing train|indian railways made a new and amazing train|-1|-1
zyvXu0nLgFI--3|Signer01|later they separated now according to sources aamir will soon marry for the 3rd time|later they separated now according to sources aamir will soon marry for the 3rd time|-1|-1
E1HF1gNEa5Q--11|Signer01|people were surprised by these claims|people were surprised by these claims|-1|-1
tUbNx5Vkdz4--2|Signer01|as it was believed that it will bring success|as it was believed that it will bring success|-1|-1
tUbNx5Vkdz4--4|Signer01|the incident is from maharashtra|the incident is from maharashtra|-1|-1
tUbNx5Vkdz4--16|Signer01|the pooja was done in the woman husband office and at home|the pooja was done in the woman husband office and at home|-1|-1
tUbNx5Vkdz4--17|Signer01|he also asked her to be taken to another place|he also asked her to be taken to another place|-1|-1
SRHjUd2Lu1Y--0|Signer01|you may have seen the viral video on social media|you may have seen the viral video on social media|-1|-1
SRHjUd2Lu1Y--16|Signer01|it is extremely difficult but they do not have any choice|it is extremely difficult but they do not have any choice|-1|-1
_unAAQZanaI--5|Signer01|tell me tell you the reason|tell me tell you the reason|-1|-1
_unAAQZanaI--19|Signer01|after this incident there was violence in the area|after this incident there was violence in the area|-1|-1
_unAAQZanaI--20|Signer01|ish news had released videos about the same you can check it out here|ish news had released videos about the same you can check it out here|-1|-1
_unAAQZanaI--25|Signer01|the farmers demanded that ajay mishra be removed and the 4 farmers be released|the farmers demanded that ajay mishra be removed and the 4 farmers be released|-1|-1
_unAAQZanaI--26|Signer01|these were the 4 demands|these were the 4 demands|-1|-1
jLwvQ4URDFY--0|Signer01|on 18th august 2022 a very shocking incident occured|on 18th august 2022 a very shocking incident occured|-1|-1
jLwvQ4URDFY--5|Signer01|because of this incident there was a high alert|because of this incident there was a high alert|-1|-1
jLwvQ4URDFY--17|Signer01|one person was identified|one person was identified|-1|-1
jLwvQ4URDFY--26|Signer01|such a report was shared|such a report was shared|-1|-1
jLwvQ4URDFY--29|Signer01|he did not know how his number was used|he did not know how his number was used|-1|-1
9TjC4dIv-b8--10|Signer01|and as it is being used across the nation for payments|and as it is being used across the nation for payments|-1|-1
9TjC4dIv-b8--17|Signer01|this is because the government wants to encourage digital payments|this is because the government wants to encourage digital payments|-1|-1
HAhuvkbDdJo--1|Signer01|she had gone there on a holiday|she had gone there on a holiday|-1|-1
HAhuvkbDdJo--3|Signer01|after opening the bag she pushed it away in fear|after opening the bag she pushed it away in fear|-1|-1
HAhuvkbDdJo--9|Signer01|the animals were secured and the bag was handed over to us|the animals were secured and the bag was handed over to us|-1|-1
S8cBlAI_CXY--4|Signer01|there is a similar real life story as well|there is a similar real life story as well|-1|-1
S8cBlAI_CXY--9|Signer01|what a surprising story|what a surprising story|-1|-1
S8cBlAI_CXY--11|Signer01|and the conversation shocked him he shared it on twitter|and the conversation shocked him he shared it on twitter|-1|-1
S8cBlAI_CXY--20|Signer01|the boy agreed and the video went viral it has more than 32 000 views|the boy agreed and the video went viral it has more than 32 000 views|-1|-1
S8cBlAI_CXY--28|Signer01|if you know any other stories like this let us know in the comments|if you know any other stories like this let us know in the comments|-1|-1
TTJ2yeOwslg--1|Signer01|while some fall in love and get married|while some fall in love and get married|-1|-1
TTJ2yeOwslg--3|Signer01|now here is a strange story|now here is a strange story|-1|-1
TTJ2yeOwslg--7|Signer01|they were dating for 3 years|they were dating for 3 years|-1|-1
TTJ2yeOwslg--19|Signer01|one user wrote what the f k|one user wrote what the f k|-1|-1
TTJ2yeOwslg--20|Signer01|another person said if she wanted to get infected they could have just had sex|another person said if she wanted to get infected they could have just had sex|-1|-1
5ecllF_VFSM--11|Signer01|sadly he passed away|sadly he passed away|-1|-1
5oIL3_USoNI--0|Signer01|on 15th august 2022 india completed 75 years of independence|on 15th august 2022 india completed 75 years of independence|-1|-1
5oIL3_USoNI--20|Signer01|fold the damaged flag as per rule|fold the damaged flag as per rule|-1|-1
XKqChwmfyeI--1|Signer01|now there is something new|now there is something new|-1|-1
XKqChwmfyeI--17|Signer01|32 lakh passengers travel per day in these buses|32 lakh passengers travel per day in these buses|-1|-1
LkjXRPq_2mo--0|Signer01|whenever we talk about covid-19 the first thing that comes to our mind is china|whenever we talk about covid-19 the first thing that comes to our mind is china|-1|-1
LkjXRPq_2mo--1|Signer01|no one will forget that covid-19 started from china|no one will forget that covid-19 started from china|-1|-1
91GVHgxW8RA--0|Signer01|you all are aware that reliance industries chairman mukesh ambani is world 10th richest man|you all are aware that reliance industries chairman mukesh ambani is world 10th richest man|-1|-1
91GVHgxW8RA--1|Signer01|recently he received several death threats on a phone call|recently he received several death threats on a phone call|-1|-1
91GVHgxW8RA--2|Signer01|shocking let me tell you|shocking let me tell you|-1|-1
91GVHgxW8RA--30|Signer01|this is the second threat that ambani has received|this is the second threat that ambani has received|-1|-1
91GVHgxW8RA--32|Signer01|now this is the second threat given on a phone call|now this is the second threat given on a phone call|-1|-1
QlK3oGipyMU--2|Signer01|we even saw some amazing event by india|we even saw some amazing event by india|-1|-1
QlK3oGipyMU--8|Signer01|we do not need to worry about shortage of fuel in future|we do not need to worry about shortage of fuel in future|-1|-1
QlK3oGipyMU--20|Signer01|a lot of people attended the ceremony|a lot of people attended the ceremony|-1|-1
lrGnC0AgAE4--20|Signer01|many people posted such comments|many people posted such comments|-1|-1
XCLG1QYJDCQ--14|Signer01|the manager was surprised by the fact that everyone was stuck in traffic|the manager was surprised by the fact that everyone was stuck in traffic|-1|-1
XCLG1QYJDCQ--15|Signer01|he knew that all of them were lying|he knew that all of them were lying|-1|-1
XCLG1QYJDCQ--26|Signer01|the manager agreed and the employee was back|the manager agreed and the employee was back|-1|-1
XCLG1QYJDCQ--36|Signer01|what you think was the action right|what you think was the action right|-1|-1
XCLG1QYJDCQ--38|Signer01|have you heard of any such story do let us know in the comments|have you heard of any such story do let us know in the comments|-1|-1
oNdnVu48VAQ--4|Signer01|i did not smoke inside a real plane|i did not smoke inside a real plane|-1|-1
oNdnVu48VAQ--7|Signer01|the video will be ready in 2024|the video will be ready in 2024|-1|-1
oNdnVu48VAQ--12|Signer01|how would i smoke|how would i smoke|-1|-1
oNdnVu48VAQ--19|Signer01|someone took a video and made it viral|someone took a video and made it viral|-1|-1
e-D4k38pSrE--2|Signer01|however in india delhi with rising covid cases a 4th wave is expected soon|however in india delhi with rising covid cases a 4th wave is expected soon|-1|-1
e-D4k38pSrE--3|Signer01|what is the reason for this|what is the reason for this|-1|-1
e-D4k38pSrE--10|Signer01|a fine of rs 500 will be imposed on those who break the rule|a fine of rs 500 will be imposed on those who break the rule|-1|-1
e-D4k38pSrE--11|Signer01|these rules were made after looking at the rising cases in delhi|these rules were made after looking at the rising cases in delhi|-1|-1
e-D4k38pSrE--12|Signer01|now it is not sure whether whether other states follow suit|now it is not sure whether whether other states follow suit|-1|-1
WB9ALmwBWQc--21|Signer01|information in newspapers in different while some said 14 people were infected|information in newspapers in different while some said 14 people were infected|-1|-1
8CJshFfbJ5U--0|Signer01|a married woman who has children was looking out for a job|a married woman who has children was looking out for a job|-1|-1
8CJshFfbJ5U--16|Signer01|i was lost and could not go back|i was lost and could not go back|-1|-1
8CJshFfbJ5U--19|Signer01|but later my husband died|but later my husband died|-1|-1
8CJshFfbJ5U--34|Signer01|whenever they asked the agent replied the same and asked us to forget her|whenever they asked the agent replied the same and asked us to forget her|-1|-1
8CJshFfbJ5U--40|Signer01|if you know of any such stories do let us know in the comments|if you know of any such stories do let us know in the comments|-1|-1
pBLzS4DO5oE--3|Signer01|earlier ish news had released a video when india had won 6 medals|earlier ish news had released a video when india had won 6 medals|-1|-1
pBLzS4DO5oE--4|Signer01|you can see the video on this link here|you can see the video on this link here|-1|-1
pBLzS4DO5oE--25|Signer01|this victory comes at the right time when india is completing 75 years of independence|this victory comes at the right time when india is completing 75 years of independence|-1|-1
pBLzS4DO5oE--27|Signer01|what an exciting feeling|what an exciting feeling|-1|-1
tyTHT28aBcY--3|Signer01|many people go through this|many people go through this|-1|-1
tyTHT28aBcY--4|Signer01|people get married and have children|people get married and have children|-1|-1
tyTHT28aBcY--17|Signer01|when parents force the child to speak they panic when the child does not respond|when parents force the child to speak they panic when the child does not respond|-1|-1
tyTHT28aBcY--56|Signer01|when you fail to communicate think how to talk to the deaf person|when you fail to communicate think how to talk to the deaf person|-1|-1
tyTHT28aBcY--66|Signer01|but there are solutions so remember that|but there are solutions so remember that|-1|-1
AMv30ab8780--5|Signer01|to build an aircraft amazing|to build an aircraft amazing|-1|-1
AMv30ab8780--8|Signer01|then during the covid-19 lockdown he was a home|then during the covid-19 lockdown he was a home|-1|-1
AMv30ab8780--10|Signer01|during the lockdown he thought of building an aircraft and started planning for it|during the lockdown he thought of building an aircraft and started planning for it|-1|-1
AMv30ab8780--11|Signer01|ashok told his story to the sun newspaper which published it|ashok told his story to the sun newspaper which published it|-1|-1
AMv30ab8780--13|Signer01|i started planning but first it was important to save money during the lockdown|i started planning but first it was important to save money during the lockdown|-1|-1
7Mo9_TrU48A--0|Signer01|most of the indians are from middle class families|most of the indians are from middle class families|-1|-1
7Mo9_TrU48A--3|Signer01|this is all around india|this is all around india|-1|-1
rJE_my6CgwY--2|Signer01|bcci is the richest cricket board in the world|bcci is the richest cricket board in the world|-1|-1
rJE_my6CgwY--7|Signer01|for the one day international series|for the one day international series|-1|-1
rJE_my6CgwY--9|Signer01|you would be thinking it was due to covid-19 but that was not the reason|you would be thinking it was due to covid-19 but that was not the reason|-1|-1
rJE_my6CgwY--10|Signer01|indian team travelling included 16 players|indian team travelling included 16 players|-1|-1
rJE_my6CgwY--14|Signer01|everyone would have to be sent in separate groups|everyone would have to be sent in separate groups|-1|-1
CRJSZ2e7BU0--3|Signer01|let me tell you how|let me tell you how|-1|-1
CRJSZ2e7BU0--24|Signer01|he was extremely happy|he was extremely happy|-1|-1
5UaMRPEiKkA--1|Signer01|now in asia it seems like china and taiwan too will go to war|now in asia it seems like china and taiwan too will go to war|-1|-1
5UaMRPEiKkA--13|Signer01|this is according to many experts|this is according to many experts|-1|-1
5UaMRPEiKkA--25|Signer01|if there is a war is taiwan ready for it|if there is a war is taiwan ready for it|-1|-1
5UaMRPEiKkA--29|Signer01|the us is selling arms to taiwan|the us is selling arms to taiwan|-1|-1
5UaMRPEiKkA--32|Signer01|us president joe biden in may had said that if taiwan is attacked|us president joe biden in may had said that if taiwan is attacked|-1|-1
kHDQ5BBZrcs--4|Signer01|he is finding it difficult to make a living|he is finding it difficult to make a living|-1|-1
kHDQ5BBZrcs--10|Signer01|he has around 1 2 million instagram followers|he has around 1 2 million instagram followers|-1|-1
kHDQ5BBZrcs--20|Signer01|you cannot understand what inside someone head till you talk to them|you cannot understand what inside someone head till you talk to them|-1|-1
kHDQ5BBZrcs--22|Signer01|you cannot judge someone|you cannot judge someone|-1|-1
SqunF-BYKVg--17|Signer01|the movement has gone viral|the movement has gone viral|-1|-1
VJy1TDfap3s--2|Signer01|ish news had also released many videos about this|ish news had also released many videos about this|-1|-1
VJy1TDfap3s--5|Signer01|people think that i am demanding a lot of money that is not the truth|people think that i am demanding a lot of money that is not the truth|-1|-1
VJy1TDfap3s--14|Signer01|she now lives there with her mother|she now lives there with her mother|-1|-1
pyKL3eS5NGI--25|Signer01|they said afghanistan and the usa should have a strong bond|they said afghanistan and the usa should have a strong bond|-1|-1
XCZAs2NKCEk--17|Signer01|in february a saudi man made similar donations|in february a saudi man made similar donations|-1|-1
sR84ozub1oQ--2|Signer01|the 50 year old man is from iran|the 50 year old man is from iran|-1|-1
sR84ozub1oQ--6|Signer01|the doctors did multiple test but were not able to find the cause|the doctors did multiple test but were not able to find the cause|-1|-1
sR84ozub1oQ--9|Signer01|the man had pushed the bottom of the bottle in first|the man had pushed the bottom of the bottle in first|-1|-1
WpCWR-s00d8--14|Signer01|following the social media controversy ms dhoni quit as brand ambassador|following the social media controversy ms dhoni quit as brand ambassador|-1|-1
WpCWR-s00d8--23|Signer01|then in april 2019 dhoni went to the supreme court of india|then in april 2019 dhoni went to the supreme court of india|-1|-1
WpCWR-s00d8--35|Signer01|and there is a such a huge scam|and there is a such a huge scam|-1|-1
WpCWR-s00d8--36|Signer01|so what was the supreme court order|so what was the supreme court order|-1|-1
WpCWR-s00d8--47|Signer01|or you do not know if you do let us know in the comments|or you do not know if you do let us know in the comments|-1|-1
JpAZvLTDfPA--10|Signer01|social media whatsapp instagram stories etc were flooded with such posts|social media whatsapp instagram stories etc were flooded with such posts|-1|-1
JpAZvLTDfPA--31|Signer01|the couple held a private ceremony at the $ 100 million island|the couple held a private ceremony at the $ 100 million island|-1|-1
JpAZvLTDfPA--38|Signer01|even though the room maybe shut she wants him away from her|even though the room maybe shut she wants him away from her|-1|-1
JpAZvLTDfPA--53|Signer01|then why is that 6 years later there is a huge controversy|then why is that 6 years later there is a huge controversy|-1|-1
JpAZvLTDfPA--58|Signer01|she was never able to open up women have a culture of not speaking up|she was never able to open up women have a culture of not speaking up|-1|-1
g8liHSy9NBE--1|Signer01|you can watch the ish news video|you can watch the ish news video|-1|-1
g8liHSy9NBE--2|Signer01|in an update related to it there is a huge controversy|in an update related to it there is a huge controversy|-1|-1
g8liHSy9NBE--11|Signer01|i have two daughters and four other girls in my family|i have two daughters and four other girls in my family|-1|-1
g8liHSy9NBE--12|Signer01|and i kept telling them to not open any news or social media|and i kept telling them to not open any news or social media|-1|-1
g8liHSy9NBE--23|Signer01|in an update in indore madhya pradesh an ngo|in an update in indore madhya pradesh an ngo|-1|-1
FI3MQppcF_w--2|Signer01|ish news has released multiple videos about this in the past|ish news has released multiple videos about this in the past|-1|-1
FI3MQppcF_w--4|Signer01|click on those for the entire story|click on those for the entire story|-1|-1
FI3MQppcF_w--6|Signer01|now there is an update in this news|now there is an update in this news|-1|-1
FI3MQppcF_w--17|Signer01|the pune police claim of having rs 1 crore|the pune police claim of having rs 1 crore|-1|-1
FI3MQppcF_w--45|Signer01|please understand this and return the money|please understand this and return the money|-1|-1
PjEoaMLqE_I--0|Signer01|mumbai is known for its local trains which are always busy|mumbai is known for its local trains which are always busy|-1|-1
PjEoaMLqE_I--6|Signer01|why let me tell you|why let me tell you|-1|-1
PjEoaMLqE_I--22|Signer01|the price increased to rs 85 per kg such a huge spike|the price increased to rs 85 per kg such a huge spike|-1|-1
PjEoaMLqE_I--31|Signer01|residents of pune are very unhappy with the rising prices|residents of pune are very unhappy with the rising prices|-1|-1
PjEoaMLqE_I--36|Signer01|or should the government manage the situation let us know in the comments|or should the government manage the situation let us know in the comments|-1|-1
KOH0RmaagVk--1|Signer01|more than 16 000 cases have now been reported from 75 countries|more than 16 000 cases have now been reported from 75 countries|-1|-1
KOH0RmaagVk--6|Signer01|when the landed in india they showed symptoms|when the landed in india they showed symptoms|-1|-1
KOH0RmaagVk--9|Signer01|strict measures are implemented to control the outbreak|strict measures are implemented to control the outbreak|-1|-1
KOH0RmaagVk--10|Signer01|even kerala has imposed strict rules|even kerala has imposed strict rules|-1|-1
s11TBv1y0y8--9|Signer01|the deaf person was killed|the deaf person was killed|-1|-1
s11TBv1y0y8--12|Signer01|the arrested minor was to be produced in the court today 25th july 2022|the arrested minor was to be produced in the court today 25th july 2022|-1|-1
s11TBv1y0y8--14|Signer01|you saw that just for a minor issue a deaf man lost his life|you saw that just for a minor issue a deaf man lost his life|-1|-1
YmA5x-QK03M--5|Signer01|these pictures went viral|these pictures went viral|-1|-1
YmA5x-QK03M--12|Signer01|and she fully supported ranveer for the shoot she even agreed to release the pictures|and she fully supported ranveer for the shoot she even agreed to release the pictures|-1|-1
YmA5x-QK03M--18|Signer01|they do not see ranveer but the king through my acting|they do not see ranveer but the king through my acting|-1|-1
EOXPe3awaEI--1|Signer01|on 13th july 2022 the police said that|on 13th july 2022 the police said that|-1|-1
EOXPe3awaEI--8|Signer01|at the hospital the doctors declared her dead|at the hospital the doctors declared her dead|-1|-1
EOXPe3awaEI--9|Signer01|he lost her life because of the dangerous dog|he lost her life because of the dangerous dog|-1|-1
qPoHUar87oE--6|Signer01|she has been working with the same airlines for the last so many years|she has been working with the same airlines for the last so many years|-1|-1
qPoHUar87oE--9|Signer01|this changed people views that good looks & being fit is important|this changed people views that good looks & being fit is important|-1|-1
qPoHUar87oE--12|Signer01|she has not yet retired and is still working hard|she has not yet retired and is still working hard|-1|-1
qPoHUar87oE--18|Signer01|let us know your thoughts in the comment section|let us know your thoughts in the comment section|-1|-1
Wz4lBuZSpAQ--3|Signer01|and now she has become the president plus she is also a woman|and now she has become the president plus she is also a woman|-1|-1
Wz4lBuZSpAQ--8|Signer01|in reality the general population does not vote for the president|in reality the general population does not vote for the president|-1|-1
Wz4lBuZSpAQ--66|Signer01|she then got married at the age of 21 she lost her son|she then got married at the age of 21 she lost her son|-1|-1
Wz4lBuZSpAQ--72|Signer01|now she has become the president|now she has become the president|-1|-1
Wz4lBuZSpAQ--76|Signer01|she is the right person to become president|she is the right person to become president|-1|-1
UIhA3QwR2fw--2|Signer01|viewers love watching the show|viewers love watching the show|-1|-1
UIhA3QwR2fw--10|Signer01|as per the source in the times of india|as per the source in the times of india|-1|-1
UIhA3QwR2fw--13|Signer01|which means karan johar would be paid between rs 40 to 44 crore whoa|which means karan johar would be paid between rs 40 to 44 crore whoa|-1|-1
GIil2b5J0Yo--11|Signer01|like that there were many incidents that went viral on social media|like that there were many incidents that went viral on social media|-1|-1
bzqhqfXmYe4--4|Signer01|a picture of her is going viral on instagram which was taken by a fan|a picture of her is going viral on instagram which was taken by a fan|-1|-1
bzqhqfXmYe4--6|Signer01|the news went viral and the picture was widely shared|the news went viral and the picture was widely shared|-1|-1
bzqhqfXmYe4--15|Signer01|images of this went viral and people started saying she was pregnant|images of this went viral and people started saying she was pregnant|-1|-1
bzqhqfXmYe4--20|Signer01|within no time deepika pregnancy news went viral on the internet|within no time deepika pregnancy news went viral on the internet|-1|-1
2qXc-Ya0Qjw--7|Signer01|no no let me tell you the main reason|no no let me tell you the main reason|-1|-1
wUC5NP5ntFc--6|Signer01|now the president will be elected from these two|now the president will be elected from these two|-1|-1
wUC5NP5ntFc--15|Signer01|the results will be announced by the election commission|the results will be announced by the election commission|-1|-1
wUC5NP5ntFc--19|Signer01|all this is done by the election commission|all this is done by the election commission|-1|-1
wUC5NP5ntFc--28|Signer01|you will all have to wait till 21st july to know the next president|you will all have to wait till 21st july to know the next president|-1|-1
wUC5NP5ntFc--29|Signer01|let us know who do you think will win in the comments|let us know who do you think will win in the comments|-1|-1
GhYpapaVefA--8|Signer01|and take pictures in the train told everyone to come on 10th july 2022|and take pictures in the train told everyone to come on 10th july 2022|-1|-1
GhYpapaVefA--16|Signer01|what do you think about this is it right|what do you think about this is it right|-1|-1
72A--O-dcfI--3|Signer01|a story of one such couple will shock you|a story of one such couple will shock you|-1|-1
72A--O-dcfI--4|Signer01|it is a marriage between human and nature what does it mean|it is a marriage between human and nature what does it mean|-1|-1
72A--O-dcfI--10|Signer01|you would be surprised why the bride mouth was tied|you would be surprised why the bride mouth was tied|-1|-1
72A--O-dcfI--18|Signer01|people on social media were wondering about this unique wedding|people on social media were wondering about this unique wedding|-1|-1
ha1Qp37Xm5M--9|Signer01|click here to watch|click here to watch|-1|-1
ha1Qp37Xm5M--11|Signer01|now here is an update|now here is an update|-1|-1
ha1Qp37Xm5M--13|Signer01|however till now not a single case was reported from india|however till now not a single case was reported from india|-1|-1
ha1Qp37Xm5M--19|Signer01|the minister has not shared the personal details of the patient|the minister has not shared the personal details of the patient|-1|-1
ha1Qp37Xm5M--22|Signer01|they will now be tested|they will now be tested|-1|-1
nfevmecF2QY--4|Signer01|currently we are just dating and plan to get married soon|currently we are just dating and plan to get married soon|-1|-1
nfevmecF2QY--17|Signer01|she also worked in a short film|she also worked in a short film|-1|-1
nfevmecF2QY--20|Signer01|the court said it was impossible for her to raise a child by herself|the court said it was impossible for her to raise a child by herself|-1|-1
nfevmecF2QY--29|Signer01|she will do what she wants|she will do what she wants|-1|-1
nfevmecF2QY--31|Signer01|if her identity is to be a mother then she can be one|if her identity is to be a mother then she can be one|-1|-1
jHF256B5esc--7|Signer01|people had to wait for long as the train were delayed|people had to wait for long as the train were delayed|-1|-1
jHF256B5esc--10|Signer01|mumbai schools have been asked to decide based on the situation|mumbai schools have been asked to decide based on the situation|-1|-1
jHF256B5esc--15|Signer01|schools have been shut down in many districts of gujarat and telangana|schools have been shut down in many districts of gujarat and telangana|-1|-1
S3MWcnVVLzY--6|Signer01|shocking that so many people are suffering|shocking that so many people are suffering|-1|-1
S3MWcnVVLzY--11|Signer01|it will be available across india by the end of this year|it will be available across india by the end of this year|-1|-1
S3MWcnVVLzY--12|Signer01|women were very happy with this as they will not have to suffer anymore|women were very happy with this as they will not have to suffer anymore|-1|-1
qZ-3QwbkmqE--9|Signer01|the wrestler got out pushed it away and left with his car|the wrestler got out pushed it away and left with his car|-1|-1
qZ-3QwbkmqE--10|Signer01|this video went viral on social media|this video went viral on social media|-1|-1
fKjpmC5LsEU--15|Signer01|the court refused and the case went on|the court refused and the case went on|-1|-1
fKjpmC5LsEU--18|Signer01|he never had the money in his control|he never had the money in his control|-1|-1
fKjpmC5LsEU--21|Signer01|the matter has been in the court since the last 5 years|the matter has been in the court since the last 5 years|-1|-1
fKjpmC5LsEU--24|Signer01|and also directed him to return to india and appear before the court|and also directed him to return to india and appear before the court|-1|-1
2naAtE7Z9WA--1|Signer01|the news went viral on social media|the news went viral on social media|-1|-1
2naAtE7Z9WA--5|Signer01|the prime minister also attended a religious ceremony at the site|the prime minister also attended a religious ceremony at the site|-1|-1
2naAtE7Z9WA--15|Signer01|pm modi in a tweet said|pm modi in a tweet said|-1|-1
2naAtE7Z9WA--20|Signer01|it is the new parliament building|it is the new parliament building|-1|-1
8Fu17ibMVuI--2|Signer01|however there were major protests to protect the space|however there were major protests to protect the space|-1|-1
8Fu17ibMVuI--8|Signer01|shinde is supporting bjp and his deputy is devendra fadnavis|shinde is supporting bjp and his deputy is devendra fadnavis|-1|-1
8Fu17ibMVuI--18|Signer01|fadnavis also said that|fadnavis also said that|-1|-1
8Fu17ibMVuI--23|Signer01|there is a lot of pollution and traffic|there is a lot of pollution and traffic|-1|-1
8Fu17ibMVuI--25|Signer01|people lives will improve the environment will be protected|people lives will improve the environment will be protected|-1|-1
uF1sSfodn1I--0|Signer01|sri lanka is facing one of the world biggest economic crisis|sri lanka is facing one of the world biggest economic crisis|-1|-1
uF1sSfodn1I--1|Signer01|the government has no money to run the country|the government has no money to run the country|-1|-1
uF1sSfodn1I--22|Signer01|to maintain peace in the country & stop the protests|to maintain peace in the country & stop the protests|-1|-1
uF1sSfodn1I--25|Signer01|just like we have the rbi in india sri lanka too has a central bank|just like we have the rbi in india sri lanka too has a central bank|-1|-1
uF1sSfodn1I--28|Signer01|ish news had released videos about the matter before click here to watch|ish news had released videos about the matter before click here to watch|-1|-1
eOf1FJd-VOU--6|Signer01|ish news has released a video about this click here to watch|ish news has released a video about this click here to watch|-1|-1
eOf1FJd-VOU--8|Signer01|for the last 50 years abortion was legal but it has now become illegal|for the last 50 years abortion was legal but it has now become illegal|-1|-1
eOf1FJd-VOU--12|Signer01|a very young 10 year old girl was raped and she became pregnant|a very young 10 year old girl was raped and she became pregnant|-1|-1
eOf1FJd-VOU--18|Signer01|the doctor asked another doctor who was his friend if abortion can be done|the doctor asked another doctor who was his friend if abortion can be done|-1|-1
RNLo0bPF8pc--11|Signer01|members of his own party were completely against johnson|members of his own party were completely against johnson|-1|-1
RNLo0bPF8pc--26|Signer01|with so much opposition from his own party workers his hold over power reduced|with so much opposition from his own party workers his hold over power reduced|-1|-1
RNLo0bPF8pc--28|Signer01|johnson will continue to hold office till a new pm is not selected|johnson will continue to hold office till a new pm is not selected|-1|-1
RNLo0bPF8pc--38|Signer01|how proud would it be if an indian became the pm of uk|how proud would it be if an indian became the pm of uk|-1|-1
RNLo0bPF8pc--39|Signer01|if you hope for the same let us know in the comments|if you hope for the same let us know in the comments|-1|-1
rRlMKiVOLH4--2|Signer01|he was a lok sabha mp and also a rajya sabha mp|he was a lok sabha mp and also a rajya sabha mp|-1|-1
B7xiv78puWg--0|Signer01|mumbai is known for heavy rains|mumbai is known for heavy rains|-1|-1
B7xiv78puWg--4|Signer01|you may think its impossible because of the difficulty|you may think its impossible because of the difficulty|-1|-1
B7xiv78puWg--18|Signer01|however they have not found the man yet|however they have not found the man yet|-1|-1
B7xiv78puWg--19|Signer01|they also said that they have a few questions for the man in the video|they also said that they have a few questions for the man in the video|-1|-1
B7xiv78puWg--22|Signer01|what is the horse name|what is the horse name|-1|-1
bg_vEE9s4kA--2|Signer01|parents do these out of love for their children everyone does this|parents do these out of love for their children everyone does this|-1|-1
bg_vEE9s4kA--11|Signer01|there is no way the property can be given back to the parents|there is no way the property can be given back to the parents|-1|-1
bg_vEE9s4kA--15|Signer01|i will now tell you about it|i will now tell you about it|-1|-1
bg_vEE9s4kA--31|Signer01|the law also says that senior citizens who do not have a family or children|the law also says that senior citizens who do not have a family or children|-1|-1
3cUp29RSJuc--2|Signer01|where a man was murdered here is the story|where a man was murdered here is the story|-1|-1
3cUp29RSJuc--10|Signer01|after that the next day on 21 june 2022|after that the next day on 21 june 2022|-1|-1
KuwUQqVz0fY--7|Signer01|the lady was shocked but had to give in to the principal orders|the lady was shocked but had to give in to the principal orders|-1|-1
KuwUQqVz0fY--14|Signer01|along with all the legal documents and a letter from the association|along with all the legal documents and a letter from the association|-1|-1
KuwUQqVz0fY--21|Signer01|however there was no response from them|however there was no response from them|-1|-1
KuwUQqVz0fY--22|Signer01|they then wrote to the state disability commissioner of haryana|they then wrote to the state disability commissioner of haryana|-1|-1
KuwUQqVz0fY--38|Signer01|hope other indian deaf women stand up for their rights which are protected by law|hope other indian deaf women stand up for their rights which are protected by law|-1|-1
6cTetiLJw4A--4|Signer01|the 3rd day of the 5th match was amazing|the 3rd day of the 5th match was amazing|-1|-1
6cTetiLJw4A--5|Signer01|there is an indian bowler who is also an amazing batsman|there is an indian bowler who is also an amazing batsman|-1|-1
6cTetiLJw4A--9|Signer01|for a long time no one had broken his record|for a long time no one had broken his record|-1|-1
6cTetiLJw4A--19|Signer01|wow the indian players are really very strong|wow the indian players are really very strong|-1|-1
6cTetiLJw4A--21|Signer01|let us know what you think in the comments below|let us know what you think in the comments below|-1|-1
G8kCvLRRrVQ--6|Signer01|from 1 july the government will ban identified single use plastic items across india|from 1 july the government will ban identified single use plastic items across india|-1|-1
G8kCvLRRrVQ--7|Signer01|the ban has been implemented to protect the environment|the ban has been implemented to protect the environment|-1|-1
G8kCvLRRrVQ--11|Signer01|another reason why plastic is banned|another reason why plastic is banned|-1|-1
G8kCvLRRrVQ--18|Signer01|instead switch the glass or metal bottles|instead switch the glass or metal bottles|-1|-1
G8kCvLRRrVQ--20|Signer01|here are the items that have been banned|here are the items that have been banned|-1|-1
gQAPZiCvtwg--2|Signer01|9 people were found dead in their home on the same day how shocking|9 people were found dead in their home on the same day how shocking|-1|-1
gQAPZiCvtwg--3|Signer01|let me tell you the entire story|let me tell you the entire story|-1|-1
gQAPZiCvtwg--4|Signer01|when the police reached the crime scene on investigating they said|when the police reached the crime scene on investigating they said|-1|-1
gQAPZiCvtwg--8|Signer01|police wondered how both the families could end up dead like that|police wondered how both the families could end up dead like that|-1|-1
eiWd9ZM9Mk0--4|Signer01|she looked beautiful in the picture fans could not believe|she looked beautiful in the picture fans could not believe|-1|-1
eiWd9ZM9Mk0--13|Signer01|many deaf individuals want to lose weight and lead a healthy lifestyle|many deaf individuals want to lose weight and lead a healthy lifestyle|-1|-1
eiWd9ZM9Mk0--14|Signer01|but cannot understand the spoken language as there is no accessibility|but cannot understand the spoken language as there is no accessibility|-1|-1
36YV-IPiUXM--4|Signer01|now i am going to tell you something shocking|now i am going to tell you something shocking|-1|-1
36YV-IPiUXM--5|Signer01|now two other countries have decided to join nato|now two other countries have decided to join nato|-1|-1
36YV-IPiUXM--21|Signer01|this is seen as a major threat by russia|this is seen as a major threat by russia|-1|-1
36YV-IPiUXM--22|Signer01|when ukraine was planning to join nato so russia immediately attacked|when ukraine was planning to join nato so russia immediately attacked|-1|-1
36YV-IPiUXM--24|Signer01|if russia attacks will nato attacks russia we will have to wait and watch|if russia attacks will nato attacks russia we will have to wait and watch|-1|-1
DGotgZbZ9dA--0|Signer01|there is a huge political crisis in maharashtra|there is a huge political crisis in maharashtra|-1|-1
DGotgZbZ9dA--12|Signer01|the governor then approved his resignation|the governor then approved his resignation|-1|-1
DGotgZbZ9dA--13|Signer01|governor official twitter handle posted information about cm resignation|governor official twitter handle posted information about cm resignation|-1|-1
DGotgZbZ9dA--20|Signer01|were seen holding a party meet at taj president hotel in mumbai|were seen holding a party meet at taj president hotel in mumbai|-1|-1
iAuE7BYDf68--1|Signer01|canada united states of america the united kingdom japan france germany and italy|canada united states of america the united kingdom japan france germany and italy|-1|-1
iAuE7BYDf68--2|Signer01|these 7 countries are the world richest countries|these 7 countries are the world richest countries|-1|-1
iAuE7BYDf68--17|Signer01|pm modi held important meetings with leaders of canada and brazil as well|pm modi held important meetings with leaders of canada and brazil as well|-1|-1
iAuE7BYDf68--22|Signer01|which clearly shows the strong bond between the two leaders|which clearly shows the strong bond between the two leaders|-1|-1
iAuE7BYDf68--28|Signer01|pm modi will reach india the same night on 28th june|pm modi will reach india the same night on 28th june|-1|-1
4_K8vARp-Gk--2|Signer01|since then they have not returned and there is no word about them|since then they have not returned and there is no word about them|-1|-1
4_K8vARp-Gk--11|Signer01|there is a huge controversy between the two of them|there is a huge controversy between the two of them|-1|-1
cpJOqMws9QM--14|Signer01|i cannot be with one woman for the rest of my life|i cannot be with one woman for the rest of my life|-1|-1
cpJOqMws9QM--20|Signer01|marriage is not like dal rice i love my wife|marriage is not like dal rice i love my wife|-1|-1
cpJOqMws9QM--23|Signer01|at the same time she is also shooting for this movie opposite ranveer singh|at the same time she is also shooting for this movie opposite ranveer singh|-1|-1
BvdULXHWvks--4|Signer01|the media continues to talk about it and the cops continue to investigate|the media continues to talk about it and the cops continue to investigate|-1|-1
BvdULXHWvks--9|Signer01|after a month they were all granted bail by the bombay high court|after a month they were all granted bail by the bombay high court|-1|-1
BvdULXHWvks--10|Signer01|since then there were no news about them|since then there were no news about them|-1|-1
oEwSIB5dPIY--5|Signer01|to a person in mumbai who had heart problems|to a person in mumbai who had heart problems|-1|-1
oEwSIB5dPIY--15|Signer01|to another person on 19th june 2022|to another person on 19th june 2022|-1|-1
jE7uo9Epi6E--2|Signer01|post that people waiting for them to have a baby|post that people waiting for them to have a baby|-1|-1
jE7uo9Epi6E--4|Signer01|post the divorce both went their separate ways|post the divorce both went their separate ways|-1|-1
jE7uo9Epi6E--14|Signer01|this is why many people are sure that the couple are dating|this is why many people are sure that the couple are dating|-1|-1
jE7uo9Epi6E--27|Signer01|this has led to a huge debate on social media|this has led to a huge debate on social media|-1|-1
WPi2KGa6ZQc--15|Signer01|the cbi is currently investigating the matter|the cbi is currently investigating the matter|-1|-1
YWGeAg58uWo--5|Signer01|on 23rd june 2022 due to the pollution the delhi government took a strong decision|on 23rd june 2022 due to the pollution the delhi government took a strong decision|-1|-1
YWGeAg58uWo--6|Signer01|the new rule said that from 1st october 2022 to 28 february 2023|the new rule said that from 1st october 2022 to 28 february 2023|-1|-1
YWGeAg58uWo--12|Signer01|this is leading to a rise in pollution this is why the ban was introduced|this is leading to a rise in pollution this is why the ban was introduced|-1|-1
YWGeAg58uWo--20|Signer01|it would lead to crores in losses for businesses|it would lead to crores in losses for businesses|-1|-1
Dz2cD0vuKqQ--7|Signer01|doctors are available but no resources|doctors are available but no resources|-1|-1
Dz2cD0vuKqQ--11|Signer01|villages and roads have been completely destroyed|villages and roads have been completely destroyed|-1|-1
Dz2cD0vuKqQ--15|Signer01|ish news had released a video about it earlier click here to see the video|ish news had released a video about it earlier click here to see the video|-1|-1
99qVK1hrMko--6|Signer01|package c is a special category|package c is a special category|-1|-1
99qVK1hrMko--22|Signer01|this was further divided into four groups|this was further divided into four groups|-1|-1
99qVK1hrMko--27|Signer01|let me tell you who won the rights for these 4 groups|let me tell you who won the rights for these 4 groups|-1|-1
99qVK1hrMko--33|Signer01|wow bcci has made a massive profit for the next 5 years|wow bcci has made a massive profit for the next 5 years|-1|-1
99qVK1hrMko--45|Signer01|one of the followers said bcci will even earn more than this|one of the followers said bcci will even earn more than this|-1|-1
vgJDyzAZdVA--3|Signer01|around the world people have been doing this|around the world people have been doing this|-1|-1
vgJDyzAZdVA--12|Signer01|many were devastated with the news|many were devastated with the news|-1|-1
vgJDyzAZdVA--13|Signer01|nowadays youngsters do not use it but years back the youth|nowadays youngsters do not use it but years back the youth|-1|-1
MGgxDecNA8E--2|Signer01|now let me give you an update about it|now let me give you an update about it|-1|-1
MGgxDecNA8E--8|Signer01|on 18th june and 19th june 2022|on 18th june and 19th june 2022|-1|-1
MGgxDecNA8E--12|Signer01|and we need youth below 30 years of age in the services ”|and we need youth below 30 years of age in the services ”|-1|-1
MGgxDecNA8E--18|Signer01|and end after a month on 24th july 2022|and end after a month on 24th july 2022|-1|-1
ad0Fh1gNn4I--9|Signer01|they were upset|they were upset|-1|-1
ad0Fh1gNn4I--14|Signer01|they had an argument over akshay marriage|they had an argument over akshay marriage|-1|-1
ad0Fh1gNn4I--20|Signer01|he then informed the police and also called akshay to inform about the murder|he then informed the police and also called akshay to inform about the murder|-1|-1
ad0Fh1gNn4I--21|Signer01|akshay acted shocked and returned home|akshay acted shocked and returned home|-1|-1
ad0Fh1gNn4I--26|Signer01|later all 3 confessed that they had killed nirmala they were then arrested|later all 3 confessed that they had killed nirmala they were then arrested|-1|-1
lmRhCF34mZA--2|Signer01|on 11th june 2022 at around 9 pm|on 11th june 2022 at around 9 pm|-1|-1
lmRhCF34mZA--17|Signer01|the deaf were severely injured|the deaf were severely injured|-1|-1
lmRhCF34mZA--26|Signer01|so sad that deaf boys were beaten up|so sad that deaf boys were beaten up|-1|-1
GVk6amxy1O0--9|Signer01|i came across something shocking|i came across something shocking|-1|-1
GVk6amxy1O0--29|Signer01|whoa how shocking|whoa how shocking|-1|-1
GVk6amxy1O0--31|Signer01|also according to the united nations state of world population report 2015|also according to the united nations state of world population report 2015|-1|-1
jgjD2_kfHlA--1|Signer01|let me give you some examples|let me give you some examples|-1|-1
jgjD2_kfHlA--9|Signer01|teachers who get awards from the president people who get awards for their social work|teachers who get awards from the president people who get awards for their social work|-1|-1
XK1K1GM-DJk--1|Signer01|let met tell you why the complaint was filed|let met tell you why the complaint was filed|-1|-1
XK1K1GM-DJk--9|Signer01|this is why she filed the complaint|this is why she filed the complaint|-1|-1
XK1K1GM-DJk--11|Signer01|had threatened to kill her when she asked for her money to be returned|had threatened to kill her when she asked for her money to be returned|-1|-1
XK1K1GM-DJk--12|Signer01|he is a popular reality tv star|he is a popular reality tv star|-1|-1
XK1K1GM-DJk--23|Signer01|they are doing all this when they have taken so many loans|they are doing all this when they have taken so many loans|-1|-1
lPqBUDgIcMk--2|Signer01|he was questioned for several hours|he was questioned for several hours|-1|-1
lPqBUDgIcMk--3|Signer01|hundreds of congress party workers protested outside the ed office|hundreds of congress party workers protested outside the ed office|-1|-1
lPqBUDgIcMk--5|Signer01|he was questioned by the ed for hours|he was questioned by the ed for hours|-1|-1
lPqBUDgIcMk--6|Signer01|rahul gandhi was again question on 14th june 2022 for 11 hours|rahul gandhi was again question on 14th june 2022 for 11 hours|-1|-1
lPqBUDgIcMk--20|Signer01|congress is fed up with this|congress is fed up with this|-1|-1
gjuVryYRGZE--1|Signer01|now there have been reports about putin suffering from stomach cancer|now there have been reports about putin suffering from stomach cancer|-1|-1
gjuVryYRGZE--2|Signer01|for all information on this check out this news here|for all information on this check out this news here|-1|-1
gjuVryYRGZE--3|Signer01|however russia has not confirmed any of this|however russia has not confirmed any of this|-1|-1
gjuVryYRGZE--4|Signer01|now here is a strange news|now here is a strange news|-1|-1
gjuVryYRGZE--19|Signer01|he wants people to think that he is strong|he wants people to think that he is strong|-1|-1
-evXiC_fvQY--2|Signer01|now something similar has happened|now something similar has happened|-1|-1
-evXiC_fvQY--4|Signer01|the arrest was made at a party|the arrest was made at a party|-1|-1
-evXiC_fvQY--10|Signer01|5 of them have been taken to the court|5 of them have been taken to the court|-1|-1
-evXiC_fvQY--17|Signer01|he said it would help her bollywood career|he said it would help her bollywood career|-1|-1
7PiVsYzNlVw--0|Signer01|mizoram a small state in india is not just beautiful|mizoram a small state in india is not just beautiful|-1|-1
7PiVsYzNlVw--1|Signer01|but it also has a lot to learn from its people and their culture|but it also has a lot to learn from its people and their culture|-1|-1
7PiVsYzNlVw--6|Signer01|mizoram is a small state but has traffic like any other part of the country|mizoram is a small state but has traffic like any other part of the country|-1|-1
7PiVsYzNlVw--7|Signer01|mizoram traffic rules are the best|mizoram traffic rules are the best|-1|-1
7PiVsYzNlVw--17|Signer01|people of mizoram are very patient|people of mizoram are very patient|-1|-1
yD4MJtwmQMk--2|Signer01|the actress is also a producer|the actress is also a producer|-1|-1
yD4MJtwmQMk--5|Signer01|images of their wedding went viral on social media|images of their wedding went viral on social media|-1|-1
yD4MJtwmQMk--19|Signer01|everyone enjoyed the beautiful ceremony|everyone enjoyed the beautiful ceremony|-1|-1
Yis1ZOlQugM--3|Signer01|today news is about this let me tell you|today news is about this let me tell you|-1|-1
Yis1ZOlQugM--9|Signer01|he was stunned by the staff strange actions|he was stunned by the staff strange actions|-1|-1
Yis1ZOlQugM--10|Signer01|the video of the incident went viral on social media|the video of the incident went viral on social media|-1|-1
Yis1ZOlQugM--13|Signer01|due to the staff they will never forget what happened|due to the staff they will never forget what happened|-1|-1
Yis1ZOlQugM--16|Signer01|however the video continues to get many angry comments|however the video continues to get many angry comments|-1|-1
uQi7U9umIDk--5|Signer01|however there is no groom|however there is no groom|-1|-1
uQi7U9umIDk--21|Signer01|like in india there are laws for marriage and the couple have rights|like in india there are laws for marriage and the couple have rights|-1|-1
ZInElUJQLHQ--0|Signer01|mumbai is famous for its local trains and is used a lot by its residents|mumbai is famous for its local trains and is used a lot by its residents|-1|-1
ZInElUJQLHQ--1|Signer01|however on 6th june 2022 something really bad happened in the local train|however on 6th june 2022 something really bad happened in the local train|-1|-1
ZInElUJQLHQ--2|Signer01|the news was covered on the newspaper and we decided to cover it|the news was covered on the newspaper and we decided to cover it|-1|-1
ZInElUJQLHQ--9|Signer01|however she ignored it|however she ignored it|-1|-1
ZInElUJQLHQ--10|Signer01|later the man came and sat next to her|later the man came and sat next to her|-1|-1
TF58-t5iRK4--1|Signer01|if you have missed it click here to check it out|if you have missed it click here to check it out|-1|-1
TF58-t5iRK4--4|Signer01|this change was supposed to be approved by the rbi right|this change was supposed to be approved by the rbi right|-1|-1
TF58-t5iRK4--9|Signer01|the rbi released the one rupee note|the rbi released the one rupee note|-1|-1
DEM0h8um9Gg--1|Signer01|after the act fully content they lay in bed side by side|after the act fully content they lay in bed side by side|-1|-1
DEM0h8um9Gg--10|Signer01|he then asked his daughter about the party and even she confirmed the same|he then asked his daughter about the party and even she confirmed the same|-1|-1
DEM0h8um9Gg--11|Signer01|he then asked her so many questions and the daughter told him everything|he then asked her so many questions and the daughter told him everything|-1|-1
bGz1Dygl4fA--0|Signer01|you might have heard about a lot of surprising and weird medical conditions|you might have heard about a lot of surprising and weird medical conditions|-1|-1
bGz1Dygl4fA--3|Signer01|have you heard of a very young girl getting pregnant|have you heard of a very young girl getting pregnant|-1|-1
bGz1Dygl4fA--6|Signer01|this is not impossible it really happened|this is not impossible it really happened|-1|-1
bGz1Dygl4fA--12|Signer01|doctors were shocked that a 40 day old baby was pregnant|doctors were shocked that a 40 day old baby was pregnant|-1|-1
bGz1Dygl4fA--16|Signer01|the baby is now all fine|the baby is now all fine|-1|-1
ZZ3IIijhMgI--3|Signer01|the man has been arrested and it is a shocking story|the man has been arrested and it is a shocking story|-1|-1
ZZ3IIijhMgI--8|Signer01|the father was very angry with this|the father was very angry with this|-1|-1
yHwfsW5_kME--8|Signer01|a shocking story has gone viral on social media let me tell you|a shocking story has gone viral on social media let me tell you|-1|-1
yHwfsW5_kME--16|Signer01|this is because the environment is changing due to pollution and people are all suffering|this is because the environment is changing due to pollution and people are all suffering|-1|-1
yHwfsW5_kME--20|Signer01|this is not the first time such a thing has happened|this is not the first time such a thing has happened|-1|-1
8GSfwjJFzwk--2|Signer01|there are many such stories|there are many such stories|-1|-1
8GSfwjJFzwk--6|Signer01|through these chats the two fell in love|through these chats the two fell in love|-1|-1
8GSfwjJFzwk--13|Signer01|police sources said that krishna may be handed over to the bangladesh high commission|police sources said that krishna may be handed over to the bangladesh high commission|-1|-1
8GSfwjJFzwk--17|Signer01|he was caught by the police and questioned|he was caught by the police and questioned|-1|-1
8GSfwjJFzwk--19|Signer01|as the same was not available in bangladesh|as the same was not available in bangladesh|-1|-1
Ld1lL3FZAb8--12|Signer01|only this warning was given|only this warning was given|-1|-1
CLNlyUZyCjE--11|Signer01|he is survived by his wife and two children|he is survived by his wife and two children|-1|-1
OJWlxpN_200--1|Signer01|so this news is very important for you keep watching|so this news is very important for you keep watching|-1|-1
OJWlxpN_200--6|Signer01|now the law will be strictly implemented from 9 june 2022|now the law will be strictly implemented from 9 june 2022|-1|-1
OJWlxpN_200--16|Signer01|there are many rules which have to be implemented|there are many rules which have to be implemented|-1|-1
FEhg6J463s0--11|Signer01|she said she never started the fire and it had started long time back|she said she never started the fire and it had started long time back|-1|-1
l2faPCU0k10--7|Signer01|let me tell you where she is from|let me tell you where she is from|-1|-1
mDUCHJerTtE--2|Signer01|this is why countries are very afraid of india|this is why countries are very afraid of india|-1|-1
mDUCHJerTtE--5|Signer01|earlier china was on 3rd place but now india has beat china|earlier china was on 3rd place but now india has beat china|-1|-1
mDUCHJerTtE--13|Signer01|which have made the air force more powerful|which have made the air force more powerful|-1|-1
mDUCHJerTtE--15|Signer01|now i am sure you all must be proud of india|now i am sure you all must be proud of india|-1|-1
qaNRHUxnh2E--2|Signer01|keep watching to know what happened|keep watching to know what happened|-1|-1
qaNRHUxnh2E--17|Signer01|now we will have to wait for updates|now we will have to wait for updates|-1|-1
P-MxZEoF1I4--8|Signer01|the car was being sold for these people|the car was being sold for these people|-1|-1
P-MxZEoF1I4--12|Signer01|the video went viral and many said that they were inspired by mr tata|the video went viral and many said that they were inspired by mr tata|-1|-1
P-MxZEoF1I4--23|Signer01|he had seen father mother and 3 children on a bike|he had seen father mother and 3 children on a bike|-1|-1
P-MxZEoF1I4--27|Signer01|travelling like this was not safe mr tata wanted to|travelling like this was not safe mr tata wanted to|-1|-1
P-MxZEoF1I4--35|Signer01|so would you be interested in buying it or not let us know in comments|so would you be interested in buying it or not let us know in comments|-1|-1
Q2JBCgo3ue8--2|Signer01|now there are some jobs that are very strange|now there are some jobs that are very strange|-1|-1
Q2JBCgo3ue8--4|Signer01|people have strange jobs like this to earn a living|people have strange jobs like this to earn a living|-1|-1
Q2JBCgo3ue8--11|Signer01|like that there are many other jobs|like that there are many other jobs|-1|-1
Q2JBCgo3ue8--26|Signer01|this would ensure that dogs get the same food as humans|this would ensure that dogs get the same food as humans|-1|-1
Q2JBCgo3ue8--27|Signer01|the company wants to increase dog food sales by this|the company wants to increase dog food sales by this|-1|-1
DL_X6KvkfCw--3|Signer01|it was earlier only found in africa|it was earlier only found in africa|-1|-1
DL_X6KvkfCw--4|Signer01|now the cases have been confirmed in countries including the us australia united kingdom|now the cases have been confirmed in countries including the us australia united kingdom|-1|-1
DL_X6KvkfCw--13|Signer01|no such case has been reported in india but authorities are now on high alert|no such case has been reported in india but authorities are now on high alert|-1|-1
UQxD6SmlWRY--6|Signer01|the whole incident was caught on cctv and went viral|the whole incident was caught on cctv and went viral|-1|-1
UQxD6SmlWRY--7|Signer01|there were two women wearing face masks|there were two women wearing face masks|-1|-1
UQxD6SmlWRY--11|Signer01|there are other police officers standing nearby as well|there are other police officers standing nearby as well|-1|-1
UQxD6SmlWRY--13|Signer01|this video actually went viral in december 2020|this video actually went viral in december 2020|-1|-1
UQxD6SmlWRY--14|Signer01|it has again gone viral with this caption|it has again gone viral with this caption|-1|-1
xiCeQk7jjBU--16|Signer01|the food safety officials said that|the food safety officials said that|-1|-1
xiCeQk7jjBU--24|Signer01|there is no point eating foreign food it should be banned|there is no point eating foreign food it should be banned|-1|-1
rCFR0SEzDEE--0|Signer01|salman khan is a famous and an amazing actor|salman khan is a famous and an amazing actor|-1|-1
rCFR0SEzDEE--14|Signer01|who is 12 years younger to her|who is 12 years younger to her|-1|-1
rCFR0SEzDEE--25|Signer01|however they were still a family because of the love for their children|however they were still a family because of the love for their children|-1|-1
LFKoYAxO_d4--1|Signer01|the games started on may 1 and ended on may 15 2022|the games started on may 1 and ended on may 15 2022|-1|-1
LFKoYAxO_d4--6|Signer01|we had released a news about this earlier you can check out the video here|we had released a news about this earlier you can check out the video here|-1|-1
LFKoYAxO_d4--7|Signer01|in the latest update india has won a total of 16 medals|in the latest update india has won a total of 16 medals|-1|-1
LFKoYAxO_d4--11|Signer01|now with 16 medals they are at the 8th position|now with 16 medals they are at the 8th position|-1|-1
LFKoYAxO_d4--12|Signer01|let me tell you something interesting|let me tell you something interesting|-1|-1
P9D6xluZJho--8|Signer01|out of the 4 3 of them died and 1 somehow was saved|out of the 4 3 of them died and 1 somehow was saved|-1|-1
P9D6xluZJho--22|Signer01|us president joe biden and the first lady condemned the attack|us president joe biden and the first lady condemned the attack|-1|-1
P9D6xluZJho--23|Signer01|and offered their condolences to the dead|and offered their condolences to the dead|-1|-1
f29JJoTfbhE--8|Signer01|while india being the second highest|while india being the second highest|-1|-1
f29JJoTfbhE--12|Signer01|you might wondered which country in the world has ordered this first|you might wondered which country in the world has ordered this first|-1|-1
f29JJoTfbhE--16|Signer01|making it extremely safe|making it extremely safe|-1|-1
f29JJoTfbhE--20|Signer01|after the news went viral people on the internet commented that|after the news went viral people on the internet commented that|-1|-1
rZG7T9ujMEo--3|Signer01|you would say it is not possible|you would say it is not possible|-1|-1
rZG7T9ujMEo--6|Signer01|the food was delivered|the food was delivered|-1|-1
rZG7T9ujMEo--11|Signer01|police too were shocked and informed the food safety officials|police too were shocked and informed the food safety officials|-1|-1
rZG7T9ujMEo--18|Signer01|while investigating about the snake skin|while investigating about the snake skin|-1|-1
rZG7T9ujMEo--21|Signer01|and a notice was issued to them|and a notice was issued to them|-1|-1
3XevNKJGOxs--7|Signer01|however there is 1 sad news|however there is 1 sad news|-1|-1
3XevNKJGOxs--10|Signer01|people were stunned with his reply|people were stunned with his reply|-1|-1
0eWD9pyw3Vg--0|Signer01|russia and ukraine have been on a war ground for almost the last 2 months|russia and ukraine have been on a war ground for almost the last 2 months|-1|-1
0eWD9pyw3Vg--5|Signer01|people thought russia would win the war on this day but the war continued|people thought russia would win the war on this day but the war continued|-1|-1
NLFq9j9jLrc--2|Signer01|this is why there were major protests here were their demands|this is why there were major protests here were their demands|-1|-1
NLFq9j9jLrc--7|Signer01|there were major protests|there were major protests|-1|-1
NLFq9j9jLrc--11|Signer01|the government imposed a curfew across the country due to the violence|the government imposed a curfew across the country due to the violence|-1|-1
NLFq9j9jLrc--14|Signer01|many peaceful protestors demanding their resignation|many peaceful protestors demanding their resignation|-1|-1
NLFq9j9jLrc--24|Signer01|there were major fires and clashes all over|there were major fires and clashes all over|-1|-1
TMeZD77QpL4--2|Signer01|earlier vaccines were not available but are now easily available|earlier vaccines were not available but are now easily available|-1|-1
TMeZD77QpL4--11|Signer01|however according to the indian constitution|however according to the indian constitution|-1|-1
TMeZD77QpL4--18|Signer01|after a discussion the central government replied that|after a discussion the central government replied that|-1|-1
TMeZD77QpL4--23|Signer01|it is a personal decision|it is a personal decision|-1|-1
TMeZD77QpL4--27|Signer01|getting vaccinated is your own choice|getting vaccinated is your own choice|-1|-1
59R53R8cKrg--1|Signer01|he is the richest man in the world|he is the richest man in the world|-1|-1
59R53R8cKrg--18|Signer01|musk will be responsible|musk will be responsible|-1|-1
59R53R8cKrg--19|Signer01|maybe that is why he said he will die soon|maybe that is why he said he will die soon|-1|-1
59R53R8cKrg--20|Signer01|some said that musk cannot die this soon|some said that musk cannot die this soon|-1|-1
59R53R8cKrg--25|Signer01|some others commented that|some others commented that|-1|-1
stg1EOQirzU--15|Signer01|army personnel government officials as well as others|army personnel government officials as well as others|-1|-1
stg1EOQirzU--18|Signer01|it will be as expensive as buying a small car in india|it will be as expensive as buying a small car in india|-1|-1
stg1EOQirzU--20|Signer01|which is 3 5 lakh rupees in india|which is 3 5 lakh rupees in india|-1|-1
YbhR8ne8mUg--6|Signer01|it scheduled to take place from 5th december 2021 to 21st december 2021|it scheduled to take place from 5th december 2021 to 21st december 2021|-1|-1
YbhR8ne8mUg--12|Signer01|let me give you some good news|let me give you some good news|-1|-1
YbhR8ne8mUg--23|Signer01|now the 2 of them have won medals|now the 2 of them have won medals|-1|-1
YbhR8ne8mUg--30|Signer01|there is another shocking news|there is another shocking news|-1|-1
YbhR8ne8mUg--36|Signer01|ukraine being on top is wonderful news|ukraine being on top is wonderful news|-1|-1
MluonE1OqLY--7|Signer01|it took her 3 years to get her dream body|it took her 3 years to get her dream body|-1|-1
MluonE1OqLY--13|Signer01|it took her 3 years|it took her 3 years|-1|-1
MluonE1OqLY--26|Signer01|while some said she was right as she was not happy with herself|while some said she was right as she was not happy with herself|-1|-1
MluonE1OqLY--28|Signer01|these were different views of people|these were different views of people|-1|-1
uZY6wcNzl50--4|Signer01|the journalists are allowed to work without any external pressure|the journalists are allowed to work without any external pressure|-1|-1
3i3x5eQ98fs--12|Signer01|5 policemen were injured in the clashes|5 policemen were injured in the clashes|-1|-1
3i3x5eQ98fs--16|Signer01|along with that mobile internet services|along with that mobile internet services|-1|-1
3i3x5eQ98fs--24|Signer01|while bjp blamed congress for the violence|while bjp blamed congress for the violence|-1|-1
3Pk2c_Z4ahk--4|Signer01|these are different views of people|these are different views of people|-1|-1
3Pk2c_Z4ahk--10|Signer01|and both the leaders also met ceo of big companies of both the countries|and both the leaders also met ceo of big companies of both the countries|-1|-1
3Pk2c_Z4ahk--13|Signer01|pm modi walked amongst the people met the children and their parents|pm modi walked amongst the people met the children and their parents|-1|-1
3Pk2c_Z4ahk--17|Signer01|seeing this is heartbreaking so i prefer peace|seeing this is heartbreaking so i prefer peace|-1|-1
3Pk2c_Z4ahk--18|Signer01|after completing the meeting on 2nd may in germany|after completing the meeting on 2nd may in germany|-1|-1
1YaSaV3rYoE--6|Signer01|he had been giving these threats all through the month|he had been giving these threats all through the month|-1|-1
1YaSaV3rYoE--8|Signer01|yesterday on 2nd may 2022 raj tweeted|yesterday on 2nd may 2022 raj tweeted|-1|-1
1YaSaV3rYoE--10|Signer01|so as to respect the community and let them enjoy their festival|so as to respect the community and let them enjoy their festival|-1|-1
1YaSaV3rYoE--12|Signer01|people was surprised by this and said it is his gift to the muslim community|people was surprised by this and said it is his gift to the muslim community|-1|-1
qEVqpjpR6kY--11|Signer01|he wrote on the post|he wrote on the post|-1|-1
Zb-LScrNC40--12|Signer01|its the same in uk now people are very happy|its the same in uk now people are very happy|-1|-1
Zb-LScrNC40--16|Signer01|as per the law interpreters and accessibility will have to be given|as per the law interpreters and accessibility will have to be given|-1|-1
Zb-LScrNC40--27|Signer01|if it were not for the deaf this would never happen|if it were not for the deaf this would never happen|-1|-1
Zb-LScrNC40--34|Signer01|earlier there was no accessibility|earlier there was no accessibility|-1|-1
Zb-LScrNC40--36|Signer01|now they will not suffer and things will happen quickly|now they will not suffer and things will happen quickly|-1|-1
5WDMJL9seJM--11|Signer01|now the first human infection has been reported in china|now the first human infection has been reported in china|-1|-1
5WDMJL9seJM--12|Signer01|however china national health commission on 26 april 2022 said|however china national health commission on 26 april 2022 said|-1|-1
5WDMJL9seJM--19|Signer01|maybe this is how he got infected|maybe this is how he got infected|-1|-1
5WDMJL9seJM--20|Signer01|however china has warned the public to stay away from dead or sick birds|however china has warned the public to stay away from dead or sick birds|-1|-1
5WDMJL9seJM--22|Signer01|what do you think about this story do let us know in the comment section|what do you think about this story do let us know in the comment section|-1|-1
NNgkuhJVaT0--20|Signer01|make sure you stay home to protect from the sun|make sure you stay home to protect from the sun|-1|-1
UxC4VJ26WJE--1|Signer01|vaccines are playing a very important role|vaccines are playing a very important role|-1|-1
E6MJyECsyo0--1|Signer01|musk is the richest man in the world|musk is the richest man in the world|-1|-1
E6MJyECsyo0--17|Signer01|did it happen lets see|did it happen lets see|-1|-1
E6MJyECsyo0--39|Signer01|musk then said that he wanted to buy the entire company|musk then said that he wanted to buy the entire company|-1|-1
E6MJyECsyo0--47|Signer01|some were big fans of elon musk|some were big fans of elon musk|-1|-1
nPmXg7nDvIY--2|Signer01|china being the responsible for spreading the covid-19 pandemic to india in 2020 etc|china being the responsible for spreading the covid-19 pandemic to india in 2020 etc|-1|-1
nPmXg7nDvIY--5|Signer01|and banned international flights|and banned international flights|-1|-1
nPmXg7nDvIY--7|Signer01|over 23 000 students were safely brought back to india from china amidst the lockdown|over 23 000 students were safely brought back to india from china amidst the lockdown|-1|-1
nPmXg7nDvIY--17|Signer01|however no such steps were taken by china|however no such steps were taken by china|-1|-1
nPmXg7nDvIY--19|Signer01|students and the indian government were upset as their education would be affected|students and the indian government were upset as their education would be affected|-1|-1
UchY2tS3zaw--7|Signer01|now see what i do these were the threats made by the journalist|now see what i do these were the threats made by the journalist|-1|-1
UchY2tS3zaw--12|Signer01|the journalist has now asked the bcci to launch an investigation in the matter|the journalist has now asked the bcci to launch an investigation in the matter|-1|-1
UchY2tS3zaw--15|Signer01|he has been given a 2 year ban|he has been given a 2 year ban|-1|-1
_MbOEvQa8FI--4|Signer01|officials of the ministry of culture said that|officials of the ministry of culture said that|-1|-1
grQtTE2xwSU--3|Signer01|the british pm was very touched by this soon after his arrival he tweeted|the british pm was very touched by this soon after his arrival he tweeted|-1|-1
grQtTE2xwSU--10|Signer01|the pm was very inspired by the visit|the pm was very inspired by the visit|-1|-1
grQtTE2xwSU--16|Signer01|i am very inspired by this simple man|i am very inspired by this simple man|-1|-1
grQtTE2xwSU--30|Signer01|i am looking forward to talking about this with pm modi ”|i am looking forward to talking about this with pm modi ”|-1|-1
grQtTE2xwSU--31|Signer01|after his meeting with modi rumours say that johnson was expected to announce|after his meeting with modi rumours say that johnson was expected to announce|-1|-1
Ih1sV1YuTMk--9|Signer01|russia has been demanding the same from ukraine|russia has been demanding the same from ukraine|-1|-1
Ih1sV1YuTMk--23|Signer01|1 ukraine will not be part of nato|1 ukraine will not be part of nato|-1|-1
iMq8AtDBJgc--8|Signer01|is not that shocking ronaldo has 5 children|is not that shocking ronaldo has 5 children|-1|-1
iMq8AtDBJgc--9|Signer01|and each of their child has a different mother let me tell you about it|and each of their child has a different mother let me tell you about it|-1|-1
iMq8AtDBJgc--14|Signer01|no one knows who his mother is|no one knows who his mother is|-1|-1
iMq8AtDBJgc--23|Signer01|however our baby girl is alive we are devastated|however our baby girl is alive we are devastated|-1|-1
iMq8AtDBJgc--25|Signer01|we request the media for privacy at this difficult time|we request the media for privacy at this difficult time|-1|-1
cf95TXuDCRQ--2|Signer01|gujarat madhya pradesh karnataka west bengal & jharkhand|gujarat madhya pradesh karnataka west bengal & jharkhand|-1|-1
cf95TXuDCRQ--22|Signer01|the next day on 17th april 2022|the next day on 17th april 2022|-1|-1
cf95TXuDCRQ--24|Signer01|the police said he has been identified and efforts are on to arrest him|the police said he has been identified and efforts are on to arrest him|-1|-1
cf95TXuDCRQ--29|Signer01|delhi chief minister arvind kejriwal tweeted|delhi chief minister arvind kejriwal tweeted|-1|-1
17zGKlAx3Qs--12|Signer01|they had a different aim|they had a different aim|-1|-1
17zGKlAx3Qs--21|Signer01|now 9 of these 25 women are pregnant|now 9 of these 25 women are pregnant|-1|-1
17zGKlAx3Qs--28|Signer01|name changed to protect identity - she was aged 50|name changed to protect identity - she was aged 50|-1|-1
17zGKlAx3Qs--30|Signer01|when the husband protested the soldier told him to shut up|when the husband protested the soldier told him to shut up|-1|-1
17zGKlAx3Qs--38|Signer01|she also said that they are not soldiers they are like terrorists|she also said that they are not soldiers they are like terrorists|-1|-1
ekfnlDV00VI--7|Signer01|people in the other car tried to open the door but they could not|people in the other car tried to open the door but they could not|-1|-1
ekfnlDV00VI--13|Signer01|police were called and they immediately started the investigation|police were called and they immediately started the investigation|-1|-1
ekfnlDV00VI--29|Signer01|let me explain what these are|let me explain what these are|-1|-1
ekfnlDV00VI--42|Signer01|how shocking due to rising incidents people have demanded strict laws and punishment|how shocking due to rising incidents people have demanded strict laws and punishment|-1|-1
UZzXTTsTe_Q--6|Signer01|however before the 2 + 2 talks|however before the 2 + 2 talks|-1|-1
UZzXTTsTe_Q--10|Signer01|and that india immediately condemned it and demanded a fair investigation|and that india immediately condemned it and demanded a fair investigation|-1|-1
UZzXTTsTe_Q--14|Signer01|it was sad but we were able to save 20 000 of them|it was sad but we were able to save 20 000 of them|-1|-1
UZzXTTsTe_Q--25|Signer01|other countries too are doing the same and we have no problems|other countries too are doing the same and we have no problems|-1|-1
n2akNpfGVuU--20|Signer01|we will have to now wait and see what happens between india pakistan relationship|we will have to now wait and see what happens between india pakistan relationship|-1|-1
tknNDZivrZw--1|Signer01|the opposition parties in the assembly wanted to remove prime minister imran khan|the opposition parties in the assembly wanted to remove prime minister imran khan|-1|-1
tknNDZivrZw--9|Signer01|the opposition leaders did not accept this as the election would be too expensive|the opposition leaders did not accept this as the election would be too expensive|-1|-1
kmR81oho__s--12|Signer01|he can watch the award ceremony on tv|he can watch the award ceremony on tv|-1|-1
kmR81oho__s--15|Signer01|he has not spoken about the event yet|he has not spoken about the event yet|-1|-1
4bTtRWGhGfw--11|Signer01|the film is set to cross rs 1000 crore at the global box office soon|the film is set to cross rs 1000 crore at the global box office soon|-1|-1
wVS1xbup7sM--10|Signer01|she raped him multiple times over there the boy was only 15 years old|she raped him multiple times over there the boy was only 15 years old|-1|-1
wVS1xbup7sM--12|Signer01|the boy agreed and went back|the boy agreed and went back|-1|-1
wVS1xbup7sM--15|Signer01|that time the boy mother saw them and became suspicious|that time the boy mother saw them and became suspicious|-1|-1
wVS1xbup7sM--17|Signer01|that time the whole story came out and he told his mother everything|that time the whole story came out and he told his mother everything|-1|-1
wVS1xbup7sM--18|Signer01|his mother was shocked|his mother was shocked|-1|-1
-JX1mDhfPeo--4|Signer01|he was the one who helped umar|he was the one who helped umar|-1|-1
-JX1mDhfPeo--9|Signer01|even women were married off and converted to islam|even women were married off and converted to islam|-1|-1
-JX1mDhfPeo--13|Signer01|it was then handed over to the court|it was then handed over to the court|-1|-1
FVt2RxDdy5Q--8|Signer01|they have even raped and killed many women|they have even raped and killed many women|-1|-1
FVt2RxDdy5Q--11|Signer01|russia has once again said they did not do any of this|russia has once again said they did not do any of this|-1|-1
FVt2RxDdy5Q--17|Signer01|indian finance minister nirmala sitharaman has said that|indian finance minister nirmala sitharaman has said that|-1|-1
RqRhVbgLWoo--3|Signer01|ish news had released a video about this click here to see the entire video|ish news had released a video about this click here to see the entire video|-1|-1
0MeB0RwKvRo--8|Signer01|the local police have registered an fir and are investigating the matter|the local police have registered an fir and are investigating the matter|-1|-1
wwpVbWKHm-s--6|Signer01|we all get very excited to know what will happen to us in the future|we all get very excited to know what will happen to us in the future|-1|-1
wwpVbWKHm-s--16|Signer01|later when her parents found her she was blind|later when her parents found her she was blind|-1|-1
wwpVbWKHm-s--42|Signer01|as the usa nato and all are afraid of putin|as the usa nato and all are afraid of putin|-1|-1
wwpVbWKHm-s--47|Signer01|if there is a world war 3 would russia use nuclear weapons|if there is a world war 3 would russia use nuclear weapons|-1|-1
wwpVbWKHm-s--48|Signer01|we will have to wait and watch what happens|we will have to wait and watch what happens|-1|-1
gQZ9ctfg5lA--2|Signer01|he has been given the title bad boy of cricket|he has been given the title bad boy of cricket|-1|-1
gQZ9ctfg5lA--42|Signer01|we will make love once i am done talking to the kids|we will make love once i am done talking to the kids|-1|-1
gQZ9ctfg5lA--43|Signer01|however the text went to his wife by mistake|however the text went to his wife by mistake|-1|-1
YkBPiRvH_uc--11|Signer01|many people were commented saying they were happy to see him travel by train|many people were commented saying they were happy to see him travel by train|-1|-1
YkBPiRvH_uc--13|Signer01|this is not the first time actors used public transport many have done it before|this is not the first time actors used public transport many have done it before|-1|-1
UZUQcm7O9_4--5|Signer01|it is wrong the restaurant should respect her and allow her to enter|it is wrong the restaurant should respect her and allow her to enter|-1|-1
UZUQcm7O9_4--7|Signer01|the post went viral|the post went viral|-1|-1
UZUQcm7O9_4--16|Signer01|it was the manager decision none of us agree to it he has been suspended|it was the manager decision none of us agree to it he has been suspended|-1|-1
ESUSOgCaBhI--0|Signer01|a man from madhya pradesh has filed a case against his own wife|a man from madhya pradesh has filed a case against his own wife|-1|-1
ESUSOgCaBhI--1|Signer01|let me tell you why he filed a complaint|let me tell you why he filed a complaint|-1|-1
ESUSOgCaBhI--4|Signer01|the woman said that she was on her period and went to her mother house|the woman said that she was on her period and went to her mother house|-1|-1
ESUSOgCaBhI--12|Signer01|he was very angry|he was very angry|-1|-1
ESUSOgCaBhI--33|Signer01|asked the woman to file a reply to her husband petition|asked the woman to file a reply to her husband petition|-1|-1
cA1UwyaNp0k--18|Signer01|he has to take the help of the movie for political support|he has to take the help of the movie for political support|-1|-1
cA1UwyaNp0k--21|Signer01|people were shocked by his statement|people were shocked by his statement|-1|-1
cA1UwyaNp0k--25|Signer01|many bjp leaders said that political parties like aap are not supporting the movie|many bjp leaders said that political parties like aap are not supporting the movie|-1|-1
cA1UwyaNp0k--27|Signer01|many have agreed with this and have spoken against aap|many have agreed with this and have spoken against aap|-1|-1
GyNNXgLOmWo--2|Signer01|under dhoni the csk team performed very well|under dhoni the csk team performed very well|-1|-1
GyNNXgLOmWo--6|Signer01|however dhoni has said that he will continue to play for the team|however dhoni has said that he will continue to play for the team|-1|-1
d2_jmCT8o0w--1|Signer01|this is because of the covid-19 pandemic|this is because of the covid-19 pandemic|-1|-1
d2_jmCT8o0w--5|Signer01|now the number of infections have reduced|now the number of infections have reduced|-1|-1
d2_jmCT8o0w--6|Signer01|starting from 31 march 2022 life will now go back to normal|starting from 31 march 2022 life will now go back to normal|-1|-1
d2_jmCT8o0w--8|Signer01|people were very happy however masks are still mandatory|people were very happy however masks are still mandatory|-1|-1
-02o_0vVwzI--22|Signer01|what a positive thought is not that wonderful|what a positive thought is not that wonderful|-1|-1
-02o_0vVwzI--24|Signer01|despite this he was very strong and people wondered how this was possible|despite this he was very strong and people wondered how this was possible|-1|-1
-02o_0vVwzI--25|Signer01|doctors performed tests on his body and found that he is completely healthy|doctors performed tests on his body and found that he is completely healthy|-1|-1
-02o_0vVwzI--26|Signer01|he says that this is all because of yoga|he says that this is all because of yoga|-1|-1
ouaMiZ5aaco--0|Signer01|the war in ukraine has been going on for 4 weeks now|the war in ukraine has been going on for 4 weeks now|-1|-1
ouaMiZ5aaco--1|Signer01|ukraine foreign ministry said on 22 march 2022 that|ukraine foreign ministry said on 22 march 2022 that|-1|-1
ouaMiZ5aaco--3|Signer01|the ministry said they have no idea what is going to happen to these children|the ministry said they have no idea what is going to happen to these children|-1|-1
ouaMiZ5aaco--15|Signer01|and they warned that those guilty of these crimes will be brought to justice|and they warned that those guilty of these crimes will be brought to justice|-1|-1
C83av_sUC98--1|Signer01|the video was widely shared|the video was widely shared|-1|-1
C83av_sUC98--15|Signer01|night is the only time he gets to run|night is the only time he gets to run|-1|-1
PW1llv_EokY--6|Signer01|those living on the coast have been evacuated to safety|those living on the coast have been evacuated to safety|-1|-1
PW1llv_EokY--11|Signer01|tourist activities have been suspended as well|tourist activities have been suspended as well|-1|-1
6PzVdCh7cjk--2|Signer01|i am sure just like me you would think it is impossible|i am sure just like me you would think it is impossible|-1|-1
6PzVdCh7cjk--3|Signer01|however this is a reality it is completely possible|however this is a reality it is completely possible|-1|-1
6PzVdCh7cjk--16|Signer01|he then made the car longer and made it 100 feet long|he then made the car longer and made it 100 feet long|-1|-1
a0e97rnWmLs--0|Signer01|there are thousands of delicious food items in india|there are thousands of delicious food items in india|-1|-1
xByvfah4xt8--1|Signer01|even though he is married he has a secret girlfriend|even though he is married he has a secret girlfriend|-1|-1
xByvfah4xt8--3|Signer01|let me tell you about her life|let me tell you about her life|-1|-1
xByvfah4xt8--11|Signer01|that when putin who was already married started dating her|that when putin who was already married started dating her|-1|-1
RYiixbE75ck--3|Signer01|after starting the war with ukraine us president joe biden furious with this|after starting the war with ukraine us president joe biden furious with this|-1|-1
RYiixbE75ck--29|Signer01|none of this is sure|none of this is sure|-1|-1
RYiixbE75ck--30|Signer01|according to various sources the usa is very unhappy with india doing business with russia|according to various sources the usa is very unhappy with india doing business with russia|-1|-1
RYiixbE75ck--31|Signer01|let see what happens|let see what happens|-1|-1
RYiixbE75ck--32|Signer01|should india continue buying from russia and supporting its economy|should india continue buying from russia and supporting its economy|-1|-1
zpxxJ9RBAr4--1|Signer01|are they at war no there is no war|are they at war no there is no war|-1|-1
zpxxJ9RBAr4--4|Signer01|the ministry of defence said in a statement on 9th march 2022|the ministry of defence said in a statement on 9th march 2022|-1|-1
zpxxJ9RBAr4--18|Signer01|pakistan could have responded to india|pakistan could have responded to india|-1|-1
zpxxJ9RBAr4--21|Signer01|india felt very sorry about it this is the first time something like this happened|india felt very sorry about it this is the first time something like this happened|-1|-1
zpxxJ9RBAr4--27|Signer01|sushant singh a senior staff at the center for policy research said|sushant singh a senior staff at the center for policy research said|-1|-1
JZr-c3D9W5E--3|Signer01|and said it will allow people from some parts of the world|and said it will allow people from some parts of the world|-1|-1
JZr-c3D9W5E--12|Signer01|are given 48 hours time to transfer those post that the app will be banned|are given 48 hours time to transfer those post that the app will be banned|-1|-1
JZr-c3D9W5E--14|Signer01|the ban has already been imposed|the ban has already been imposed|-1|-1
JZr-c3D9W5E--23|Signer01|however no foreign national has been identified amongst the victims of the attacks|however no foreign national has been identified amongst the victims of the attacks|-1|-1
JZr-c3D9W5E--24|Signer01|the russia ukraine war is into its 3rd week now|the russia ukraine war is into its 3rd week now|-1|-1
I6cvWXvtGuw--3|Signer01|they also say that one can never partner with america|they also say that one can never partner with america|-1|-1
I6cvWXvtGuw--13|Signer01|poland has decided to support ukraine and save the country|poland has decided to support ukraine and save the country|-1|-1
I6cvWXvtGuw--18|Signer01|so poland is a member of nato the us is also a member of nato|so poland is a member of nato the us is also a member of nato|-1|-1
I6cvWXvtGuw--30|Signer01|poland could do nothing but accept|poland could do nothing but accept|-1|-1
I6cvWXvtGuw--43|Signer01|but poland is a member of nato|but poland is a member of nato|-1|-1
gp0w_zrLgfw--6|Signer01|now that this has happened do you think russia will end the war|now that this has happened do you think russia will end the war|-1|-1
gp0w_zrLgfw--8|Signer01|do you want to know these demands let me tell you|do you want to know these demands let me tell you|-1|-1
gp0w_zrLgfw--9|Signer01|russia had come forward with 4 demands to stop the war here they are|russia had come forward with 4 demands to stop the war here they are|-1|-1
gp0w_zrLgfw--10|Signer01|1 russia has demanded that ukraine must never join nato|1 russia has demanded that ukraine must never join nato|-1|-1
gp0w_zrLgfw--22|Signer01|however ukraine is not ready to accept at all|however ukraine is not ready to accept at all|-1|-1
gSDyf6IWD8I--10|Signer01|they asked him to come back so they can live a happy life|they asked him to come back so they can live a happy life|-1|-1
gSDyf6IWD8I--13|Signer01|he then went back to ukraine|he then went back to ukraine|-1|-1
gSDyf6IWD8I--15|Signer01|on the 5th day he did not contact his family|on the 5th day he did not contact his family|-1|-1
gSDyf6IWD8I--26|Signer01|here is something even more surprising people from around the world|here is something even more surprising people from around the world|-1|-1
gSDyf6IWD8I--27|Signer01|had requested the ukrainian government to allow them to fight in the war|had requested the ukrainian government to allow them to fight in the war|-1|-1
HmPeoLkEvcs--4|Signer01|just like a game of chess the queen will do everything to protect the king|just like a game of chess the queen will do everything to protect the king|-1|-1
HmPeoLkEvcs--10|Signer01|india has the highest number of female pilots|india has the highest number of female pilots|-1|-1
HmPeoLkEvcs--14|Signer01|we should be so proud|we should be so proud|-1|-1
HmPeoLkEvcs--29|Signer01|you may know about this generally there are two or 1 pilot in the aircraft|you may know about this generally there are two or 1 pilot in the aircraft|-1|-1
HmPeoLkEvcs--34|Signer01|we hope you are inspired by these women|we hope you are inspired by these women|-1|-1
5n_IGU5rYYk--1|Signer01|both sides have suffered heavy economic losses|both sides have suffered heavy economic losses|-1|-1
5n_IGU5rYYk--18|Signer01|i am really surprised that on 2nd 3rd march|i am really surprised that on 2nd 3rd march|-1|-1
5n_IGU5rYYk--23|Signer01|such a unique idea|such a unique idea|-1|-1
xt8IQ1naN9w--1|Signer01|she is very famous and is loved by many fans|she is very famous and is loved by many fans|-1|-1
xt8IQ1naN9w--12|Signer01|there were many comments like this over social media|there were many comments like this over social media|-1|-1
Nwukl8Uxy9w--20|Signer01|it cannot be identified if the person is an indian student|it cannot be identified if the person is an indian student|-1|-1
Nwukl8Uxy9w--36|Signer01|she said we were not allowed to cross over to poland|she said we were not allowed to cross over to poland|-1|-1
Nwukl8Uxy9w--50|Signer01|congress leader rahul gandhi too shared a video|congress leader rahul gandhi too shared a video|-1|-1
Nwukl8Uxy9w--55|Signer01|he said that the indian media should stop spreading wrong messages and panic|he said that the indian media should stop spreading wrong messages and panic|-1|-1
Nwukl8Uxy9w--62|Signer01|as they feel it was wrong on part of russia to attack ukraine|as they feel it was wrong on part of russia to attack ukraine|-1|-1
UJna0LLbQOo--8|Signer01|these actors were part of the film|these actors were part of the film|-1|-1
UJna0LLbQOo--14|Signer01|thank you for including deaf culture|thank you for including deaf culture|-1|-1
UJna0LLbQOo--17|Signer01|she ended her speech by teaching the crowd the sign for “i love you ”|she ended her speech by teaching the crowd the sign for “i love you ”|-1|-1
UJna0LLbQOo--21|Signer01|thank you everyone for your support i love my family here ”|thank you everyone for your support i love my family here ”|-1|-1
vbkUJv7JCnM--28|Signer01|the talks would start today 28th february 2022|the talks would start today 28th february 2022|-1|-1
vbkUJv7JCnM--29|Signer01|keep watching ish news to know the updates|keep watching ish news to know the updates|-1|-1
aFpOmhJ6ihA--5|Signer01|however one can never bring their children back to life this is always god decision|however one can never bring their children back to life this is always god decision|-1|-1
aFpOmhJ6ihA--6|Signer01|this is a very difficult situation|this is a very difficult situation|-1|-1
aFpOmhJ6ihA--21|Signer01|he was initially a father of three but the 3rd child passed away|he was initially a father of three but the 3rd child passed away|-1|-1
aFpOmhJ6ihA--23|Signer01|at the age of 26 he committed suicide|at the age of 26 he committed suicide|-1|-1
aFpOmhJ6ihA--30|Signer01|the family was devastated to lose the fourth member of their family|the family was devastated to lose the fourth member of their family|-1|-1
8eWsJMxCA_8--1|Signer01|i am going to tell you an inspiring story|i am going to tell you an inspiring story|-1|-1
8eWsJMxCA_8--4|Signer01|all this causes the community a lot of stress|all this causes the community a lot of stress|-1|-1
8eWsJMxCA_8--11|Signer01|let me tell you the surprising story|let me tell you the surprising story|-1|-1
8eWsJMxCA_8--31|Signer01|which is now helping thousands of people|which is now helping thousands of people|-1|-1
8eWsJMxCA_8--34|Signer01|talking to the new indian express she said|talking to the new indian express she said|-1|-1
xxTstiC8Jkc--4|Signer01|he finally selected the colour and asked the price|he finally selected the colour and asked the price|-1|-1
xxTstiC8Jkc--12|Signer01|he made his dream come true|he made his dream come true|-1|-1
xxTstiC8Jkc--17|Signer01|the video went viral on social media and received many views|the video went viral on social media and received many views|-1|-1
xxTstiC8Jkc--19|Signer01|for making his dreams come true|for making his dreams come true|-1|-1
Mi-mssiPMpc--14|Signer01|and i would like to be like him|and i would like to be like him|-1|-1
Mi-mssiPMpc--22|Signer01|indian cricket superstar sachin tendulkar also tweeted|indian cricket superstar sachin tendulkar also tweeted|-1|-1
Mi-mssiPMpc--24|Signer01|you have made india proud ”|you have made india proud ”|-1|-1
Mi-mssiPMpc--25|Signer01|hope you have a successful chess career ahead|hope you have a successful chess career ahead|-1|-1
6KjVyu3HcyE--2|Signer01|public property worth rs 1 9 crore was damaged|public property worth rs 1 9 crore was damaged|-1|-1
6KjVyu3HcyE--7|Signer01|the rest are yet to pay|the rest are yet to pay|-1|-1
oeC6nA7OqL8--9|Signer01|it is the same as burning away rs 200 crore|it is the same as burning away rs 200 crore|-1|-1
oeC6nA7OqL8--18|Signer01|however in bollywood it not the same|however in bollywood it not the same|-1|-1
_SiitJfFLRU--8|Signer01|none of these women knew that he was married to multiple women|none of these women knew that he was married to multiple women|-1|-1
_SiitJfFLRU--9|Signer01|he used to identify himself as a doctor|he used to identify himself as a doctor|-1|-1
_SiitJfFLRU--14|Signer01|the other 12 women are from seven indian states|the other 12 women are from seven indian states|-1|-1
_SiitJfFLRU--24|Signer01|this is not the first time that he has been arrested|this is not the first time that he has been arrested|-1|-1
2kZChqV_A90--30|Signer01|this seems to be the biggest financial scam of india|this seems to be the biggest financial scam of india|-1|-1
v7YutbKVYmY--10|Signer01|this is why he passed away today on 16 february 2022|this is why he passed away today on 16 february 2022|-1|-1
v7YutbKVYmY--15|Signer01|he passed away on 15th february due to a car accident|he passed away on 15th february due to a car accident|-1|-1
v7YutbKVYmY--19|Signer01|hospital authorities said he was brought dead|hospital authorities said he was brought dead|-1|-1
v7YutbKVYmY--23|Signer01|the police had a hard time managing the situation|the police had a hard time managing the situation|-1|-1
v7YutbKVYmY--27|Signer01|now the farm laws were suspended in november 2021 by pm modi|now the farm laws were suspended in november 2021 by pm modi|-1|-1
Dm2SsAOfr7Q--7|Signer01|he was eventually kept at csk for rs 14 crore|he was eventually kept at csk for rs 14 crore|-1|-1
Dm2SsAOfr7Q--17|Signer01|shah rukh khan son and daughter were both present at the auction|shah rukh khan son and daughter were both present at the auction|-1|-1
Dm2SsAOfr7Q--20|Signer01|however a clip of the incident went viral on social media|however a clip of the incident went viral on social media|-1|-1
aVaM2wHj9i0--0|Signer01|a news about a 10 year girl went viral on social media|a news about a 10 year girl went viral on social media|-1|-1
aVaM2wHj9i0--7|Signer01|that why her father encouraged her it shocking she has completed such a journey|that why her father encouraged her it shocking she has completed such a journey|-1|-1
aVaM2wHj9i0--9|Signer01|and save the girl child|and save the girl child|-1|-1
aVaM2wHj9i0--17|Signer01|it was really her father who encouraged her|it was really her father who encouraged her|-1|-1
aVaM2wHj9i0--22|Signer01|similar to this story earlier a 6 year old boy from chennai|similar to this story earlier a 6 year old boy from chennai|-1|-1
5GWuuDRudVY--1|Signer01|their business is spread across the world|their business is spread across the world|-1|-1
5GWuuDRudVY--13|Signer01|many such posts were shared on this|many such posts were shared on this|-1|-1
5GWuuDRudVY--19|Signer01|this is not the first time such a controversy has happened|this is not the first time such a controversy has happened|-1|-1
5GWuuDRudVY--21|Signer01|india is not a place for my wife and child|india is not a place for my wife and child|-1|-1
5GWuuDRudVY--30|Signer01|later they make a profit as well|later they make a profit as well|-1|-1
7giI0D8ptoo--1|Signer01|we had released a video on this earlier you can go back and watch it|we had released a video on this earlier you can go back and watch it|-1|-1
7giI0D8ptoo--14|Signer01|pm modi also said that we have always supported muslim women|pm modi also said that we have always supported muslim women|-1|-1
7giI0D8ptoo--22|Signer01|will not be allowed in colleges as well|will not be allowed in colleges as well|-1|-1
7giI0D8ptoo--29|Signer01|the debate continues|the debate continues|-1|-1
7giI0D8ptoo--30|Signer01|to know more updates on the hijab row make sure you keep watching ish news|to know more updates on the hijab row make sure you keep watching ish news|-1|-1
-QwS14OhYVM--9|Signer01|a unit of the kerala fire and rescue and the police reached the spot|a unit of the kerala fire and rescue and the police reached the spot|-1|-1
-QwS14OhYVM--12|Signer01|the helicopter had to return because of this|the helicopter had to return because of this|-1|-1
-QwS14OhYVM--23|Signer01|they saw that he was asking for water|they saw that he was asking for water|-1|-1
-QwS14OhYVM--26|Signer01|he was drinking water after 45 hours|he was drinking water after 45 hours|-1|-1
-QwS14OhYVM--35|Signer01|he was then taken to a safe place|he was then taken to a safe place|-1|-1
cFT-U_Ruqlg--2|Signer01|he had announced his retirement from international cricket in 2019|he had announced his retirement from international cricket in 2019|-1|-1
cFT-U_Ruqlg--3|Signer01|dhoni shared a video on his personal facebook page|dhoni shared a video on his personal facebook page|-1|-1
cFT-U_Ruqlg--16|Signer01|the movie was a super hit|the movie was a super hit|-1|-1
cFT-U_Ruqlg--18|Signer01|also now the ipl 2022 is drawing near|also now the ipl 2022 is drawing near|-1|-1
cFT-U_Ruqlg--20|Signer01|various ipl teams will take part in the auction|various ipl teams will take part in the auction|-1|-1
EGZ13Gd6cj4--2|Signer01|it is played by players who are under 19 years of age|it is played by players who are under 19 years of age|-1|-1
EGZ13Gd6cj4--3|Signer01|it is played every 2 years|it is played every 2 years|-1|-1
EGZ13Gd6cj4--9|Signer01|england won the toss and chose to bat india were asked to bowl|england won the toss and chose to bat india were asked to bowl|-1|-1
FCXUJGtCMDE--1|Signer01|it a baby girl|it a baby girl|-1|-1
FCXUJGtCMDE--4|Signer01|they immediately started looking for a new home|they immediately started looking for a new home|-1|-1
FCXUJGtCMDE--7|Signer01|surprisingly they started looking for a house keeping their upcoming baby in mind|surprisingly they started looking for a house keeping their upcoming baby in mind|-1|-1
FCXUJGtCMDE--10|Signer01|and have created a huge green space for it|and have created a huge green space for it|-1|-1
FCXUJGtCMDE--15|Signer01|now that their baby is born she will stay at this house|now that their baby is born she will stay at this house|-1|-1
2D6jbTCJS6I--0|Signer01|you all know about various mask manufacturing companies|you all know about various mask manufacturing companies|-1|-1
2D6jbTCJS6I--1|Signer01|a very strange mask has been created|a very strange mask has been created|-1|-1
2D6jbTCJS6I--9|Signer01|it is even being sold online|it is even being sold online|-1|-1
2D6jbTCJS6I--17|Signer01|please remember this|please remember this|-1|-1
FheGf23bK38--0|Signer01|on 1st february 2022 finance minister nirmala sitharaman at the parliament|on 1st february 2022 finance minister nirmala sitharaman at the parliament|-1|-1
FheGf23bK38--18|Signer01|they will be first launched in major indian cities like mumbai delhi bengaluru|they will be first launched in major indian cities like mumbai delhi bengaluru|-1|-1
FheGf23bK38--19|Signer01|hyderabad ahmedabad chennai etc|hyderabad ahmedabad chennai etc|-1|-1
YY6iOtW6cHM--3|Signer01|and has similar symptoms to covid-19|and has similar symptoms to covid-19|-1|-1
YY6iOtW6cHM--7|Signer01|however no infections among humans have been found yet|however no infections among humans have been found yet|-1|-1
YY6iOtW6cHM--8|Signer01|scientists are now doing more research on this virus|scientists are now doing more research on this virus|-1|-1
YY6iOtW6cHM--13|Signer01|the government is keeping a close watch on this ”|the government is keeping a close watch on this ”|-1|-1
YY6iOtW6cHM--14|Signer01|he also said that on social media|he also said that on social media|-1|-1
XdyRdowxHZY--8|Signer01|let me tell you these points|let me tell you these points|-1|-1
XdyRdowxHZY--28|Signer01|countries such as china uae singapore australia etc have a huge demand for it|countries such as china uae singapore australia etc have a huge demand for it|-1|-1
XdyRdowxHZY--33|Signer01|this is why they have created strict laws|this is why they have created strict laws|-1|-1
XdyRdowxHZY--37|Signer01|this is why at the border the police keep a strict watch|this is why at the border the police keep a strict watch|-1|-1
QD1OmVL6974--5|Signer01|here is his story|here is his story|-1|-1
QD1OmVL6974--23|Signer01|people were amazed by his interview|people were amazed by his interview|-1|-1
QD1OmVL6974--31|Signer01|now is not that a strange story|now is not that a strange story|-1|-1
d8iXDDmmxRc--1|Signer01|however on 13 november 2013 the couple announced their decision to divorce|however on 13 november 2013 the couple announced their decision to divorce|-1|-1
d8iXDDmmxRc--3|Signer01|and was living with her parents|and was living with her parents|-1|-1
d8iXDDmmxRc--4|Signer01|people were shocked with the divorce and there were rumours that|people were shocked with the divorce and there were rumours that|-1|-1
d8iXDDmmxRc--13|Signer01|have a look at the video|have a look at the video|-1|-1
d8iXDDmmxRc--16|Signer01|she has done five films so far she is also a talented singer|she has done five films so far she is also a talented singer|-1|-1
-66D6LFizL4--2|Signer01|however she got covid and passed away what happened|however she got covid and passed away what happened|-1|-1
-66D6LFizL4--7|Signer01|they will be allowed to enter|they will be allowed to enter|-1|-1
-66D6LFizL4--16|Signer01|according to her son before she died|according to her son before she died|-1|-1
a1DR41r-l-I--1|Signer01|some of them has not seen it|some of them has not seen it|-1|-1
a1DR41r-l-I--2|Signer01|this story is not new it happened in 2017 let me tell you|this story is not new it happened in 2017 let me tell you|-1|-1
a1DR41r-l-I--8|Signer01|she was stunned|she was stunned|-1|-1
a1DR41r-l-I--11|Signer01|the old woman then shared her story|the old woman then shared her story|-1|-1
a1DR41r-l-I--14|Signer01|at the age of 60 she retired|at the age of 60 she retired|-1|-1
66wcZHOOFbI--3|Signer01|it was india best airline service|it was india best airline service|-1|-1
66wcZHOOFbI--10|Signer01|and the remaining would be paid in cash|and the remaining would be paid in cash|-1|-1
66wcZHOOFbI--18|Signer01|he was welcomed by the staff|he was welcomed by the staff|-1|-1
66wcZHOOFbI--19|Signer01|he gave a speech to the employees and said|he gave a speech to the employees and said|-1|-1
66wcZHOOFbI--28|Signer01|this is shocking as it is the first time in history|this is shocking as it is the first time in history|-1|-1
inSQvqdFR1s--7|Signer01|those who have taken the recently approved 3rd dose of the covid vaccine|those who have taken the recently approved 3rd dose of the covid vaccine|-1|-1
inSQvqdFR1s--8|Signer01|will be given the omicron vaccine as the 4th dose|will be given the omicron vaccine as the 4th dose|-1|-1
inSQvqdFR1s--10|Signer01|according to the companies the omicron vaccine should be ready in march|according to the companies the omicron vaccine should be ready in march|-1|-1
fzmqzWbC8Ts--3|Signer01|many suffered many major losses because of the crash|many suffered many major losses because of the crash|-1|-1
fzmqzWbC8Ts--7|Signer01|the government was always very worried about this|the government was always very worried about this|-1|-1
fzmqzWbC8Ts--10|Signer01|now on 23rd january 2022 the russian central bank said that|now on 23rd january 2022 the russian central bank said that|-1|-1
fzmqzWbC8Ts--15|Signer01|another reason for this is that joe biden president of the usa is planning|another reason for this is that joe biden president of the usa is planning|-1|-1
fzmqzWbC8Ts--18|Signer01|now we will have to wait for further updates|now we will have to wait for further updates|-1|-1
dw7AzLOYDOI--13|Signer01|people said that she looked similar to virat|people said that she looked similar to virat|-1|-1
nYtiiQWVAnU--18|Signer01|for the chapter 2 of the movie he will be paid rs 30 crore|for the chapter 2 of the movie he will be paid rs 30 crore|-1|-1
vZt56rnH8QQ--0|Signer01|earlier the maharashtra government had shut down schools and colleges till 15 february 2022|earlier the maharashtra government had shut down schools and colleges till 15 february 2022|-1|-1
vZt56rnH8QQ--1|Signer01|because of the spike in infections due to omicron|because of the spike in infections due to omicron|-1|-1
vZt56rnH8QQ--5|Signer01|she said that cm uddhav thackeray has given his permission for this|she said that cm uddhav thackeray has given his permission for this|-1|-1
vZt56rnH8QQ--9|Signer01|currently in bengaluru schools are also shut to control the spread of infections|currently in bengaluru schools are also shut to control the spread of infections|-1|-1
vZt56rnH8QQ--10|Signer01|many schools and colleges across india are still shut|many schools and colleges across india are still shut|-1|-1
iRFiNddzW1Q--2|Signer01|she worked hard and has now made her dream true|she worked hard and has now made her dream true|-1|-1
iRFiNddzW1Q--7|Signer01|here is her story|here is her story|-1|-1
iRFiNddzW1Q--12|Signer01|but did not know how because of the lockdown when air india approached her|but did not know how because of the lockdown when air india approached her|-1|-1
iRFiNddzW1Q--15|Signer01|she participated in the mission in may 2020|she participated in the mission in may 2020|-1|-1
iRFiNddzW1Q--22|Signer01|her experience is shocking|her experience is shocking|-1|-1
meO61SEJlDY--0|Signer01|when the covid pandemic first started you know how dangerous it was|when the covid pandemic first started you know how dangerous it was|-1|-1
meO61SEJlDY--7|Signer01|and can resume their daily life|and can resume their daily life|-1|-1
meO61SEJlDY--10|Signer01|they want people to carry on with their lives & have reduced restrictions|they want people to carry on with their lives & have reduced restrictions|-1|-1
meO61SEJlDY--16|Signer01|many are making such changes|many are making such changes|-1|-1
meO61SEJlDY--20|Signer01|similarly even the indian government has imposed strict rules to control the spread of omicron|similarly even the indian government has imposed strict rules to control the spread of omicron|-1|-1
Ibo2_BWLi5I--2|Signer01|you know that he is in the uk for all this time|you know that he is in the uk for all this time|-1|-1
Ibo2_BWLi5I--5|Signer01|this case has been going for three years|this case has been going for three years|-1|-1
Ibo2_BWLi5I--6|Signer01|he was earlier arrested by the police but has been let out on bail|he was earlier arrested by the police but has been let out on bail|-1|-1
Ibo2_BWLi5I--17|Signer01|he again failed to pay the amount back|he again failed to pay the amount back|-1|-1
ZhsZgOU2dco--3|Signer01|pictures and videos of this went viral on social media|pictures and videos of this went viral on social media|-1|-1
ZhsZgOU2dco--22|Signer01|she was everyone favourite|she was everyone favourite|-1|-1
Zggui5Xbwc8--0|Signer01|hours after india test series loss against south africa|hours after india test series loss against south africa|-1|-1
Zggui5Xbwc8--6|Signer01|the next day on 15th january 2022 virat kohli posted a tweet saying|the next day on 15th january 2022 virat kohli posted a tweet saying|-1|-1
Zggui5Xbwc8--11|Signer01|kohli had first led the side in test cricket back in 2014 against australia|kohli had first led the side in test cricket back in 2014 against australia|-1|-1
Zggui5Xbwc8--20|Signer01|they say his announcement after the test series was because of this reason|they say his announcement after the test series was because of this reason|-1|-1
Zggui5Xbwc8--23|Signer01|we hope he continues playing for india|we hope he continues playing for india|-1|-1
5Y-ZSrRLSYg--8|Signer01|she trained from an early age|she trained from an early age|-1|-1
eSHsonKjjrY--0|Signer01|you all may have taken the 1st and second of the covid vaccine|you all may have taken the 1st and second of the covid vaccine|-1|-1
eSHsonKjjrY--2|Signer01|however to take the vaccine one needs to follow government & who guidelines|however to take the vaccine one needs to follow government & who guidelines|-1|-1
eSHsonKjjrY--12|Signer01|this is why he took the vaccine 11 times|this is why he took the vaccine 11 times|-1|-1
RqA2V8Hfeng--11|Signer01|this is how she made a killing so how did she think of doing this|this is how she made a killing so how did she think of doing this|-1|-1
RqA2V8Hfeng--18|Signer01|so weird right|so weird right|-1|-1
RqA2V8Hfeng--19|Signer01|she has been doing this since november 2021|she has been doing this since november 2021|-1|-1
RqA2V8Hfeng--24|Signer01|upon treatment she is better now|upon treatment she is better now|-1|-1
UuwdwtAe6c4--7|Signer01|and wanted to express her views over modi being made to wait like that|and wanted to express her views over modi being made to wait like that|-1|-1
UuwdwtAe6c4--8|Signer01|siddharth responded to her tweet|siddharth responded to her tweet|-1|-1
UuwdwtAe6c4--10|Signer01|siddharth has always spoken out against the bjp and the pm modi|siddharth has always spoken out against the bjp and the pm modi|-1|-1
UuwdwtAe6c4--15|Signer01|she was shocked by this statement let me explain its meaning|she was shocked by this statement let me explain its meaning|-1|-1
UuwdwtAe6c4--25|Signer01|it also wrote to police in maharashtra state to take action against him|it also wrote to police in maharashtra state to take action against him|-1|-1
uMbVIbgo83Q--4|Signer01|important players are playing the tournament after the first round of the matches|important players are playing the tournament after the first round of the matches|-1|-1
uMbVIbgo83Q--7|Signer01|seven players had tested positive for the coronavirus|seven players had tested positive for the coronavirus|-1|-1
8x7BaklQQzw--12|Signer01|he is just 28 years old and is a smart businessman|he is just 28 years old and is a smart businessman|-1|-1
HGUa82jvHYo--1|Signer01|the punjab government which had earlier promised her a job and cash prize|the punjab government which had earlier promised her a job and cash prize|-1|-1
HGUa82jvHYo--8|Signer01|both of them then met each other|both of them then met each other|-1|-1
9uwLxEO1p5I--6|Signer01|it was found that 7 people were dead|it was found that 7 people were dead|-1|-1
9uwLxEO1p5I--7|Signer01|however on 9 january 2022|however on 9 january 2022|-1|-1
9uwLxEO1p5I--9|Signer01|the injured were taken to local hospitals in the area|the injured were taken to local hospitals in the area|-1|-1
9uwLxEO1p5I--11|Signer01|almost 30 people have been injured|almost 30 people have been injured|-1|-1
DGuQoJOcVEA--6|Signer01|have a look at this strange video|have a look at this strange video|-1|-1
iFABwqY1f2I--4|Signer01|where he was found to be covid positive on 15 december 2021|where he was found to be covid positive on 15 december 2021|-1|-1
iFABwqY1f2I--8|Signer01|after treatment he was found to be covid negative on 21 december 2021|after treatment he was found to be covid negative on 21 december 2021|-1|-1
iFABwqY1f2I--9|Signer01|he again started suffering from fever cold and cough|he again started suffering from fever cold and cough|-1|-1
iFABwqY1f2I--11|Signer01|he died six days later on 31st december 2021 at around 3 30 am|he died six days later on 31st december 2021 at around 3 30 am|-1|-1
Vu0cn4ffv5g--3|Signer01|she often shares pictures and videos on instagram along with her family|she often shares pictures and videos on instagram along with her family|-1|-1
zjLM7xgXwkA--10|Signer01|4 the prime minister said that|4 the prime minister said that|-1|-1
zjLM7xgXwkA--15|Signer01|5 there is nothing to worry about|5 there is nothing to worry about|-1|-1
zjLM7xgXwkA--17|Signer01|to manage any crisis so there is nothing to worry about|to manage any crisis so there is nothing to worry about|-1|-1
hcqK6kAu2B4--0|Signer01|india currently has more than 200 omicron cases|india currently has more than 200 omicron cases|-1|-1
hcqK6kAu2B4--1|Signer01|the central government has warned indian states & union territories|the central government has warned indian states & union territories|-1|-1
hcqK6kAu2B4--4|Signer01|the letter advised them to be prepared for an omicron outbreak|the letter advised them to be prepared for an omicron outbreak|-1|-1
Rfe-jgg6JCM--8|Signer01|this is so dangerous|this is so dangerous|-1|-1
Rfe-jgg6JCM--20|Signer01|which have now reduced a lot|which have now reduced a lot|-1|-1
Rfe-jgg6JCM--21|Signer01|people thought that the monkey would now calm down|people thought that the monkey would now calm down|-1|-1
Rfe-jgg6JCM--23|Signer01|a similar incident was reported from karnataka in september 2021|a similar incident was reported from karnataka in september 2021|-1|-1
Rfe-jgg6JCM--28|Signer01|however the monkey returned back|however the monkey returned back|-1|-1
s5DD_MtbqK8--8|Signer01|the mob then beat him up till he died|the mob then beat him up till he died|-1|-1
s5DD_MtbqK8--9|Signer01|after all this the police arrived at the scene|after all this the police arrived at the scene|-1|-1
s5DD_MtbqK8--13|Signer01|when the police arrived even they were not allowed to enter|when the police arrived even they were not allowed to enter|-1|-1
s5DD_MtbqK8--15|Signer01|police are investigating this case|police are investigating this case|-1|-1
Dt1YwYrUvjk--0|Signer01|according to reports new zealand has a population of 5 million|according to reports new zealand has a population of 5 million|-1|-1
Dt1YwYrUvjk--6|Signer01|entry into public places and travel is only allowed for people who are fully vaccinated|entry into public places and travel is only allowed for people who are fully vaccinated|-1|-1
Dt1YwYrUvjk--9|Signer01|this is why the man got vaccinated 10 times|this is why the man got vaccinated 10 times|-1|-1
Dt1YwYrUvjk--11|Signer01|this is why he took each vaccine from a different vaccination centre|this is why he took each vaccine from a different vaccination centre|-1|-1
Dt1YwYrUvjk--29|Signer01|after this incident came to light the health ministry in new zealand|after this incident came to light the health ministry in new zealand|-1|-1
IbVyjcmIV60--8|Signer01|the procedure went on for 3 hours|the procedure went on for 3 hours|-1|-1
IbVyjcmIV60--11|Signer01|according to doctors kidney stones have become very common|according to doctors kidney stones have become very common|-1|-1
IbVyjcmIV60--12|Signer01|it is important to drink a lot of water|it is important to drink a lot of water|-1|-1
IbVyjcmIV60--14|Signer01|it can be because of not drinking enough water|it can be because of not drinking enough water|-1|-1
IbVyjcmIV60--18|Signer01|you can watch our video about how much water to drink on this link|you can watch our video about how much water to drink on this link|-1|-1
jCZW5Ncm1C8--8|Signer01|earlier women would get married at 18 and many would get pregnant immediately|earlier women would get married at 18 and many would get pregnant immediately|-1|-1
jCZW5Ncm1C8--12|Signer01|this should change and the age should be 21 for both|this should change and the age should be 21 for both|-1|-1
jCZW5Ncm1C8--14|Signer01|the team proposal was approved by the union cabinet on 15th december 2021|the team proposal was approved by the union cabinet on 15th december 2021|-1|-1
jCZW5Ncm1C8--15|Signer01|the same will be proposed in the lok sabha & rajya sabha|the same will be proposed in the lok sabha & rajya sabha|-1|-1
jCZW5Ncm1C8--18|Signer01|special marriage act and the hindu marriage act to bring the plan into action|special marriage act and the hindu marriage act to bring the plan into action|-1|-1
3HS28IDkfL8--3|Signer01|the certificate also includes his private details like name aadhar card number etc|the certificate also includes his private details like name aadhar card number etc|-1|-1
3HS28IDkfL8--5|Signer01|and filed a complaint|and filed a complaint|-1|-1
3HS28IDkfL8--11|Signer01|they do not put their image on vaccine certificates then why is india doing this|they do not put their image on vaccine certificates then why is india doing this|-1|-1
3HS28IDkfL8--16|Signer01|then why have you complained what your problem|then why have you complained what your problem|-1|-1
sU64SqZD-24--6|Signer01|4 bodies have been identified|4 bodies have been identified|-1|-1
sU64SqZD-24--12|Signer01|the bodies were kept side by side|the bodies were kept side by side|-1|-1
sU64SqZD-24--20|Signer01|this has been recovered|this has been recovered|-1|-1
97W_atGIDAE--13|Signer01|a video of this incident went viral on social media have a look|a video of this incident went viral on social media have a look|-1|-1
97W_atGIDAE--14|Signer01|did you see the video strange it could happen in real life|did you see the video strange it could happen in real life|-1|-1
97W_atGIDAE--16|Signer01|the family called the police and the boy was arrested|the family called the police and the boy was arrested|-1|-1
97W_atGIDAE--17|Signer01|the bride was finally married to the groom|the bride was finally married to the groom|-1|-1
97W_atGIDAE--26|Signer01|the boy family then called the police and she was taken away|the boy family then called the police and she was taken away|-1|-1
E3Fdzhh5kEw--5|Signer01|after the shocking crash it was revealed that 13 people had died|after the shocking crash it was revealed that 13 people had died|-1|-1
E3Fdzhh5kEw--13|Signer01|the air force is shocked over the crash and have launched a probe into it|the air force is shocked over the crash and have launched a probe into it|-1|-1
E3Fdzhh5kEw--18|Signer01|even his wife has died the couple are survived by their two daughter|even his wife has died the couple are survived by their two daughter|-1|-1
E3Fdzhh5kEw--19|Signer01|i am feeling very bad over the deaths of the other officers as well|i am feeling very bad over the deaths of the other officers as well|-1|-1
E3Fdzhh5kEw--32|Signer01|he is survived by 2 daughters|he is survived by 2 daughters|-1|-1
jN2lbHzIneI--9|Signer01|since they cannot do this anymore the case was filed|since they cannot do this anymore the case was filed|-1|-1
jN2lbHzIneI--10|Signer01|however it is not known how the couple has responded to the complaint|however it is not known how the couple has responded to the complaint|-1|-1
jN2lbHzIneI--14|Signer01|no media person was allowed to attend & there were strict rules|no media person was allowed to attend & there were strict rules|-1|-1
jN2lbHzIneI--17|Signer01|to amazon prime video for rs 80 crore|to amazon prime video for rs 80 crore|-1|-1
3iSdGVH-2A4--5|Signer01|you may think he is an indian player but he actually plays for new zealand|you may think he is an indian player but he actually plays for new zealand|-1|-1
3iSdGVH-2A4--9|Signer01|i am sure you want to know more about his life|i am sure you want to know more about his life|-1|-1
3iSdGVH-2A4--12|Signer01|patel family is from gujarat|patel family is from gujarat|-1|-1
3iSdGVH-2A4--14|Signer01|the bcci tweeted an image on 6 december 2021|the bcci tweeted an image on 6 december 2021|-1|-1
sFcUjqpV8I8--2|Signer01|this is because he was holding a glass & bottle of alcohol|this is because he was holding a glass & bottle of alcohol|-1|-1
sFcUjqpV8I8--4|Signer01|25 000 people have died of covid in delhi|25 000 people have died of covid in delhi|-1|-1
sFcUjqpV8I8--9|Signer01|and protect the health of citizens this is why the taxes are always high|and protect the health of citizens this is why the taxes are always high|-1|-1
sFcUjqpV8I8--15|Signer01|however now shops are being set up everywhere and even in villages|however now shops are being set up everywhere and even in villages|-1|-1
sFcUjqpV8I8--17|Signer01|the age limit to enter bars is reduced from 25 to 21|the age limit to enter bars is reduced from 25 to 21|-1|-1
PTt3KvVGHkg--12|Signer01|they have decided not to travel by road to the hotel|they have decided not to travel by road to the hotel|-1|-1
PTt3KvVGHkg--21|Signer01|2 no sharing pictures of the wedding on social media|2 no sharing pictures of the wedding on social media|-1|-1
PTt3KvVGHkg--22|Signer01|3 guests are not allowed to share location on social media|3 guests are not allowed to share location on social media|-1|-1
lMcnpTegC44--1|Signer01|maharashtra kerala delhi karnataka rajasthan & gujarat a total of 21 cases have been reported|maharashtra kerala delhi karnataka rajasthan & gujarat a total of 21 cases have been reported|-1|-1
lMcnpTegC44--3|Signer01|top experts has warned that india should be prepared to fight a possible third wave|top experts has warned that india should be prepared to fight a possible third wave|-1|-1
lMcnpTegC44--11|Signer01|had tested positive for the omicron variant|had tested positive for the omicron variant|-1|-1
lMcnpTegC44--15|Signer01|and then escaped to dubai there have been many incidents like this|and then escaped to dubai there have been many incidents like this|-1|-1
lMcnpTegC44--16|Signer01|10 passengers were being tested at the airport|10 passengers were being tested at the airport|-1|-1
WCiJ2s6rJNc--0|Signer01|mukesh ambani chairman of reliance industries is india richest man|mukesh ambani chairman of reliance industries is india richest man|-1|-1
WCiJ2s6rJNc--5|Signer01|but that is not the case for the ambani family|but that is not the case for the ambani family|-1|-1
WCiJ2s6rJNc--34|Signer01|the cups are expensive as each cup has a gold border|the cups are expensive as each cup has a gold border|-1|-1
WCiJ2s6rJNc--46|Signer01|you can buy a house in that money let me tell you about it|you can buy a house in that money let me tell you about it|-1|-1
WCiJ2s6rJNc--53|Signer01|each bottle costs rs 40 lakh|each bottle costs rs 40 lakh|-1|-1
2o6pOgal_Zg--0|Signer01|in july 2020 many people were affected by covid|in july 2020 many people were affected by covid|-1|-1
2o6pOgal_Zg--8|Signer01|however the bodies of these two patients were not handed to the families|however the bodies of these two patients were not handed to the families|-1|-1
2o6pOgal_Zg--10|Signer01|a year later the hospital contacted the families and gave them a huge shock|a year later the hospital contacted the families and gave them a huge shock|-1|-1
2o6pOgal_Zg--13|Signer01|then the hospital informed the families|then the hospital informed the families|-1|-1
WH_oarupge8--6|Signer01|however this is not confirmed|however this is not confirmed|-1|-1
WH_oarupge8--7|Signer01|mamata had attended a press conference in mumbai|mamata had attended a press conference in mumbai|-1|-1
WH_oarupge8--14|Signer01|according to people as a chief minister mamata should have been aware about such rules|according to people as a chief minister mamata should have been aware about such rules|-1|-1
WH_oarupge8--15|Signer01|people were angry over her actions and have demanded strict action against her|people were angry over her actions and have demanded strict action against her|-1|-1
WH_oarupge8--16|Signer01|however mamata has not responded to any of this|however mamata has not responded to any of this|-1|-1
OwnXlbWX9AE--0|Signer01|these are the high risk countries where the new covid-19 variant omicron has spread|these are the high risk countries where the new covid-19 variant omicron has spread|-1|-1
OwnXlbWX9AE--3|Signer01|1 maharashtra fully vaccinated persons are allowed to take domestic flights|1 maharashtra fully vaccinated persons are allowed to take domestic flights|-1|-1
OwnXlbWX9AE--13|Signer01|those who are fully vaccinated & travelling from foreign countries|those who are fully vaccinated & travelling from foreign countries|-1|-1
OwnXlbWX9AE--15|Signer01|3 uttar pradesh chief medical officers have been ordered by the state government|3 uttar pradesh chief medical officers have been ordered by the state government|-1|-1
OwnXlbWX9AE--18|Signer01|only those who are negative will be allowed to leave the airport|only those who are negative will be allowed to leave the airport|-1|-1
PSFcuzVjVWs--4|Signer01|something similar happened for actor salman khan|something similar happened for actor salman khan|-1|-1
PSFcuzVjVWs--7|Signer01|however they also did something very dangerous|however they also did something very dangerous|-1|-1
PSFcuzVjVWs--11|Signer01|it is not known where the incident took place|it is not known where the incident took place|-1|-1
PSFcuzVjVWs--13|Signer01|salman khan saw the same video you just saw|salman khan saw the same video you just saw|-1|-1
PSFcuzVjVWs--14|Signer01|he then posted the video on his instagram account here what the caption said|he then posted the video on his instagram account here what the caption said|-1|-1
DyudXQLV2ro--4|Signer01|however they will first have a court marriage in mumbai|however they will first have a court marriage in mumbai|-1|-1
DyudXQLV2ro--16|Signer01|this is his gift how surprising|this is his gift how surprising|-1|-1
P0u31Q68-RM--4|Signer01|they were constantly fighting against the central government|they were constantly fighting against the central government|-1|-1
P0u31Q68-RM--11|Signer01|he also took part in the protest against the laws|he also took part in the protest against the laws|-1|-1
P0u31Q68-RM--20|Signer01|when farmers started protesting against the laws he also took part|when farmers started protesting against the laws he also took part|-1|-1
P0u31Q68-RM--21|Signer01|according to him this was like the 4th war which was against the central government|according to him this was like the 4th war which was against the central government|-1|-1
P0u31Q68-RM--27|Signer01|as elections in punjab & uttar pradesh are drawing near|as elections in punjab & uttar pradesh are drawing near|-1|-1
75URg_b6HYk--13|Signer01|this has left the police confused|this has left the police confused|-1|-1
fmHcqQNPyn0--4|Signer01|let me tell you their beautiful story|let me tell you their beautiful story|-1|-1
fmHcqQNPyn0--14|Signer01|and they decided to get married|and they decided to get married|-1|-1
fmHcqQNPyn0--21|Signer01|the marriage was held on 21 november 2021|the marriage was held on 21 november 2021|-1|-1
LXXIa4Pf-2w--4|Signer01|the girl who could not speak somehow managed to tell her parents what happened|the girl who could not speak somehow managed to tell her parents what happened|-1|-1
LXXIa4Pf-2w--8|Signer01|police will continue investigating|police will continue investigating|-1|-1
oSzjD-5aBig--8|Signer01|did you see the video was not that amazing|did you see the video was not that amazing|-1|-1
usILpoQtVwQ--0|Signer01|in a shocking development prices of tomatoes have hit the roof across the country|in a shocking development prices of tomatoes have hit the roof across the country|-1|-1
usILpoQtVwQ--6|Signer01|heavy rains damaged tomato crops due to which the prices have increased|heavy rains damaged tomato crops due to which the prices have increased|-1|-1
usILpoQtVwQ--11|Signer01|prices of other vegetables like lady finger will also increase|prices of other vegetables like lady finger will also increase|-1|-1
Kgiam7v7Kyg--0|Signer01|a few days back in the south indian states of andhra pradesh & tamil nadu|a few days back in the south indian states of andhra pradesh & tamil nadu|-1|-1
Kgiam7v7Kyg--1|Signer01|there has been heavy rainfall|there has been heavy rainfall|-1|-1
Kgiam7v7Kyg--6|Signer01|because of the rains many people have gone missing as well|because of the rains many people have gone missing as well|-1|-1
Kgiam7v7Kyg--11|Signer01|nearly 24 lakh people were affected by the floods|nearly 24 lakh people were affected by the floods|-1|-1
akEZ641HlaU--1|Signer01|however in march 2020 the supreme court lifted the ban|however in march 2020 the supreme court lifted the ban|-1|-1
akEZ641HlaU--13|Signer01|but no announcement has been made yet|but no announcement has been made yet|-1|-1
5kymd5UTvAc--0|Signer01|in jammu kashmir pulwama on 14 february 2019 40 soldiers lost their lives|in jammu kashmir pulwama on 14 february 2019 40 soldiers lost their lives|-1|-1
wldukQG0aLg--5|Signer01|now people are shocked over a particular news|now people are shocked over a particular news|-1|-1
EVowQkvmuu4--7|Signer01|since march 2020 we have recorded 8 000 new covid-19 cases in a single day|since march 2020 we have recorded 8 000 new covid-19 cases in a single day|-1|-1
EVowQkvmuu4--8|Signer01|earlier the number of infections were also above 8 000|earlier the number of infections were also above 8 000|-1|-1
EVowQkvmuu4--9|Signer01|this is because of vaccination|this is because of vaccination|-1|-1
EVowQkvmuu4--12|Signer01|of all the covid infections in india 50% are from kerala|of all the covid infections in india 50% are from kerala|-1|-1
ju2bbQo3eE0--0|Signer01|after we are born we go to school college then we start working|after we are born we go to school college then we start working|-1|-1
ju2bbQo3eE0--1|Signer01|school & college days are one of the best days of our life|school & college days are one of the best days of our life|-1|-1
ju2bbQo3eE0--3|Signer01|we keep talking about this|we keep talking about this|-1|-1
ju2bbQo3eE0--5|Signer01|let me tell you there are 7 points|let me tell you there are 7 points|-1|-1
ju2bbQo3eE0--15|Signer01|3 nowadays dating someone is common among girls and boys around the world|3 nowadays dating someone is common among girls and boys around the world|-1|-1
2ozWx_i7wZU--9|Signer01|an fir has been registered and they will receive strict punishment|an fir has been registered and they will receive strict punishment|-1|-1
2ozWx_i7wZU--11|Signer01|politicians journalists or people invited by the government are allowed to enter|politicians journalists or people invited by the government are allowed to enter|-1|-1
5QMD024bDYs--2|Signer01|there have been multiple meetings protests and people have been angry since november 2020|there have been multiple meetings protests and people have been angry since november 2020|-1|-1
5QMD024bDYs--12|Signer01|today prime minister narendra modi made a surprise announcement saying|today prime minister narendra modi made a surprise announcement saying|-1|-1
5QMD024bDYs--13|Signer01|“the government created the laws as we felt that farmers would benefit a lot|“the government created the laws as we felt that farmers would benefit a lot|-1|-1
5QMD024bDYs--23|Signer01|this is why the farmers want to wait till an official decision is made|this is why the farmers want to wait till an official decision is made|-1|-1
9X9BXb0iHnY--7|Signer01|and they announced some strict rules|and they announced some strict rules|-1|-1
9X9BXb0iHnY--8|Signer01|across delhi schools & colleges will be shut till further notice|across delhi schools & colleges will be shut till further notice|-1|-1
CnwbK7D_HOM--2|Signer01|in 2015 the project was proposed and later it was approved by the government|in 2015 the project was proposed and later it was approved by the government|-1|-1
CnwbK7D_HOM--3|Signer01|then in 2018 pm narendra modi laid the foundation stone of the project|then in 2018 pm narendra modi laid the foundation stone of the project|-1|-1
CnwbK7D_HOM--8|Signer01|now the time has been reduced to three and a half hour|now the time has been reduced to three and a half hour|-1|-1
68HERgP4Af0--5|Signer01|the news went viral later pandya tweeted and said|the news went viral later pandya tweeted and said|-1|-1
68HERgP4Af0--9|Signer01|when the officials asked for the bill i showed it to them|when the officials asked for the bill i showed it to them|-1|-1
JUWMIZsl7_U--9|Signer01|this is so inspiring|this is so inspiring|-1|-1
JUWMIZsl7_U--15|Signer01|earlier there was no focus on the deaf|earlier there was no focus on the deaf|-1|-1
JUWMIZsl7_U--19|Signer01|let me tell you something about her life|let me tell you something about her life|-1|-1
JUWMIZsl7_U--21|Signer01|she was born deaf to hearing parents|she was born deaf to hearing parents|-1|-1
JUWMIZsl7_U--27|Signer01|she has acted in plays|she has acted in plays|-1|-1
VEe7fj1ikGQ--5|Signer01|australia has won the t20 world cup for the 1st time|australia has won the t20 world cup for the 1st time|-1|-1
VEe7fj1ikGQ--8|Signer01|this is the first time australia won the t20 world cup|this is the first time australia won the t20 world cup|-1|-1
VEe7fj1ikGQ--12|Signer01|a video recently went viral|a video recently went viral|-1|-1
VEe7fj1ikGQ--17|Signer01|do you think this is strange|do you think this is strange|-1|-1
VEe7fj1ikGQ--20|Signer01|this has been done in the past as well|this has been done in the past as well|-1|-1
kYAuCjtBVgw--0|Signer01|a shocking incident occurred at a hospital in pakistan|a shocking incident occurred at a hospital in pakistan|-1|-1
kYAuCjtBVgw--3|Signer01|a woman had given birth to a baby the mother was asleep|a woman had given birth to a baby the mother was asleep|-1|-1
kYAuCjtBVgw--8|Signer01|video of the incident went viral|video of the incident went viral|-1|-1
kYAuCjtBVgw--13|Signer01|this is not the first time such an incident has occured|this is not the first time such an incident has occured|-1|-1
kYAuCjtBVgw--18|Signer01|however the woman never returned with the child|however the woman never returned with the child|-1|-1
rB05By5oMcY--21|Signer01|and knows all about assam culture he is wrong to do all this|and knows all about assam culture he is wrong to do all this|-1|-1
ValSqREqMSM--0|Signer01|in maharashtra thane the thane municipal corporation tmc has decided|in maharashtra thane the thane municipal corporation tmc has decided|-1|-1
ValSqREqMSM--4|Signer01|it is necessary for the staff to get vaccinated|it is necessary for the staff to get vaccinated|-1|-1
ValSqREqMSM--13|Signer01|those who are not vaccinated will not be allowed to enter|those who are not vaccinated will not be allowed to enter|-1|-1
ValSqREqMSM--14|Signer01|they will immediately have to get vaccinated and then allowed in|they will immediately have to get vaccinated and then allowed in|-1|-1
RzL5RaYepuE--0|Signer01|mukesh ambani is the chairman of the famous reliance industries|mukesh ambani is the chairman of the famous reliance industries|-1|-1
RzL5RaYepuE--4|Signer01|after this happened the police were informed and the security was increased around his house|after this happened the police were informed and the security was increased around his house|-1|-1
RzL5RaYepuE--7|Signer01|they both had large bags with them|they both had large bags with them|-1|-1
RzL5RaYepuE--8|Signer01|the driver grew suspicious and informed the police|the driver grew suspicious and informed the police|-1|-1
CRaeoTu1flY--0|Signer01|on 24th october india lost the t20 world cup match against pakistan in dubai|on 24th october india lost the t20 world cup match against pakistan in dubai|-1|-1
CRaeoTu1flY--4|Signer01|and told people not to attack his brother|and told people not to attack his brother|-1|-1
CRaeoTu1flY--13|Signer01|when in reality he was an indian|when in reality he was an indian|-1|-1
1gALlCp2Ryo--5|Signer01|however deaf are not recognised this is why on 10th november 2021|however deaf are not recognised this is why on 10th november 2021|-1|-1
1gALlCp2Ryo--9|Signer01|singh said he would not leave till his demand was met|singh said he would not leave till his demand was met|-1|-1
1gALlCp2Ryo--12|Signer01|singh even shared a picture of himself sitting on the road which went viral|singh even shared a picture of himself sitting on the road which went viral|-1|-1
XtQWxAy37_s--7|Signer01|in january 2020 it was announced that he is a padma shri winner|in january 2020 it was announced that he is a padma shri winner|-1|-1
XtQWxAy37_s--8|Signer01|singh was extremely happy but due to the lockdown the award ceremony was postponed|singh was extremely happy but due to the lockdown the award ceremony was postponed|-1|-1
XtQWxAy37_s--14|Signer01|i will always work towards making india proud by winning various medals|i will always work towards making india proud by winning various medals|-1|-1
XtQWxAy37_s--16|Signer01|singh is the first from the deaf community to win a padma shri|singh is the first from the deaf community to win a padma shri|-1|-1
XtQWxAy37_s--23|Signer01|till now singh has recieved 4 awards from the government|till now singh has recieved 4 awards from the government|-1|-1
YPtR7Db9GIo--1|Signer01|i am sure you all have experienced this|i am sure you all have experienced this|-1|-1
YPtR7Db9GIo--5|Signer01|he gave each employee a car worth rs 4 lakh to 4 5 lakh|he gave each employee a car worth rs 4 lakh to 4 5 lakh|-1|-1
YPtR7Db9GIo--14|Signer01|he created insurance policies worth rs 50 lakh to rs 1 crore|he created insurance policies worth rs 50 lakh to rs 1 crore|-1|-1
YPtR7Db9GIo--20|Signer01|according to him the company grew thanks to his employees|according to him the company grew thanks to his employees|-1|-1
YPtR7Db9GIo--21|Signer01|this is why he wants to encourage his staff|this is why he wants to encourage his staff|-1|-1
IGRawi88rOY--0|Signer01|india had lost the t20 world cup match against pakistan|india had lost the t20 world cup match against pakistan|-1|-1
IGRawi88rOY--3|Signer01|captain virat kohli issued a furious statement saying|captain virat kohli issued a furious statement saying|-1|-1
IGRawi88rOY--6|Signer01|these attacks need to stop|these attacks need to stop|-1|-1
IGRawi88rOY--8|Signer01|do you know how people responded to this|do you know how people responded to this|-1|-1
IGRawi88rOY--9|Signer01|in response to this kohli received many hate comments on social media|in response to this kohli received many hate comments on social media|-1|-1
V2ZK4-qMGAw--3|Signer01|soon he even announced retirement from domestic cricket nobody knew what happened|soon he even announced retirement from domestic cricket nobody knew what happened|-1|-1
r7l8g09ZsL8--12|Signer01|after this incident the ministry of civil aviation introduced new rules for the aviation sector|after this incident the ministry of civil aviation introduced new rules for the aviation sector|-1|-1
r7l8g09ZsL8--24|Signer01|use service dogs to help them stay calm|use service dogs to help them stay calm|-1|-1
r7l8g09ZsL8--25|Signer01|these service dogs should be allowed on the flights|these service dogs should be allowed on the flights|-1|-1
r7l8g09ZsL8--32|Signer01|so they allow the service dog on the plane|so they allow the service dog on the plane|-1|-1
r7l8g09ZsL8--33|Signer01|please do remember these points|please do remember these points|-1|-1
uFJ5vsrm4L8--1|Signer01|let me tell you about an inspiring incident|let me tell you about an inspiring incident|-1|-1
uFJ5vsrm4L8--4|Signer01|however raw rice dal and vegetables were not available in the village|however raw rice dal and vegetables were not available in the village|-1|-1
uFJ5vsrm4L8--9|Signer01|one of the teachers told the media that|one of the teachers told the media that|-1|-1
uFJ5vsrm4L8--12|Signer01|and encourage them to keep coming to school|and encourage them to keep coming to school|-1|-1
uFJ5vsrm4L8--15|Signer01|the teachers have also requested the government to build a road to their village|the teachers have also requested the government to build a road to their village|-1|-1
IYHuOKIdvsU--20|Signer01|he said that he never converted to islam during his 1st marriage|he said that he never converted to islam during his 1st marriage|-1|-1
IYHuOKIdvsU--21|Signer01|he said my mother was a muslim and my father is a hindu|he said my mother was a muslim and my father is a hindu|-1|-1
IYHuOKIdvsU--29|Signer01|so please remember that|so please remember that|-1|-1
IYHuOKIdvsU--30|Signer01|he never converted to islam when he got married|he never converted to islam when he got married|-1|-1
P3RGwt4yrF8--1|Signer01|you must be aware about this shocking victory|you must be aware about this shocking victory|-1|-1
P3RGwt4yrF8--3|Signer01|social media and news channels were flooded with this news|social media and news channels were flooded with this news|-1|-1
P3RGwt4yrF8--4|Signer01|however some people in india celebrated pakistan victory|however some people in india celebrated pakistan victory|-1|-1
P3RGwt4yrF8--6|Signer01|union home minister amit shah visit to jammu & kashmir|union home minister amit shah visit to jammu & kashmir|-1|-1
P3RGwt4yrF8--20|Signer01|shared whatsapp messages in support of the pakistan team|shared whatsapp messages in support of the pakistan team|-1|-1
-FUpyFiAMwg--0|Signer01|the national film awards are presented by the government inorder to encourage|the national film awards are presented by the government inorder to encourage|-1|-1
-FUpyFiAMwg--6|Signer01|actors were presented with awards|actors were presented with awards|-1|-1
-FUpyFiAMwg--8|Signer01|i will now tell you about the awards presented|i will now tell you about the awards presented|-1|-1
-FUpyFiAMwg--18|Signer01|this is why both of them were given the award for best actor|this is why both of them were given the award for best actor|-1|-1
EJgiHR-0UdI--4|Signer01|whose bail has been continuously rejected by the court|whose bail has been continuously rejected by the court|-1|-1
EJgiHR-0UdI--6|Signer01|let me tell you the shocking details|let me tell you the shocking details|-1|-1
EJgiHR-0UdI--7|Signer01|a person spoke to times now news channel and said that shah rukh khan|a person spoke to times now news channel and said that shah rukh khan|-1|-1
EJgiHR-0UdI--30|Signer01|and the 10 crore would be shared between them|and the 10 crore would be shared between them|-1|-1
EJgiHR-0UdI--37|Signer01|he was stunned that she had come for the meeting|he was stunned that she had come for the meeting|-1|-1
yC85vI5Dsyw--4|Signer01|the boy informed them that she left him|the boy informed them that she left him|-1|-1
yC85vI5Dsyw--5|Signer01|her family however did not believe what he said|her family however did not believe what he said|-1|-1
yC85vI5Dsyw--7|Signer01|the family became suspicious and filed a complaint with the police|the family became suspicious and filed a complaint with the police|-1|-1
yC85vI5Dsyw--10|Signer01|he said that when he was working in rajasthan he sold his wife|he said that when he was working in rajasthan he sold his wife|-1|-1
yC85vI5Dsyw--17|Signer01|however with much difficulty the police managed to bring her back to odisha|however with much difficulty the police managed to bring her back to odisha|-1|-1
s8uIZZCBtko--7|Signer01|he also revealed that to become famous he also faced many difficulties|he also revealed that to become famous he also faced many difficulties|-1|-1
s8uIZZCBtko--19|Signer01|but he is not ready to do the same|but he is not ready to do the same|-1|-1
KxiPtd61oWo--0|Signer01|in maharashtra schools and colleges have been shut across the state since march 2020|in maharashtra schools and colleges have been shut across the state since march 2020|-1|-1
KxiPtd61oWo--1|Signer01|the students have been studying online|the students have been studying online|-1|-1
KxiPtd61oWo--5|Signer01|people who are not completely vaccinated will not be allowed|people who are not completely vaccinated will not be allowed|-1|-1
KxiPtd61oWo--6|Signer01|the same method was followed in kerala as well|the same method was followed in kerala as well|-1|-1
KxiPtd61oWo--10|Signer01|online classes will also continue for students who cannot attend physical classes|online classes will also continue for students who cannot attend physical classes|-1|-1
e4rWudmfrfY--0|Signer01|in afghanistan from 2000 to 2020|in afghanistan from 2000 to 2020|-1|-1
e4rWudmfrfY--3|Signer01|now afghanistan has been taken over by the taliban|now afghanistan has been taken over by the taliban|-1|-1
e4rWudmfrfY--11|Signer01|this is because he wants afghanistan to be the most developed country in the world|this is because he wants afghanistan to be the most developed country in the world|-1|-1
rhrEqLib494--3|Signer01|after a day work the woman was asleep in her room|after a day work the woman was asleep in her room|-1|-1
rhrEqLib494--8|Signer01|the woman then filed a complaint with the air force officials|the woman then filed a complaint with the air force officials|-1|-1
rhrEqLib494--15|Signer01|this test has been banned by the supreme court of india|this test has been banned by the supreme court of india|-1|-1
rhrEqLib494--18|Signer01|the woman filed a complaint with the police|the woman filed a complaint with the police|-1|-1
rhrEqLib494--22|Signer01|the officer was then arrested and sent to jail|the officer was then arrested and sent to jail|-1|-1
G7Gxs8h5NLo--6|Signer01|he then informed forest officials|he then informed forest officials|-1|-1
G7Gxs8h5NLo--10|Signer01|this was going on for the last 2 years finally on 9 october|this was going on for the last 2 years finally on 9 october|-1|-1
G7Gxs8h5NLo--14|Signer01|the officers had no idea how to remove it|the officers had no idea how to remove it|-1|-1
G7Gxs8h5NLo--23|Signer01|according to the officials there have been many such incidents|according to the officials there have been many such incidents|-1|-1
e54bTgz-Lb8--1|Signer01|the court & the ncb has denied his bail 3 times|the court & the ncb has denied his bail 3 times|-1|-1
e54bTgz-Lb8--9|Signer01|is now sleeping on a metal bed with low quality food|is now sleeping on a metal bed with low quality food|-1|-1
e54bTgz-Lb8--13|Signer01|they have again filed for bail and the decision would be announced today|they have again filed for bail and the decision would be announced today|-1|-1
e54bTgz-Lb8--15|Signer01|but the ncb and the court refused to give permission|but the ncb and the court refused to give permission|-1|-1
e54bTgz-Lb8--17|Signer01|and they have to eat jail food|and they have to eat jail food|-1|-1
G-ZpUuxzAQg--5|Signer01|which was approved for children and adults above the age of 12|which was approved for children and adults above the age of 12|-1|-1
LbE_0jRARNg--11|Signer01|and encouraged people to consume them it would lead to arguments within families|and encouraged people to consume them it would lead to arguments within families|-1|-1
LbE_0jRARNg--16|Signer01|despite this such advertisement are still made|despite this such advertisement are still made|-1|-1
LbE_0jRARNg--28|Signer01|but without directly asking them to|but without directly asking them to|-1|-1
LbE_0jRARNg--37|Signer01|people were shocked and said that it was wrong of him to promote such products|people were shocked and said that it was wrong of him to promote such products|-1|-1
vNBqhzjmOwQ--3|Signer01|here are more details on the story|here are more details on the story|-1|-1
vNBqhzjmOwQ--8|Signer01|this was extremely shocking|this was extremely shocking|-1|-1
vNBqhzjmOwQ--12|Signer01|the police took no action over this|the police took no action over this|-1|-1
vNBqhzjmOwQ--23|Signer01|when the police questioned those who attended the event people said|when the police questioned those who attended the event people said|-1|-1
vNBqhzjmOwQ--25|Signer01|and found that his phone location showed him close to the crime scene|and found that his phone location showed him close to the crime scene|-1|-1
eD8Y8tLEti4--2|Signer01|csk lost the match and punjab won|csk lost the match and punjab won|-1|-1
eD8Y8tLEti4--3|Signer01|the full csk team was very sad|the full csk team was very sad|-1|-1
eD8Y8tLEti4--8|Signer01|however something happened which made the team very happy|however something happened which made the team very happy|-1|-1
eD8Y8tLEti4--14|Signer01|the proposal gave a positive turn to the day|the proposal gave a positive turn to the day|-1|-1
knbIJBbbK74--4|Signer01|people love to watch all this|people love to watch all this|-1|-1
knbIJBbbK74--7|Signer01|just like how we receive salary even these individuals get paid|just like how we receive salary even these individuals get paid|-1|-1
knbIJBbbK74--9|Signer01|do you want to know how much they are paid|do you want to know how much they are paid|-1|-1
knbIJBbbK74--16|Signer01|she is being paid rs 5 lakh per week|she is being paid rs 5 lakh per week|-1|-1
knbIJBbbK74--22|Signer01|but since then the prize money has reduced|but since then the prize money has reduced|-1|-1
PGH5lF7IXY8--7|Signer01|the world was extremely shocked by this|the world was extremely shocked by this|-1|-1
PGH5lF7IXY8--9|Signer01|and now his own son was arrested doing drugs|and now his own son was arrested doing drugs|-1|-1
PGH5lF7IXY8--17|Signer01|people were shocked by this|people were shocked by this|-1|-1
PGH5lF7IXY8--21|Signer01|i hope he changes his behaviour|i hope he changes his behaviour|-1|-1
WfCXHHqngzI--14|Signer01|the vaccine will only be used in africa|the vaccine will only be used in africa|-1|-1
REyUqSqUD44--4|Signer01|has blamed a very famous bollywood actor for their divorce|has blamed a very famous bollywood actor for their divorce|-1|-1
REyUqSqUD44--5|Signer01|kangana posted a statement on her instagram stories which said|kangana posted a statement on her instagram stories which said|-1|-1
REyUqSqUD44--9|Signer01|kangana who was shocked by this said that|kangana who was shocked by this said that|-1|-1
REyUqSqUD44--16|Signer01|for example men and women all buy clothes|for example men and women all buy clothes|-1|-1
REyUqSqUD44--21|Signer01|this needs to stop|this needs to stop|-1|-1
wbkgT0IcnoU--2|Signer01|the ncb said that after going through aryan khan chats|the ncb said that after going through aryan khan chats|-1|-1
wbkgT0IcnoU--14|Signer01|not only aryan but also the other 7 will remain in ncb custody|not only aryan but also the other 7 will remain in ncb custody|-1|-1
FO0NXxDg0so--9|Signer01|however he did not mention the reason why the social media platforms stopped working|however he did not mention the reason why the social media platforms stopped working|-1|-1
6YCkx7aDr1w--17|Signer01|videos of aryan khan being arrested have gone viral on social media|videos of aryan khan being arrested have gone viral on social media|-1|-1
6YCkx7aDr1w--18|Signer01|aryan khan is now under arrest|aryan khan is now under arrest|-1|-1
6YCkx7aDr1w--29|Signer01|here are the names of the 7 other individuals who were arrested|here are the names of the 7 other individuals who were arrested|-1|-1
6YCkx7aDr1w--38|Signer01|the congress party in maharashtra has said|the congress party in maharashtra has said|-1|-1
6YCkx7aDr1w--40|Signer01|many bollywood celebrities came out in support of shah rukh khan|many bollywood celebrities came out in support of shah rukh khan|-1|-1
65gi50fLth8--3|Signer01|people find it very difficult to live without the internet|people find it very difficult to live without the internet|-1|-1
65gi50fLth8--5|Signer01|and for children education since schools were shut|and for children education since schools were shut|-1|-1
65gi50fLth8--6|Signer01|the internet has become very important|the internet has become very important|-1|-1
65gi50fLth8--8|Signer01|many children missed out on their education because of this|many children missed out on their education because of this|-1|-1
w7uIJRi7v70--1|Signer01|on 28th september bcci officially announced that there will be 10 ipl teams in 2022|on 28th september bcci officially announced that there will be 10 ipl teams in 2022|-1|-1
w7uIJRi7v70--3|Signer01|however the teams will be announced only on 25th october 2021|however the teams will be announced only on 25th october 2021|-1|-1
w7uIJRi7v70--4|Signer01|the bcci has made the announcement but as per the ipl rules|the bcci has made the announcement but as per the ipl rules|-1|-1
w7uIJRi7v70--13|Signer01|currently in the ipl there are teams of cities like mumbai kolkata hyderabad etc|currently in the ipl there are teams of cities like mumbai kolkata hyderabad etc|-1|-1
w7uIJRi7v70--14|Signer01|now the two new teams may be from 6 cities|now the two new teams may be from 6 cities|-1|-1
6J0grCPyEao--6|Signer01|also he did not even wash his hands|also he did not even wash his hands|-1|-1
6J0grCPyEao--8|Signer01|did you see the video according to news reports|did you see the video according to news reports|-1|-1
6J0grCPyEao--9|Signer01|as soon as the video went viral he was arrested|as soon as the video went viral he was arrested|-1|-1
6J0grCPyEao--10|Signer01|this is not the first time there have been two such incidents|this is not the first time there have been two such incidents|-1|-1
VSxm-l8li1s--5|Signer01|he was sitting with many others|he was sitting with many others|-1|-1
VSxm-l8li1s--8|Signer01|he was given 2 doses in a day|he was given 2 doses in a day|-1|-1
VSxm-l8li1s--11|Signer01|and the vaccine is meant for it|and the vaccine is meant for it|-1|-1
VSxm-l8li1s--13|Signer01|to prevent the infection the vaccine is taken|to prevent the infection the vaccine is taken|-1|-1
VSxm-l8li1s--17|Signer01|she should have asked him which dose he wanted or looked at his case papers|she should have asked him which dose he wanted or looked at his case papers|-1|-1
njSSWVRlj9I--4|Signer01|were planning to cross the j&k border|were planning to cross the j&k border|-1|-1
njSSWVRlj9I--5|Signer01|for 10 days the army was planning and working to stop these terrorists|for 10 days the army was planning and working to stop these terrorists|-1|-1
njSSWVRlj9I--9|Signer01|4 terrorists got scared and turned back|4 terrorists got scared and turned back|-1|-1
njSSWVRlj9I--11|Signer01|1 of the terrorists was killed in the firing|1 of the terrorists was killed in the firing|-1|-1
njSSWVRlj9I--18|Signer01|my father died and i have a mother and sister|my father died and i have a mother and sister|-1|-1
wIEZwZ_NHVQ--3|Signer01|however for a while now there have been rumours|however for a while now there have been rumours|-1|-1
wIEZwZ_NHVQ--6|Signer01|the couple are unhappy with each other|the couple are unhappy with each other|-1|-1
wIEZwZ_NHVQ--17|Signer01|rumours about the couple divorce was confirmed when|rumours about the couple divorce was confirmed when|-1|-1
wIEZwZ_NHVQ--20|Signer01|according to rumours the couple have already filed for divorce|according to rumours the couple have already filed for divorce|-1|-1
wIEZwZ_NHVQ--23|Signer01|however the couple have not confirmed the divorce yet|however the couple have not confirmed the divorce yet|-1|-1
ITgkTKypPDo--1|Signer01|however farmers are extremely unhappy with the laws|however farmers are extremely unhappy with the laws|-1|-1
ITgkTKypPDo--7|Signer01|and despite multiple protests there has been no solution even in 2021|and despite multiple protests there has been no solution even in 2021|-1|-1
ITgkTKypPDo--10|Signer01|it would mean across india schools colleges shops offices|it would mean across india schools colleges shops offices|-1|-1
ITgkTKypPDo--11|Signer01|government & private offices etc would all remain shut farmers are very angry|government & private offices etc would all remain shut farmers are very angry|-1|-1
ITgkTKypPDo--16|Signer01|however the government did not agree|however the government did not agree|-1|-1
XDuyCicWN8s--1|Signer01|the story was about their deaths|the story was about their deaths|-1|-1
XDuyCicWN8s--3|Signer01|on 26th september evening the two youngsters passed away|on 26th september evening the two youngsters passed away|-1|-1
FoWBkJ9RUFE--2|Signer01|police said that the incident took place at around 10 am september 3|police said that the incident took place at around 10 am september 3|-1|-1
FoWBkJ9RUFE--12|Signer01|her mother was shocked and then took her to 3 different hospitals but she died|her mother was shocked and then took her to 3 different hospitals but she died|-1|-1
FoWBkJ9RUFE--14|Signer01|they must immediately go to a hospital for treatment this will save their lives|they must immediately go to a hospital for treatment this will save their lives|-1|-1
L74P-Zq8sRw--1|Signer01|there is a strange story let me tell you the reason|there is a strange story let me tell you the reason|-1|-1
L74P-Zq8sRw--10|Signer01|so they rushed to the banks|so they rushed to the banks|-1|-1
L74P-Zq8sRw--12|Signer01|this was not the first time such an incident occured|this was not the first time such an incident occured|-1|-1
L74P-Zq8sRw--15|Signer01|then the bank said it was a mistake and asked for the money back|then the bank said it was a mistake and asked for the money back|-1|-1
L74P-Zq8sRw--17|Signer01|this is why he was arrested|this is why he was arrested|-1|-1
w2QBptggUiE--0|Signer01|since the taliban took control of afghanistan|since the taliban took control of afghanistan|-1|-1
w2QBptggUiE--2|Signer01|now the t20 world cup hosted by the icc will be held on 17 october|now the t20 world cup hosted by the icc will be held on 17 october|-1|-1
w2QBptggUiE--3|Signer01|so now will the afghanistan team participate in the tournament|so now will the afghanistan team participate in the tournament|-1|-1
w2QBptggUiE--4|Signer01|currently the taliban has given permission to only the men cricket team to play matches|currently the taliban has given permission to only the men cricket team to play matches|-1|-1
w2QBptggUiE--11|Signer01|all countries that are members of icc must have a national women team|all countries that are members of icc must have a national women team|-1|-1
aCwcQvDfi1Q--1|Signer01|however people continue to ignore this rule|however people continue to ignore this rule|-1|-1
aCwcQvDfi1Q--4|Signer01|this occured in 2014|this occured in 2014|-1|-1
aCwcQvDfi1Q--6|Signer01|when he heard about the incident he was heart broken|when he heard about the incident he was heart broken|-1|-1
aCwcQvDfi1Q--11|Signer01|including delhi bihar up mp haryana|including delhi bihar up mp haryana|-1|-1
aCwcQvDfi1Q--12|Signer01|rajasthan west bengal jharkhand and himachal pradesh|rajasthan west bengal jharkhand and himachal pradesh|-1|-1
HYHu1YhTbwg--5|Signer01|let me explain the meaning of charge sheet|let me explain the meaning of charge sheet|-1|-1
HYHu1YhTbwg--8|Signer01|so that during the hearing the judge is aware about the case|so that during the hearing the judge is aware about the case|-1|-1
HYHu1YhTbwg--11|Signer01|raj kundra wife shilpa shetty was called for questioning by the mumbai police|raj kundra wife shilpa shetty was called for questioning by the mumbai police|-1|-1
HYHu1YhTbwg--14|Signer01|there were news reports that expressed shock|there were news reports that expressed shock|-1|-1
HYHu1YhTbwg--19|Signer01|and has not responded on the charge sheet and her statement|and has not responded on the charge sheet and her statement|-1|-1
g9oIBrlerQ0--0|Signer01|currently in india six vaccines have been approved for use|currently in india six vaccines have been approved for use|-1|-1
g9oIBrlerQ0--20|Signer01|will be tested first before it is approved for vaccination|will be tested first before it is approved for vaccination|-1|-1
8CHgA2rIrqs--4|Signer01|the delhi police special cell then arrested|the delhi police special cell then arrested|-1|-1
8CHgA2rIrqs--5|Signer01|6 terrorists on 14 september from various indian states|6 terrorists on 14 september from various indian states|-1|-1
8CHgA2rIrqs--11|Signer01|but he was arrested by the police|but he was arrested by the police|-1|-1
gnPLVl3gDzQ--2|Signer01|now the american government decided to call back its troops|now the american government decided to call back its troops|-1|-1
gnPLVl3gDzQ--16|Signer01|and other who supported the us during the war|and other who supported the us during the war|-1|-1
gnPLVl3gDzQ--18|Signer01|this is why they all fled|this is why they all fled|-1|-1
gnPLVl3gDzQ--21|Signer01|till now there was no information about these places|till now there was no information about these places|-1|-1
gnPLVl3gDzQ--23|Signer01|finally a few weeks ago the us government finally allowed media|finally a few weeks ago the us government finally allowed media|-1|-1
XTLJ3vnXtGo--1|Signer01|then there is some bad news for you|then there is some bad news for you|-1|-1
XTLJ3vnXtGo--3|Signer01|almost everyone will be either infected|almost everyone will be either infected|-1|-1
XTLJ3vnXtGo--8|Signer01|once this happens there will be spike in infections|once this happens there will be spike in infections|-1|-1
XTLJ3vnXtGo--15|Signer01|now you may wonder how will the covid pandemic end|now you may wonder how will the covid pandemic end|-1|-1
XTLJ3vnXtGo--19|Signer01|the only way to control the spread of infection is vaccination|the only way to control the spread of infection is vaccination|-1|-1
AI-jlgZ-Huc--2|Signer01|people wondered who will be the next cm|people wondered who will be the next cm|-1|-1
AI-jlgZ-Huc--4|Signer01|bjp had a long list of suitable candidates|bjp had a long list of suitable candidates|-1|-1
AI-jlgZ-Huc--7|Signer01|as he was an mla who was extremely soft spoken|as he was an mla who was extremely soft spoken|-1|-1
dHc5mvZSPUI--3|Signer01|to solve the matter the villagers did a very shocking thing let me tell you|to solve the matter the villagers did a very shocking thing let me tell you|-1|-1
dHc5mvZSPUI--10|Signer01|and then cook food for at a local temple|and then cook food for at a local temple|-1|-1
nU44vbXJO-0--11|Signer01|while the taliban has maintained a close bond with china|while the taliban has maintained a close bond with china|-1|-1
nU44vbXJO-0--20|Signer01|to hold any protest permission must be taken from the government 24 hours in advance|to hold any protest permission must be taken from the government 24 hours in advance|-1|-1
nU44vbXJO-0--22|Signer01|only after this the answer would be given|only after this the answer would be given|-1|-1
nU44vbXJO-0--28|Signer01|female students must be taught only by other women|female students must be taught only by other women|-1|-1
nU44vbXJO-0--29|Signer01|elderly men of good character could fill in if there were no female teachers|elderly men of good character could fill in if there were no female teachers|-1|-1
2t7k40wz8sM--7|Signer01|they were a beautiful family|they were a beautiful family|-1|-1
2t7k40wz8sM--12|Signer01|they were known as the perfect couple|they were known as the perfect couple|-1|-1
2t7k40wz8sM--25|Signer01|when i went through my 1st divorce i felt like a bad person|when i went through my 1st divorce i felt like a bad person|-1|-1
2t7k40wz8sM--28|Signer01|my own family was against the divorce|my own family was against the divorce|-1|-1
2t7k40wz8sM--38|Signer01|both of us would be happy society happiness is not important what we want is|both of us would be happy society happiness is not important what we want is|-1|-1
Zi667p2C_4w--0|Signer01|the taliban took over afghanistan on 15 august|the taliban took over afghanistan on 15 august|-1|-1
Zi667p2C_4w--5|Signer01|there has been a lot of violence against them as well|there has been a lot of violence against them as well|-1|-1
Zi667p2C_4w--7|Signer01|human right groups have reported a lot of suffering among women & children|human right groups have reported a lot of suffering among women & children|-1|-1
Zi667p2C_4w--14|Signer01|now i will tell you another shocking news|now i will tell you another shocking news|-1|-1
Zi667p2C_4w--17|Signer01|she was also 8 months pregnant|she was also 8 months pregnant|-1|-1
EctLzJyQkVY--15|Signer01|prime minister imran khan tweeted and condemned the incident|prime minister imran khan tweeted and condemned the incident|-1|-1
ql7JNWylxmI--1|Signer01|she put out a video via a tweet on 2nd september 2021|she put out a video via a tweet on 2nd september 2021|-1|-1
ql7JNWylxmI--15|Signer01|as earlier he had promised to give her a job and cash prize as well|as earlier he had promised to give her a job and cash prize as well|-1|-1
ql7JNWylxmI--19|Signer01|however its been so long and she has not been given a job|however its been so long and she has not been given a job|-1|-1
ql7JNWylxmI--30|Signer01|breaking down her mother says it was our dream to encourage deaf daughter in chess|breaking down her mother says it was our dream to encourage deaf daughter in chess|-1|-1
ql7JNWylxmI--39|Signer01|however the punjab government is not at all supporting her|however the punjab government is not at all supporting her|-1|-1
zlrHr_rA9aw--11|Signer01|and india also participated in the game|and india also participated in the game|-1|-1
zlrHr_rA9aw--13|Signer01|while at the 2020 tokyo olympics india secured 7 medals|while at the 2020 tokyo olympics india secured 7 medals|-1|-1
9hGh5Sg8jwQ--11|Signer01|the police then launched a search and caught 2 individuals|the police then launched a search and caught 2 individuals|-1|-1
9hGh5Sg8jwQ--14|Signer01|both have been arrested|both have been arrested|-1|-1
9hGh5Sg8jwQ--15|Signer01|the child is now with his mother|the child is now with his mother|-1|-1
9hGh5Sg8jwQ--18|Signer01|drugs have been a serious issue in assam|drugs have been a serious issue in assam|-1|-1
G_Y7OzB7FmE--9|Signer01|in the process two of her fingers were cut off|in the process two of her fingers were cut off|-1|-1
G_Y7OzB7FmE--14|Signer01|he said what do you want from me i will come to the police station|he said what do you want from me i will come to the police station|-1|-1
G_Y7OzB7FmE--19|Signer01|record and has been selling vegetables in thane for many years|record and has been selling vegetables in thane for many years|-1|-1
O-zo-qvBcOI--4|Signer01|cows should be declared as the national animal|cows should be declared as the national animal|-1|-1
O-zo-qvBcOI--7|Signer01|justice yadav went on to say that the parliament should make a law|justice yadav went on to say that the parliament should make a law|-1|-1
4tskTau4Wdo--3|Signer01|9 new judges have now been appointed as judges of the supreme court of india|9 new judges have now been appointed as judges of the supreme court of india|-1|-1
4tskTau4Wdo--4|Signer01|including three women|including three women|-1|-1
4tskTau4Wdo--11|Signer01|after that there have been very few women judges in the supreme court|after that there have been very few women judges in the supreme court|-1|-1
4tskTau4Wdo--18|Signer01|here is a list of india 9 new judges|here is a list of india 9 new judges|-1|-1
toLgFJiTUfg--7|Signer01|the men also called the police and said that they have a thief with them|the men also called the police and said that they have a thief with them|-1|-1
toLgFJiTUfg--8|Signer01|after arrival the police took the severely injured man to a nearby community health centre|after arrival the police took the severely injured man to a nearby community health centre|-1|-1
toLgFJiTUfg--13|Signer01|a search operation for the remaining 3 is on|a search operation for the remaining 3 is on|-1|-1
BAltfNItSKU--3|Signer01|the pictures and video went viral on social media|the pictures and video went viral on social media|-1|-1
BAltfNItSKU--6|Signer01|the pilot was trained in usa and uae|the pilot was trained in usa and uae|-1|-1
BAltfNItSKU--11|Signer01|people thought that the taliban member was dead but he is actually alive|people thought that the taliban member was dead but he is actually alive|-1|-1
V0Nl-0c3IVQ--1|Signer01|on 29th august 2021 india won 2 silver medals|on 29th august 2021 india won 2 silver medals|-1|-1
V0Nl-0c3IVQ--13|Signer01|his villagers encouraged him in 2018 and now he has won the medal|his villagers encouraged him in 2018 and now he has won the medal|-1|-1
V0Nl-0c3IVQ--15|Signer01|she is an excellent table tennis player|she is an excellent table tennis player|-1|-1
V0Nl-0c3IVQ--29|Signer01|the government and the people of the country should encourage and support them|the government and the people of the country should encourage and support them|-1|-1
4KQJxMul1us--2|Signer01|some even fell off the flight babies were handed over to soldiers|some even fell off the flight babies were handed over to soldiers|-1|-1
4KQJxMul1us--10|Signer01|once i feel better i will surely tell you all|once i feel better i will surely tell you all|-1|-1
4KQJxMul1us--12|Signer01|she was one of the lucky ones to escape|she was one of the lucky ones to escape|-1|-1
4KQJxMul1us--13|Signer01|one human rights activist tweeted saying|one human rights activist tweeted saying|-1|-1
4KQJxMul1us--14|Signer01|“the taliban has very strict rules for women|“the taliban has very strict rules for women|-1|-1
K41OfxCJLgM--9|Signer01|he is lucky to be safe with his family in germany|he is lucky to be safe with his family in germany|-1|-1
B4rqrDhDkhs--1|Signer01|after his girlfriend of three years refused to marry him|after his girlfriend of three years refused to marry him|-1|-1
B4rqrDhDkhs--3|Signer01|the incident occured on 5th august at around 7 30 am|the incident occured on 5th august at around 7 30 am|-1|-1
B4rqrDhDkhs--9|Signer01|i saved money and gave it to her for our future|i saved money and gave it to her for our future|-1|-1
L_pHHa75tqY--0|Signer01|as per the latest rules of the railways|as per the latest rules of the railways|-1|-1
ZCDPWGa9bio--6|Signer01|only those who are living in india would be permitted|only those who are living in india would be permitted|-1|-1
ZCDPWGa9bio--8|Signer01|in these large cities the risk of covid infection is high|in these large cities the risk of covid infection is high|-1|-1
mNrJZKxVAew--1|Signer01|rich cities in india like mumbai delhi bengaluru|rich cities in india like mumbai delhi bengaluru|-1|-1
mNrJZKxVAew--2|Signer01|or even the rich country in the world like america australia uk canada etc|or even the rich country in the world like america australia uk canada etc|-1|-1
mNrJZKxVAew--3|Signer01|but do you know india also has the richest village in the world|but do you know india also has the richest village in the world|-1|-1
mNrJZKxVAew--6|Signer01|and even if they have they will not have many facilities|and even if they have they will not have many facilities|-1|-1
mNrJZKxVAew--18|Signer01|the aim was to connect people and maintain their strong bond|the aim was to connect people and maintain their strong bond|-1|-1
pS9xkp-oaQU--1|Signer01|she alleged that the mp had raped her at his residence in varanasi|she alleged that the mp had raped her at his residence in varanasi|-1|-1
pS9xkp-oaQU--8|Signer01|the woman and her friend then travelled to delhi and did a facebook live video|the woman and her friend then travelled to delhi and did a facebook live video|-1|-1
pS9xkp-oaQU--9|Signer01|in the live video they said that|in the live video they said that|-1|-1
VziaUrl0P6U--0|Signer01|you all know that the taliban has taken over afghanistan|you all know that the taliban has taken over afghanistan|-1|-1
5DEGYjk0MUA--12|Signer01|sadly the flight crashed|sadly the flight crashed|-1|-1
5DEGYjk0MUA--13|Signer01|this is not the 1st incident|this is not the 1st incident|-1|-1
lc_oL_3ibHs--12|Signer01|the hospital is going to complete 100 years next year in 2022|the hospital is going to complete 100 years next year in 2022|-1|-1
lc_oL_3ibHs--13|Signer01|this hospital still continues to function and would celebrate 100 years in 2022|this hospital still continues to function and would celebrate 100 years in 2022|-1|-1
6ASy0psv9SM--2|Signer01|videos of the incident have gone viral on social media|videos of the incident have gone viral on social media|-1|-1
6ASy0psv9SM--7|Signer01|locals then called the police following which cops rushed to the spot|locals then called the police following which cops rushed to the spot|-1|-1
6ASy0psv9SM--8|Signer01|after the police reached the spot the girl ran away|after the police reached the spot the girl ran away|-1|-1
74gsoBPJoqY--0|Signer01|out of new zealand 5 million population there were only few cases of covid-19 infection|out of new zealand 5 million population there were only few cases of covid-19 infection|-1|-1
74gsoBPJoqY--6|Signer01|this was the first case of infection recorded in the last six months|this was the first case of infection recorded in the last six months|-1|-1
1sSrxe65ipw--4|Signer01|and thousands of people rushed to the airport to leave|and thousands of people rushed to the airport to leave|-1|-1
1sSrxe65ipw--32|Signer01|women are afraid that with taliban arrival they will be forced to stay at home|women are afraid that with taliban arrival they will be forced to stay at home|-1|-1
1sSrxe65ipw--33|Signer01|however the taliban in a statement said that women will have their rights|however the taliban in a statement said that women will have their rights|-1|-1
1sSrxe65ipw--34|Signer01|and there is nothing to worry as they will ensure a peaceful life for everyone|and there is nothing to worry as they will ensure a peaceful life for everyone|-1|-1
1sSrxe65ipw--35|Signer01|we will have to wait for further updates|we will have to wait for further updates|-1|-1
SN9Bg_67qhI--3|Signer01|the name of the couple and where they are from is not known|the name of the couple and where they are from is not known|-1|-1
SN9Bg_67qhI--8|Signer01|let me tell you what the rules were|let me tell you what the rules were|-1|-1
7gH0x3pcs5g--2|Signer01|this is why the government has imposed strict travel restrictions within the country|this is why the government has imposed strict travel restrictions within the country|-1|-1
7gH0x3pcs5g--3|Signer01|however a very strange incident has occured let me tell you about it|however a very strange incident has occured let me tell you about it|-1|-1
7gH0x3pcs5g--7|Signer01|but knew that because he was infected he would not be allowed to travel|but knew that because he was infected he would not be allowed to travel|-1|-1
7gH0x3pcs5g--8|Signer01|so he came up with a very unique solution|so he came up with a very unique solution|-1|-1
7gH0x3pcs5g--9|Signer01|the man wife had tested negative for the coronavirus|the man wife had tested negative for the coronavirus|-1|-1
lBZf9rILMOo--1|Signer01|but recently a video went viral which will simply break your heart|but recently a video went viral which will simply break your heart|-1|-1
lBZf9rILMOo--4|Signer01|despite her age the lady is working hard to earn a living for herself|despite her age the lady is working hard to earn a living for herself|-1|-1
lBZf9rILMOo--5|Signer01|have a look at the video that went viral|have a look at the video that went viral|-1|-1
572FldeSbs8--4|Signer01|i will now tell you about them|i will now tell you about them|-1|-1
572FldeSbs8--6|Signer01|but with only 50% capacity and with all necessary covid precautions in place|but with only 50% capacity and with all necessary covid precautions in place|-1|-1
572FldeSbs8--13|Signer01|5 government and private offices to open with full capacity|5 government and private offices to open with full capacity|-1|-1
572FldeSbs8--19|Signer01|earlier on 8th august cm uddhav thackeray had announced that|earlier on 8th august cm uddhav thackeray had announced that|-1|-1
572FldeSbs8--20|Signer01|fully vaccinated citizens in mumbai can travel in local trains from august 15|fully vaccinated citizens in mumbai can travel in local trains from august 15|-1|-1
0_D2t46WwwY--22|Signer01|people were very shocked|people were very shocked|-1|-1
gIC4vMqddjU--9|Signer01|the daughter told her that she had filed a complaint with the police|the daughter told her that she had filed a complaint with the police|-1|-1
gIC4vMqddjU--13|Signer01|on july 30 the girl informed the police that her mother had died|on july 30 the girl informed the police that her mother had died|-1|-1
gIC4vMqddjU--29|Signer01|her father informed her uncle who went to their house|her father informed her uncle who went to their house|-1|-1
gIC4vMqddjU--30|Signer01|when the mother failed to open the door he broke it down|when the mother failed to open the door he broke it down|-1|-1
gIC4vMqddjU--31|Signer01|and found the woman lying dead on the bed|and found the woman lying dead on the bed|-1|-1
SMqq4fHS-ek--6|Signer01|shocking right let me give you more details about this|shocking right let me give you more details about this|-1|-1
SMqq4fHS-ek--23|Signer01|i am devastated by this|i am devastated by this|-1|-1
SMqq4fHS-ek--28|Signer01|but there has been no response to the letter|but there has been no response to the letter|-1|-1
6u-ZspWSpwE--5|Signer01|however this was very difficult even sign language experts were called to help|however this was very difficult even sign language experts were called to help|-1|-1
6u-ZspWSpwE--6|Signer01|but they too failed to communicate with the boy|but they too failed to communicate with the boy|-1|-1
6u-ZspWSpwE--15|Signer01|they then found that his aadhar had already been made in 2016|they then found that his aadhar had already been made in 2016|-1|-1
6u-ZspWSpwE--18|Signer01|local police managed to contact his parents who were very shocked|local police managed to contact his parents who were very shocked|-1|-1
6u-ZspWSpwE--23|Signer01|but they never stopped looking for him|but they never stopped looking for him|-1|-1
pe1Zfoo8cIU--0|Signer01|at the 2020 tokyo olympics in japan|at the 2020 tokyo olympics in japan|-1|-1
pe1Zfoo8cIU--1|Signer01|there have been many videos of athletes winning & losing during matches|there have been many videos of athletes winning & losing during matches|-1|-1
pe1Zfoo8cIU--8|Signer01|to fix the damage they did not have a lot of time|to fix the damage they did not have a lot of time|-1|-1
x_9WhXAiuwU--12|Signer01|these images went viral|these images went viral|-1|-1
HoeIyCOuphA--0|Signer01|due to the 2nd wave of the covid-19 pandemic schools are shut|due to the 2nd wave of the covid-19 pandemic schools are shut|-1|-1
HoeIyCOuphA--3|Signer01|how will children study|how will children study|-1|-1
HoeIyCOuphA--5|Signer01|how would they study|how would they study|-1|-1
HoeIyCOuphA--16|Signer01|they have taught 100 children|they have taught 100 children|-1|-1
HoeIyCOuphA--17|Signer01|we thank them for their efforts and hope they continue the same|we thank them for their efforts and hope they continue the same|-1|-1
9fTSWlzrcDo--6|Signer01|he was very happy to complete the course|he was very happy to complete the course|-1|-1
9fTSWlzrcDo--13|Signer01|after my studies i started acting it was difficult to start my education again|after my studies i started acting it was difficult to start my education again|-1|-1
9fTSWlzrcDo--16|Signer01|many people congratulated him|many people congratulated him|-1|-1
9fTSWlzrcDo--18|Signer01|but now he can investigate the crimes himself|but now he can investigate the crimes himself|-1|-1
YZeR4ZSOY3U--2|Signer01|after being in the bollywood film industry for more than 10 years|after being in the bollywood film industry for more than 10 years|-1|-1
YZeR4ZSOY3U--5|Signer01|the actor tweeted and said she is very excited to become a producer|the actor tweeted and said she is very excited to become a producer|-1|-1
YZeR4ZSOY3U--6|Signer01|she said she would continue working in films|she said she would continue working in films|-1|-1
YZeR4ZSOY3U--7|Signer01|she is happy she has a partner who will help her|she is happy she has a partner who will help her|-1|-1
00PocqA06Vk--2|Signer01|this is a very interesting story about an elephant|this is a very interesting story about an elephant|-1|-1
00PocqA06Vk--9|Signer01|the founder of elephant nature park and the save elephant foundation|the founder of elephant nature park and the save elephant foundation|-1|-1
00PocqA06Vk--14|Signer01|the video has received more than 12 000 views on instagram|the video has received more than 12 000 views on instagram|-1|-1
00PocqA06Vk--15|Signer01|many instagram users commented saying|many instagram users commented saying|-1|-1
00PocqA06Vk--20|Signer01|it is a lesson for us all to help those in need|it is a lesson for us all to help those in need|-1|-1
TDF1gOlU0Mo--4|Signer01|12 were men and five were women|12 were men and five were women|-1|-1
CIDvqwTSB-E--0|Signer01|in madhya pradesh indore police officials are now learning indian sign language isl|in madhya pradesh indore police officials are now learning indian sign language isl|-1|-1
CIDvqwTSB-E--8|Signer01|they were taught the importance of providing justice to the deaf by learning isl|they were taught the importance of providing justice to the deaf by learning isl|-1|-1
CIDvqwTSB-E--11|Signer01|to communicate with the deaf|to communicate with the deaf|-1|-1
CIDvqwTSB-E--28|Signer01|even police officials are learning to sign is not that great|even police officials are learning to sign is not that great|-1|-1
CIDvqwTSB-E--29|Signer01|the deaf community is very happy by this|the deaf community is very happy by this|-1|-1
b7Uu4FwsFTw--9|Signer01|soon mr mishra sent messages to government officials and called for help|soon mr mishra sent messages to government officials and called for help|-1|-1
b7Uu4FwsFTw--10|Signer01|a helicopter of the indian air force was sent to rescue him|a helicopter of the indian air force was sent to rescue him|-1|-1
1GB-msn7_3I--0|Signer01|the 2020 olympics are currently being held in tokyo japan|the 2020 olympics are currently being held in tokyo japan|-1|-1
w233AWAgj2c--3|Signer01|and shocked everyone by getting married to her in 2011|and shocked everyone by getting married to her in 2011|-1|-1
w233AWAgj2c--17|Signer01|this is why she filed a case against him|this is why she filed a case against him|-1|-1
w233AWAgj2c--20|Signer01|and rs 5 lakh per month for her expenses|and rs 5 lakh per month for her expenses|-1|-1
w233AWAgj2c--23|Signer01|and given him time till august 28 to file a reply in the matter|and given him time till august 28 to file a reply in the matter|-1|-1
tpKE8EDpccU--7|Signer01|after completing his education he returned to india in 2016|after completing his education he returned to india in 2016|-1|-1
tpKE8EDpccU--76|Signer01|i learnt about the parts of a car|i learnt about the parts of a car|-1|-1
tpKE8EDpccU--101|Signer01|i was very happy to learn stories in isl|i was very happy to learn stories in isl|-1|-1
tpKE8EDpccU--104|Signer01|in zoom i was very excited and enjoyed|in zoom i was very excited and enjoyed|-1|-1
tpKE8EDpccU--117|Signer01|the uncle thought about this and then spoke to the boy the next day|the uncle thought about this and then spoke to the boy the next day|-1|-1
5WdYfR1SefM--19|Signer01|she is very excited for the matches|she is very excited for the matches|-1|-1
5WdYfR1SefM--20|Signer01|we wish her all the best|we wish her all the best|-1|-1
4oSyQoCsj-M--0|Signer01|businessman raj kundra husband of bollywood actor shilpa shetty|businessman raj kundra husband of bollywood actor shilpa shetty|-1|-1
4oSyQoCsj-M--9|Signer01|the work meeting took place on 27 march 2019|the work meeting took place on 27 march 2019|-1|-1
4oSyQoCsj-M--22|Signer01|when i refused kundra leaked my number|when i refused kundra leaked my number|-1|-1
4oSyQoCsj-M--26|Signer01|i was devastated that i did not receive any support|i was devastated that i did not receive any support|-1|-1
4oSyQoCsj-M--27|Signer01|and now he has been arrested the case is going on|and now he has been arrested the case is going on|-1|-1
SnpgyaONk1c--4|Signer01|the forest fires in turkey first started on wednesday in areas such as|the forest fires in turkey first started on wednesday in areas such as|-1|-1
SnpgyaONk1c--16|Signer01|many individuals were rescued sadly 6 lost their lives|many individuals were rescued sadly 6 lost their lives|-1|-1
SnpgyaONk1c--17|Signer01|the world was shocked to learn about the deadly fires in turkey|the world was shocked to learn about the deadly fires in turkey|-1|-1
OVFdnmOgkGg--10|Signer01|however cctv footage clearly showed what happened|however cctv footage clearly showed what happened|-1|-1
OVFdnmOgkGg--12|Signer01|there was no traffic and the road was empty|there was no traffic and the road was empty|-1|-1
OVFdnmOgkGg--14|Signer01|this was very shocking|this was very shocking|-1|-1
OVFdnmOgkGg--25|Signer01|the other case is not known|the other case is not known|-1|-1
wPoTFqiFryY--3|Signer01|yesterday on 29 july 2021 pm modi announced that|yesterday on 29 july 2021 pm modi announced that|-1|-1
wPoTFqiFryY--5|Signer01|this will be done to promote isl|this will be done to promote isl|-1|-1
wPoTFqiFryY--7|Signer01|now even isl will be taught to hearing students as it is very important|now even isl will be taught to hearing students as it is very important|-1|-1
wPoTFqiFryY--11|Signer01|the deaf community will also benefit when they share their thoughts with the hearing|the deaf community will also benefit when they share their thoughts with the hearing|-1|-1
wPoTFqiFryY--16|Signer01|it will be available on this link|it will be available on this link|-1|-1
zOY34g9yj_Y--10|Signer01|and said they would be returning all of them|and said they would be returning all of them|-1|-1
zOY34g9yj_Y--14|Signer01|these are worth around $ 3 million|these are worth around $ 3 million|-1|-1
zOY34g9yj_Y--17|Signer01|and soon return all items belonging to india|and soon return all items belonging to india|-1|-1
E4BTkF7Q6xw--3|Signer01|america had helping with this for a long time|america had helping with this for a long time|-1|-1
E4BTkF7Q6xw--4|Signer01|however recently the us called back all of their troops|however recently the us called back all of their troops|-1|-1
E4BTkF7Q6xw--12|Signer01|lakhs of civilians have left afghanistan and come to pakistan to escape the violence|lakhs of civilians have left afghanistan and come to pakistan to escape the violence|-1|-1
E4BTkF7Q6xw--15|Signer01|the taliban are just common civilians|the taliban are just common civilians|-1|-1
E4BTkF7Q6xw--16|Signer01|people were shocked that he compared the taliban who are terrorists to civilians|people were shocked that he compared the taliban who are terrorists to civilians|-1|-1
jJCA2-ldfVc--4|Signer01|both of them have to remain in jail for another 14 days|both of them have to remain in jail for another 14 days|-1|-1
jJCA2-ldfVc--5|Signer01|meanwhile the crime branch has found|meanwhile the crime branch has found|-1|-1
jJCA2-ldfVc--26|Signer01|instead of two days they delayed and informed the company after 4 years|instead of two days they delayed and informed the company after 4 years|-1|-1
lC3aJr9Q_5U--2|Signer01|she tweeted a picture of her trip and in the caption she said|she tweeted a picture of her trip and in the caption she said|-1|-1
lC3aJr9Q_5U--8|Signer01|sadly dr sharma and 8 others lost their lives in the incident|sadly dr sharma and 8 others lost their lives in the incident|-1|-1
lC3aJr9Q_5U--10|Signer01|the doctor brother mahesh sharma tweeted about her death by saying|the doctor brother mahesh sharma tweeted about her death by saying|-1|-1
lC3aJr9Q_5U--12|Signer01|the trip was planned to celebrate her birthday|the trip was planned to celebrate her birthday|-1|-1
lC3aJr9Q_5U--21|Signer01|and rs 50 000 for those injured|and rs 50 000 for those injured|-1|-1
ZkWBffUW1-E--3|Signer01|the couple were having problems with their marriage because of his drinking problem|the couple were having problems with their marriage because of his drinking problem|-1|-1
ZkWBffUW1-E--8|Signer01|for a friend birthday party|for a friend birthday party|-1|-1
ZkWBffUW1-E--20|Signer01|these images shocked his fans across the world|these images shocked his fans across the world|-1|-1
ZkWBffUW1-E--26|Signer01|the image went viral|the image went viral|-1|-1
ZkWBffUW1-E--29|Signer01|and filed a complaint with the police|and filed a complaint with the police|-1|-1
cxbTAjwNkTI--2|Signer01|no solution has been found for this issue|no solution has been found for this issue|-1|-1
cxbTAjwNkTI--6|Signer01|six police officers were killed after being assaulted by the mizoram people|six police officers were killed after being assaulted by the mizoram people|-1|-1
cxbTAjwNkTI--12|Signer01|he said the mizoram locals were being assaulted by assam police|he said the mizoram locals were being assaulted by assam police|-1|-1
cxbTAjwNkTI--13|Signer01|home minister amit shah has spoken to both the chief ministers|home minister amit shah has spoken to both the chief ministers|-1|-1
w9VwLKQIcus--15|Signer01|now that i achieved my dream and secured a silver medal|now that i achieved my dream and secured a silver medal|-1|-1
w9VwLKQIcus--19|Signer01|india is very proud of you|india is very proud of you|-1|-1
w9VwLKQIcus--31|Signer01|sadly she lost in the match|sadly she lost in the match|-1|-1
UBnqDwRds3A--5|Signer01|this is according to police sources|this is according to police sources|-1|-1
UBnqDwRds3A--6|Signer01|while giving her statement to the police shilpa shetty broke down|while giving her statement to the police shilpa shetty broke down|-1|-1
UBnqDwRds3A--10|Signer01|shilpa also said she stands by her husband|shilpa also said she stands by her husband|-1|-1
UBnqDwRds3A--12|Signer01|if needed we will question her again|if needed we will question her again|-1|-1
UBnqDwRds3A--17|Signer01|to one in the united bank of africa|to one in the united bank of africa|-1|-1
Hu4RHVlzvRY--1|Signer01|was the first covid-19 case in india in january 2020|was the first covid-19 case in india in january 2020|-1|-1
Hu4RHVlzvRY--6|Signer01|reportedly she has not been vaccinated yet|reportedly she has not been vaccinated yet|-1|-1
ih45Pq0nQHg--13|Signer01|for search and rescue operations|for search and rescue operations|-1|-1
SSARKNY6eRE--4|Signer01|some have even died because of the virus|some have even died because of the virus|-1|-1
SSARKNY6eRE--11|Signer01|dog owners must be careful when they take their dogs for a walk|dog owners must be careful when they take their dogs for a walk|-1|-1
SSARKNY6eRE--15|Signer01|because many people have delayed vaccination due to the lockdown|because many people have delayed vaccination due to the lockdown|-1|-1
1BYKPfomr9Q--2|Signer01|he and his wife have been married for eight months|he and his wife have been married for eight months|-1|-1
1BYKPfomr9Q--3|Signer01|they were based in canada|they were based in canada|-1|-1
1BYKPfomr9Q--4|Signer01|they returned to india in march 2021|they returned to india in march 2021|-1|-1
1BYKPfomr9Q--10|Signer01|which is why he would not live for more than 24 hours|which is why he would not live for more than 24 hours|-1|-1
1BYKPfomr9Q--16|Signer01|the wife then filed a petition in the gujarat high court|the wife then filed a petition in the gujarat high court|-1|-1
8dREF_kojJs--7|Signer01|he finally made his dream come true|he finally made his dream come true|-1|-1
8dREF_kojJs--26|Signer01|the rocket took off with these 4 individuals|the rocket took off with these 4 individuals|-1|-1
8dREF_kojJs--30|Signer01|they landed safely and the entire journey took 11 minutes|they landed safely and the entire journey took 11 minutes|-1|-1
8dREF_kojJs--31|Signer01|was not the video amazing|was not the video amazing|-1|-1
8dREF_kojJs--37|Signer01|this girl was involved in building the rocket how shocking|this girl was involved in building the rocket how shocking|-1|-1
llvG75X5xrc--2|Signer01|she and her husband welcomed a baby boy on 14th may this year|she and her husband welcomed a baby boy on 14th may this year|-1|-1
llvG75X5xrc--7|Signer01|and is being taken care of at the hospital|and is being taken care of at the hospital|-1|-1
uT4PChbNYMw--0|Signer01|actor shilpa shetty married raj kundra in 2009|actor shilpa shetty married raj kundra in 2009|-1|-1
uT4PChbNYMw--9|Signer01|she said these films were then published on some paid mobile apps|she said these films were then published on some paid mobile apps|-1|-1
uT4PChbNYMw--10|Signer01|last week 9 individuals were arrested|last week 9 individuals were arrested|-1|-1
uT4PChbNYMw--20|Signer01|where they could use her content|where they could use her content|-1|-1
SLHokx7DHbg--6|Signer01|that too for a short period of time|that too for a short period of time|-1|-1
SLHokx7DHbg--13|Signer01|from 17 news companies in 10 countries|from 17 news companies in 10 countries|-1|-1
SLHokx7DHbg--18|Signer01|generally personal numbers can never be leaked|generally personal numbers can never be leaked|-1|-1
SLHokx7DHbg--20|Signer01|sharing it with friends etc a personal number can not be leaked|sharing it with friends etc a personal number can not be leaked|-1|-1
SLHokx7DHbg--33|Signer01|the government responded by saying that they never used such a software|the government responded by saying that they never used such a software|-1|-1
JzNMLVhFp4w--0|Signer01|recently a shocking video went viral on social media|recently a shocking video went viral on social media|-1|-1
JzNMLVhFp4w--7|Signer01|a case was registered and the two women were arrested by the police|a case was registered and the two women were arrested by the police|-1|-1
JzNMLVhFp4w--10|Signer01|the women were later released on bail|the women were later released on bail|-1|-1
JzNMLVhFp4w--12|Signer01|during questioning of the case|during questioning of the case|-1|-1
JzNMLVhFp4w--18|Signer01|sadly the dog passed away because of its severe injuries|sadly the dog passed away because of its severe injuries|-1|-1
NI3-0u6Frqg--3|Signer01|farmers were protesting against the bjp government|farmers were protesting against the bjp government|-1|-1
NI3-0u6Frqg--7|Signer01|surprisingly a day before this on 10 july|surprisingly a day before this on 10 july|-1|-1
NI3-0u6Frqg--11|Signer01|from protesting against the government|from protesting against the government|-1|-1
NI3-0u6Frqg--13|Signer01|the cji questioned the need for such a law in 2021|the cji questioned the need for such a law in 2021|-1|-1
NI3-0u6Frqg--15|Signer01|- were among those named in the fir and 5 people were arrested|- were among those named in the fir and 5 people were arrested|-1|-1
xyiAPeZpmxU--0|Signer01|in 2012 south indian superstar vijay|in 2012 south indian superstar vijay|-1|-1
xyiAPeZpmxU--2|Signer01|he had paid more than rs 8 crore for the luxury car|he had paid more than rs 8 crore for the luxury car|-1|-1
xyiAPeZpmxU--14|Signer01|and has acted in many movies|and has acted in many movies|-1|-1
xyiAPeZpmxU--21|Signer01|he was fined rs 1 lakh and ordered to pay the entry tax|he was fined rs 1 lakh and ordered to pay the entry tax|-1|-1
xyiAPeZpmxU--22|Signer01|vijay has been directed to pay the fine amount|vijay has been directed to pay the fine amount|-1|-1
EJupU1Hmf1Q--0|Signer01|all years it was impossible for people to visit space|all years it was impossible for people to visit space|-1|-1
EJupU1Hmf1Q--2|Signer01|space tourism has never been possible you are aware about this|space tourism has never been possible you are aware about this|-1|-1
EJupU1Hmf1Q--5|Signer01|the aim of the company is to make travel to space available for all|the aim of the company is to make travel to space available for all|-1|-1
EJupU1Hmf1Q--21|Signer01|the crew safely landed back on earth|the crew safely landed back on earth|-1|-1
EJupU1Hmf1Q--33|Signer01|companies may start selling tickets to people to visit space|companies may start selling tickets to people to visit space|-1|-1
jIxD1WIErLs--6|Signer01|he left india in october 2020 to travel across dubai and pakistan|he left india in october 2020 to travel across dubai and pakistan|-1|-1
jIxD1WIErLs--7|Signer01|he left the country through the new delhi international airport|he left the country through the new delhi international airport|-1|-1
jIxD1WIErLs--13|Signer01|but received no response from them|but received no response from them|-1|-1
jIxD1WIErLs--16|Signer01|the government of india has stopped me from returning to india|the government of india has stopped me from returning to india|-1|-1
jIxD1WIErLs--27|Signer01|and published a book which was against the rules|and published a book which was against the rules|-1|-1
Im-RbrxB4Ho--4|Signer01|the matches were held in london|the matches were held in london|-1|-1
Im-RbrxB4Ho--17|Signer01|he learned to play and did everything in the usa|he learned to play and did everything in the usa|-1|-1
Im-RbrxB4Ho--19|Signer01|four indian tennis players such as|four indian tennis players such as|-1|-1
CHTqOiqOlwA--5|Signer01|they continued to grow slowly becoming longer and longer ”|they continued to grow slowly becoming longer and longer ”|-1|-1
tFeWfQALuUk--1|Signer01|after months of waiting the games are going to start from 23 july 2021|after months of waiting the games are going to start from 23 july 2021|-1|-1
tFeWfQALuUk--2|Signer01|however the country is now facing a huge problem|however the country is now facing a huge problem|-1|-1
tFeWfQALuUk--4|Signer01|to discuss management of the upcoming olympics amidst the rising cases of covid-19|to discuss management of the upcoming olympics amidst the rising cases of covid-19|-1|-1
tFeWfQALuUk--8|Signer01|the emergency could last for over a month|the emergency could last for over a month|-1|-1
tFeWfQALuUk--9|Signer01|in june the japanese government had set a limit of 50 percent|in june the japanese government had set a limit of 50 percent|-1|-1
dlkhs07D1cw--10|Signer01|the scared deaf woman then somehow managed to reach the police station|the scared deaf woman then somehow managed to reach the police station|-1|-1
dlkhs07D1cw--11|Signer01|the police took help of a sign language interpreter|the police took help of a sign language interpreter|-1|-1
dlkhs07D1cw--12|Signer01|and the girl was able to tell them what exactly happened|and the girl was able to tell them what exactly happened|-1|-1
dlkhs07D1cw--13|Signer01|based on her statement a fir has been filed|based on her statement a fir has been filed|-1|-1
dlkhs07D1cw--14|Signer01|the police are now looking for the man|the police are now looking for the man|-1|-1
wAncC9HGZIg--0|Signer01|in the 2nd wave of the coronavirus many people were infected with covid-19|in the 2nd wave of the coronavirus many people were infected with covid-19|-1|-1
CFH1TYDHK6g--1|Signer01|one might think that amidst the dangerous 2nd wave of the coronavirus|one might think that amidst the dangerous 2nd wave of the coronavirus|-1|-1
CFH1TYDHK6g--2|Signer01|people might remain at home to stay safe|people might remain at home to stay safe|-1|-1
CFH1TYDHK6g--4|Signer01|as news channels and experts talk about the 3rd wave of the coronavirus|as news channels and experts talk about the 3rd wave of the coronavirus|-1|-1
CFH1TYDHK6g--7|Signer01|people are worried that this could lead to the 3rd wave|people are worried that this could lead to the 3rd wave|-1|-1
CFH1TYDHK6g--10|Signer01|this is happening because the himachal pradesh government|this is happening because the himachal pradesh government|-1|-1
urWAF2Bh02Y--4|Signer01|as per reports these included 10 men and 12 women|as per reports these included 10 men and 12 women|-1|-1
8XzGMkdToVc--9|Signer01|but now we have made the decision to divorce on 3rd july|but now we have made the decision to divorce on 3rd july|-1|-1
8XzGMkdToVc--13|Signer01|the news of their divorce went viral on social media|the news of their divorce went viral on social media|-1|-1
8XzGMkdToVc--20|Signer01|we will continue to work and care for our son we are still a family|we will continue to work and care for our son we are still a family|-1|-1
8XzGMkdToVc--21|Signer01|the only change is that we will not be married anymore|the only change is that we will not be married anymore|-1|-1
8XzGMkdToVc--22|Signer01|the rest remains the same|the rest remains the same|-1|-1
OjHLMhQb0lY--2|Signer01|by the time the family could get any medical help raj had passed away|by the time the family could get any medical help raj had passed away|-1|-1
OjHLMhQb0lY--15|Signer01|these three films were directed by him|these three films were directed by him|-1|-1
yyLTRIF2Jmg--4|Signer01|there individuals were arrested from different locations|there individuals were arrested from different locations|-1|-1
xMuK0fKAgP8--0|Signer01|an indian air force station in jammu|an indian air force station in jammu|-1|-1
xMuK0fKAgP8--8|Signer01|the incident has shocked many|the incident has shocked many|-1|-1
QNhQg1vXwV8--1|Signer01|a girl was missing for 11 years|a girl was missing for 11 years|-1|-1
QNhQg1vXwV8--3|Signer01|you may think people run away to a far place to avoid getting caught|you may think people run away to a far place to avoid getting caught|-1|-1
QNhQg1vXwV8--27|Signer01|the brother was surprised|the brother was surprised|-1|-1
QNhQg1vXwV8--33|Signer01|to investigate how the girl lived in the room all by herself|to investigate how the girl lived in the room all by herself|-1|-1
QNhQg1vXwV8--36|Signer01|and people suspected that he had mental issues|and people suspected that he had mental issues|-1|-1
TAlti-6447M--23|Signer01|they were shocked and angry so they filed a police complaint|they were shocked and angry so they filed a police complaint|-1|-1
TAlti-6447M--25|Signer01|and to be careful next time|and to be careful next time|-1|-1
TAlti-6447M--28|Signer01|two days before that was very stressed|two days before that was very stressed|-1|-1
TAlti-6447M--34|Signer01|the mother told her to leave her husband and come back|the mother told her to leave her husband and come back|-1|-1
TAlti-6447M--39|Signer01|on 21st june after which she was rushed to a hospital|on 21st june after which she was rushed to a hospital|-1|-1
ejPFdCjgNZU--0|Signer01|the final of the world test championship was held between india and new zealand|the final of the world test championship was held between india and new zealand|-1|-1
ejPFdCjgNZU--3|Signer01|new zealand had won the toss|new zealand had won the toss|-1|-1
ejPFdCjgNZU--4|Signer01|and chose to bowl first and asked india to bat|and chose to bowl first and asked india to bat|-1|-1
ejPFdCjgNZU--18|Signer01|after losing the finals of odi world cups in 2015 and 2019|after losing the finals of odi world cups in 2015 and 2019|-1|-1
ejPFdCjgNZU--25|Signer01|meanwhile some funny incidents happened during the match|meanwhile some funny incidents happened during the match|-1|-1
myYeGoKCZfg--14|Signer01|this is not the first time such an incident has been reported|this is not the first time such an incident has been reported|-1|-1
myYeGoKCZfg--17|Signer01|it was a shocking incident|it was a shocking incident|-1|-1
KqmOQvXq818--7|Signer01|umar gautam was not born a muslim|umar gautam was not born a muslim|-1|-1
KqmOQvXq818--8|Signer01|he was actually born to a hindu family|he was actually born to a hindu family|-1|-1
KqmOQvXq818--9|Signer01|let me tell you how he got converted to islam|let me tell you how he got converted to islam|-1|-1
KqmOQvXq818--15|Signer01|he had no one to help|he had no one to help|-1|-1
KqmOQvXq818--27|Signer01|however his royal rajput family|however his royal rajput family|-1|-1
ydE9XNaFnhc--5|Signer01|celebrities including the general public made donations|celebrities including the general public made donations|-1|-1
ydE9XNaFnhc--14|Signer01|as his blood pressure as well as oxygen level is low|as his blood pressure as well as oxygen level is low|-1|-1
ydE9XNaFnhc--18|Signer01|or whether he tried to take his life|or whether he tried to take his life|-1|-1
ydE9XNaFnhc--21|Signer01|and recently there were many problems in his life|and recently there were many problems in his life|-1|-1
ydE9XNaFnhc--23|Signer01|prasad started a large restaurant of the same name|prasad started a large restaurant of the same name|-1|-1
16d50cwIpoQ--12|Signer01|but they all share a common kitchen|but they all share a common kitchen|-1|-1
CDnCd4RlVIw--7|Signer01|2 weeks later on 6th june the woman then passed away|2 weeks later on 6th june the woman then passed away|-1|-1
CDnCd4RlVIw--9|Signer01|who did not want to be named explained|who did not want to be named explained|-1|-1
CDnCd4RlVIw--11|Signer01|we cannot keep a check on everything|we cannot keep a check on everything|-1|-1
CDnCd4RlVIw--19|Signer01|this also happened because of the fake doctor|this also happened because of the fake doctor|-1|-1
CDnCd4RlVIw--25|Signer01|his actions were wrong and he has been arrested|his actions were wrong and he has been arrested|-1|-1
lLQnXsyXiaY--7|Signer01|a video of the incident went viral on social media have a look|a video of the incident went viral on social media have a look|-1|-1
lLQnXsyXiaY--14|Signer01|my family was shocked when they saw the video about the incident|my family was shocked when they saw the video about the incident|-1|-1
lLQnXsyXiaY--15|Signer01|they are worried and were unable to sleep for 2 days|they are worried and were unable to sleep for 2 days|-1|-1
lLQnXsyXiaY--16|Signer01|this is why i am meeting them|this is why i am meeting them|-1|-1
-3GZr4gY8Is--8|Signer01|after 10 days she felt better|after 10 days she felt better|-1|-1
-3GZr4gY8Is--9|Signer01|she broke down as she took her baby into her arms|she broke down as she took her baby into her arms|-1|-1
-3GZr4gY8Is--11|Signer01|because of her severe condition|because of her severe condition|-1|-1
-3GZr4gY8Is--14|Signer01|the video shows the doctor crying while holding the child her family can be heard|the video shows the doctor crying while holding the child her family can be heard|-1|-1
-3GZr4gY8Is--17|Signer01|many of these doctors have lost their lives to the infection|many of these doctors have lost their lives to the infection|-1|-1
bJO_Rk0IwaI--2|Signer01|ronaldo is very popular on instagram as he has nearly 300 million followers|ronaldo is very popular on instagram as he has nearly 300 million followers|-1|-1
bJO_Rk0IwaI--10|Signer01|during the press conference a table was placed in front of the media|during the press conference a table was placed in front of the media|-1|-1
bJO_Rk0IwaI--15|Signer01|as you just saw ronaldo takes a seat in front of the media|as you just saw ronaldo takes a seat in front of the media|-1|-1
bJO_Rk0IwaI--24|Signer01|how shocking this shows ronaldo is very famous|how shocking this shows ronaldo is very famous|-1|-1
bJO_Rk0IwaI--31|Signer01|after this there was another similar incident|after this there was another similar incident|-1|-1
5z6xNqhmih8--1|Signer01|hundreds of people were killed in these attacks|hundreds of people were killed in these attacks|-1|-1
4y1HjkSkhCM--15|Signer01|in may 2015 she came to india|in may 2015 she came to india|-1|-1
4y1HjkSkhCM--18|Signer01|she taught many interesting games to deaf students|she taught many interesting games to deaf students|-1|-1
6FrNq2qtl3g--3|Signer01|however on 13th june|however on 13th june|-1|-1
6FrNq2qtl3g--4|Signer01|eight political parties in israel|eight political parties in israel|-1|-1
6FrNq2qtl3g--6|Signer01|there was a vote in israel parliament the results were extremely close|there was a vote in israel parliament the results were extremely close|-1|-1
6FrNq2qtl3g--10|Signer01|he would hold office till 2023|he would hold office till 2023|-1|-1
6FrNq2qtl3g--26|Signer01|with the israel government having full control over both the areas|with the israel government having full control over both the areas|-1|-1
wRpQS6osR8g--2|Signer01|the video went viral all over social media|the video went viral all over social media|-1|-1
wRpQS6osR8g--3|Signer01|no injuries were reported as there was no one inside the car|no injuries were reported as there was no one inside the car|-1|-1
wRpQS6osR8g--4|Signer01|have a look at the viral video|have a look at the viral video|-1|-1
wRpQS6osR8g--7|Signer01|according to them the incident occured because|according to them the incident occured because|-1|-1
wRpQS6osR8g--16|Signer01|an insurance expert said that|an insurance expert said that|-1|-1
f_CQs-N348M--2|Signer01|which is just below red alert|which is just below red alert|-1|-1
f_CQs-N348M--4|Signer01|according to the bmc disaster management cell|according to the bmc disaster management cell|-1|-1
f_CQs-N348M--7|Signer01|at least 11 people were killed and seven injured|at least 11 people were killed and seven injured|-1|-1
f_CQs-N348M--9|Signer01|carrying out rescue operations|carrying out rescue operations|-1|-1
O_XIlEhuo9Q--5|Signer01|with the lakhs of rupees received in donations|with the lakhs of rupees received in donations|-1|-1
O_XIlEhuo9Q--12|Signer01|as compared to the expenses the returns were less|as compared to the expenses the returns were less|-1|-1
O_XIlEhuo9Q--13|Signer01|this is why he shut down the restaurant|this is why he shut down the restaurant|-1|-1
O_XIlEhuo9Q--18|Signer01|he has also planned his retirement|he has also planned his retirement|-1|-1
O_XIlEhuo9Q--20|Signer01|he and his wife were able to save up rs 20 lakh|he and his wife were able to save up rs 20 lakh|-1|-1
LQyTcHGxyOA--5|Signer01|he spoke about how life is now returning to normal after the covid-19 pandemic|he spoke about how life is now returning to normal after the covid-19 pandemic|-1|-1
LQyTcHGxyOA--11|Signer01|a video clip of the incident has gone viral have a look|a video clip of the incident has gone viral have a look|-1|-1
LQyTcHGxyOA--14|Signer01|according to french media two people have been arrested in connection with the incident|according to french media two people have been arrested in connection with the incident|-1|-1
V6Rme51IrDA--2|Signer01|these are aadhar card pan card voter id|these are aadhar card pan card voter id|-1|-1
V6Rme51IrDA--5|Signer01|now the health ministry on 7th june said that|now the health ministry on 7th june said that|-1|-1
V6Rme51IrDA--9|Signer01|as it contains all the necessary features such as the name gender|as it contains all the necessary features such as the name gender|-1|-1
k7g9_nDUYKw--6|Signer01|but the victim could not identify the accused|but the victim could not identify the accused|-1|-1
k7g9_nDUYKw--13|Signer01|he has now been granted bail|he has now been granted bail|-1|-1
k7g9_nDUYKw--22|Signer01|the allegations against him are false|the allegations against him are false|-1|-1
j8uQndXHXa8--13|Signer01|his oxygen levels had dropped and he is on oxygen support|his oxygen levels had dropped and he is on oxygen support|-1|-1
XhWEjuhXygA--5|Signer01|teacher gives the question paper online|teacher gives the question paper online|-1|-1
XhWEjuhXygA--7|Signer01|it means the teacher gives the question paper|it means the teacher gives the question paper|-1|-1
XhWEjuhXygA--11|Signer01|this is the first time let me tell you about it|this is the first time let me tell you about it|-1|-1
XhWEjuhXygA--16|Signer01|the paper just mentioned that students were expected to prepare questions on their own|the paper just mentioned that students were expected to prepare questions on their own|-1|-1
XhWEjuhXygA--21|Signer01|the students thought that they could all discuss & write the paper|the students thought that they could all discuss & write the paper|-1|-1
AcvPjP9LLoQ--5|Signer01|later confirmed that the body was that of a covid-19 patient|later confirmed that the body was that of a covid-19 patient|-1|-1
AcvPjP9LLoQ--11|Signer01|we have filed a case and strict action will be taken|we have filed a case and strict action will be taken|-1|-1
p8RWgYfAZB8--1|Signer01|they have reported 20 new cases of the coronavirus in the past week|they have reported 20 new cases of the coronavirus in the past week|-1|-1
p8RWgYfAZB8--5|Signer01|as officials are trying to control an increase in the coronavirus cases|as officials are trying to control an increase in the coronavirus cases|-1|-1
p8RWgYfAZB8--11|Signer01|the number is small compared with india thousands of daily cases|the number is small compared with india thousands of daily cases|-1|-1
p8RWgYfAZB8--13|Signer01|this is why they imposed a lockdown|this is why they imposed a lockdown|-1|-1
cp57S8F2h8U--1|Signer01|there are more than 3 lakh positive cases everyday|there are more than 3 lakh positive cases everyday|-1|-1
cp57S8F2h8U--6|Signer01|the government has come up with a very unique idea|the government has come up with a very unique idea|-1|-1
cp57S8F2h8U--7|Signer01|those who get vaccinated will be given rs 5 000 let me tell you how|those who get vaccinated will be given rs 5 000 let me tell you how|-1|-1
n5OUkLIJ6m4--2|Signer01|the bcci has now confirmed that balance 31 matches|the bcci has now confirmed that balance 31 matches|-1|-1
n5OUkLIJ6m4--8|Signer01|this is why the matches are being held in uae|this is why the matches are being held in uae|-1|-1
n5OUkLIJ6m4--11|Signer01|currently our priority is the safety of our players and support staff|currently our priority is the safety of our players and support staff|-1|-1
Gy1ESrd85hA--3|Signer01|this is based on reports of states and union territories from april 1|this is based on reports of states and union territories from april 1|-1|-1
Gy1ESrd85hA--4|Signer01|these children were devastated over the loss of their parents due to covid-19|these children were devastated over the loss of their parents due to covid-19|-1|-1
Gy1ESrd85hA--7|Signer01|there is no shortage of funds for their welfare|there is no shortage of funds for their welfare|-1|-1
N7wpa0gfMos--0|Signer01|a man booked a ticket from mumbai to dubai for rs 18 000|a man booked a ticket from mumbai to dubai for rs 18 000|-1|-1
N7wpa0gfMos--1|Signer01|however for rs 18 000 he was the only passenger on the flight|however for rs 18 000 he was the only passenger on the flight|-1|-1
N7wpa0gfMos--2|Signer01|you may think its impossible but it is true let me tell you|you may think its impossible but it is true let me tell you|-1|-1
N7wpa0gfMos--15|Signer01|after landing he walked out to pick up his bag|after landing he walked out to pick up his bag|-1|-1
N7wpa0gfMos--19|Signer01|so why did the company waste rs 8 lakh over 1 single person|so why did the company waste rs 8 lakh over 1 single person|-1|-1
b2_Sx4lZhQ0--3|Signer01|us president joe biden announced|us president joe biden announced|-1|-1
b2_Sx4lZhQ0--10|Signer01|we need to increase our weapons to be prepared for a nuclear war|we need to increase our weapons to be prepared for a nuclear war|-1|-1
b2_Sx4lZhQ0--14|Signer01|so far the biden administration has not responded to the article|so far the biden administration has not responded to the article|-1|-1
S_sy1WfTmyI--2|Signer01|one of his video has gone viral in which|one of his video has gone viral in which|-1|-1
S_sy1WfTmyI--8|Signer01|he did the same in a shop as well this video has gone viral|he did the same in a shop as well this video has gone viral|-1|-1
S_sy1WfTmyI--22|Signer01|this is why a complaint has been filed against him|this is why a complaint has been filed against him|-1|-1
S_sy1WfTmyI--23|Signer01|he was arrested by the delhi police but has been released on bail|he was arrested by the delhi police but has been released on bail|-1|-1
MSnRCBP0ajc--10|Signer01|to watch the video and clearly understand|to watch the video and clearly understand|-1|-1
MSnRCBP0ajc--12|Signer01|what is white fungus|what is white fungus|-1|-1
MSnRCBP0ajc--26|Signer01|here are the yellow fungus precautions|here are the yellow fungus precautions|-1|-1
MSnRCBP0ajc--27|Signer01|1 keep your room home and surroundings as clean as possible|1 keep your room home and surroundings as clean as possible|-1|-1
MSnRCBP0ajc--30|Signer01|4 coronavirus positive patients must immediately start treatment|4 coronavirus positive patients must immediately start treatment|-1|-1
NllkUnx3TIA--9|Signer01|she filed a complaint against these individuals|she filed a complaint against these individuals|-1|-1
NllkUnx3TIA--10|Signer01|fir has been filed against the nine accused|fir has been filed against the nine accused|-1|-1
NllkUnx3TIA--21|Signer01|is reportedly not in india at the moment and will return to mumbai in september|is reportedly not in india at the moment and will return to mumbai in september|-1|-1
iG8LYxcLZMQ--8|Signer01|1 people who have tested positive|1 people who have tested positive|-1|-1
iG8LYxcLZMQ--9|Signer01|2 people who have a fever and other symptoms|2 people who have a fever and other symptoms|-1|-1
iG8LYxcLZMQ--10|Signer01|3 people who wish to build their immunity|3 people who wish to build their immunity|-1|-1
iG8LYxcLZMQ--20|Signer01|official sources informed that|official sources informed that|-1|-1
VTrNkCv35yU--2|Signer01|there are strict restrictions in the number of people timings etc|there are strict restrictions in the number of people timings etc|-1|-1
VTrNkCv35yU--10|Signer01|let me show you some photos and videos|let me show you some photos and videos|-1|-1
VTrNkCv35yU--14|Signer01|people sitting and enjoying the function inside the aircraft|people sitting and enjoying the function inside the aircraft|-1|-1
VTrNkCv35yU--16|Signer01|of wearing masks and there is no social distancing as well|of wearing masks and there is no social distancing as well|-1|-1
VTrNkCv35yU--20|Signer01|has also asked for a full report from the airline|has also asked for a full report from the airline|-1|-1
s9bWguOVijc--3|Signer01|these new guidelines were issued in february 2021|these new guidelines were issued in february 2021|-1|-1
s9bWguOVijc--7|Signer01|- currently like facebook other platforms too have crores of users -|- currently like facebook other platforms too have crores of users -|-1|-1
s9bWguOVijc--13|Signer01|who will take care of the complaints and act on them in 15 days|who will take care of the complaints and act on them in 15 days|-1|-1
s9bWguOVijc--24|Signer01|they will also have to set up a committee|they will also have to set up a committee|-1|-1
s9bWguOVijc--39|Signer01|changes saying the guidelines go against the right to an individual freedom of speech|changes saying the guidelines go against the right to an individual freedom of speech|-1|-1
gEOvNoSQVpw--5|Signer01|celebrities politicians social media users and many others have supported the campaign|celebrities politicians social media users and many others have supported the campaign|-1|-1
gEOvNoSQVpw--13|Signer01|and the person can be arrested directly|and the person can be arrested directly|-1|-1
gEOvNoSQVpw--25|Signer01|and use their property in the name of development|and use their property in the name of development|-1|-1
gEOvNoSQVpw--35|Signer01|till now alcohol was never sold on the island|till now alcohol was never sold on the island|-1|-1
gEOvNoSQVpw--47|Signer01|as people were not happy with his way of working|as people were not happy with his way of working|-1|-1
R06iikDmsOY--6|Signer01|and ordered him to pay a fine of ₹ 50 000 to the victim|and ordered him to pay a fine of ₹ 50 000 to the victim|-1|-1
R06iikDmsOY--9|Signer01|in the first week of may 2021|in the first week of may 2021|-1|-1
R06iikDmsOY--17|Signer01|that they found a suicide note in the note it was stated that|that they found a suicide note in the note it was stated that|-1|-1
CfQ4HZsYDmI--4|Signer01|in israel 12 people including two children were killed|in israel 12 people including two children were killed|-1|-1
CfQ4HZsYDmI--19|Signer01|but the situation has been brought under control|but the situation has been brought under control|-1|-1
CfQ4HZsYDmI--22|Signer01|to allow food fuel medicine and movement of people|to allow food fuel medicine and movement of people|-1|-1
CfQ4HZsYDmI--26|Signer01|are now able to go outside in relative safety|are now able to go outside in relative safety|-1|-1
CfQ4HZsYDmI--28|Signer01|we will have to wait and watch what happens next|we will have to wait and watch what happens next|-1|-1
dlZtqLIEaLo--0|Signer01|the governments of west bengal and odisha are on high alert|the governments of west bengal and odisha are on high alert|-1|-1
dlZtqLIEaLo--11|Signer01|the west bengal government has set up a control room|the west bengal government has set up a control room|-1|-1
6Pcw8JiZTQE--5|Signer01|in one particular clip she says that she looks beautiful|in one particular clip she says that she looks beautiful|-1|-1
fBtlz1Qiyj4--0|Signer01|generally when a person tests positive for covid-19|generally when a person tests positive for covid-19|-1|-1
fBtlz1Qiyj4--19|Signer01|he would sleep on the bed to quarantine himself away from people|he would sleep on the bed to quarantine himself away from people|-1|-1
fBtlz1Qiyj4--21|Signer01|he has spent 14 days on the tree|he has spent 14 days on the tree|-1|-1
fBtlz1Qiyj4--23|Signer01|let me tell you when this was done for the first time|let me tell you when this was done for the first time|-1|-1
fBtlz1Qiyj4--27|Signer01|they tested positive for covid-19 but there were no hospital beds available|they tested positive for covid-19 but there were no hospital beds available|-1|-1
WHWlxem41oo--16|Signer01|after the course he had a government job working for the water department in kerala|after the course he had a government job working for the water department in kerala|-1|-1
WHWlxem41oo--17|Signer01|after working with them for so long he retired around 2014 - 2015|after working with them for so long he retired around 2014 - 2015|-1|-1
WHWlxem41oo--19|Signer01|since then he was running his own business|since then he was running his own business|-1|-1
WHWlxem41oo--24|Signer01|as he had tested positive for covid-19 at the hospital he had difficulty breathing|as he had tested positive for covid-19 at the hospital he had difficulty breathing|-1|-1
WHWlxem41oo--28|Signer01|have a look at some of his pictures|have a look at some of his pictures|-1|-1
n6LqI8R4k_o--1|Signer01|“i consume cow urine daily|“i consume cow urine daily|-1|-1
n6LqI8R4k_o--5|Signer01|thakur then went on to explain how to consume it too let me tell you|thakur then went on to explain how to consume it too let me tell you|-1|-1
n6LqI8R4k_o--15|Signer01|this is why she went through with the procedure|this is why she went through with the procedure|-1|-1
n6LqI8R4k_o--19|Signer01|many doctors have warned against using cow urine to protect against covid-19|many doctors have warned against using cow urine to protect against covid-19|-1|-1
n6LqI8R4k_o--20|Signer01|doctors said cow urine contain many infections like black fungus|doctors said cow urine contain many infections like black fungus|-1|-1
girBc8A1Oq8--10|Signer01|the incident took place on 12th may|the incident took place on 12th may|-1|-1
girBc8A1Oq8--21|Signer01|the committee has been asked to submit report within three days|the committee has been asked to submit report within three days|-1|-1
AZ_4wux5vrs--8|Signer01|where she is seen walking with her son in her society garden|where she is seen walking with her son in her society garden|-1|-1
AZ_4wux5vrs--31|Signer01|he also showed many videos|he also showed many videos|-1|-1
AZ_4wux5vrs--33|Signer01|he wanted to share his side of the story for everyone to know the truth|he wanted to share his side of the story for everyone to know the truth|-1|-1
AZ_4wux5vrs--35|Signer01|but whenever we meet we share the same old bond|but whenever we meet we share the same old bond|-1|-1
AZ_4wux5vrs--41|Signer01|i just want to thank the people|i just want to thank the people|-1|-1
yp7vq1RuZi4--7|Signer01|and wave off fees during the pandemic|and wave off fees during the pandemic|-1|-1
yp7vq1RuZi4--19|Signer01|he has been arrested and an fir has been registered ”|he has been arrested and an fir has been registered ”|-1|-1
pFYTm1gOM9g--1|Signer01|and the 3rd wave is also expected|and the 3rd wave is also expected|-1|-1
pFYTm1gOM9g--2|Signer01|experts have asked people to be careful|experts have asked people to be careful|-1|-1
pFYTm1gOM9g--18|Signer01|all of them were given the drug|all of them were given the drug|-1|-1
pFYTm1gOM9g--22|Signer01|the phase three trials were conducted from december 2020 to march 2021|the phase three trials were conducted from december 2020 to march 2021|-1|-1
y-fP3KpaUzI--1|Signer01|it is very difficult to climb the tall mountain|it is very difficult to climb the tall mountain|-1|-1
y-fP3KpaUzI--12|Signer01|before he started the climb for the 25th time he said|before he started the climb for the 25th time he said|-1|-1
y-fP3KpaUzI--14|Signer01|but covid did not let that happen|but covid did not let that happen|-1|-1
y-fP3KpaUzI--15|Signer01|so this year i decided to climb the mountain|so this year i decided to climb the mountain|-1|-1
xnY08sy7Sqk--7|Signer01|however the doctors were shocked at the time of the delivery|however the doctors were shocked at the time of the delivery|-1|-1
xnY08sy7Sqk--9|Signer01|instead she gave birth to 9 babies|instead she gave birth to 9 babies|-1|-1
xnY08sy7Sqk--10|Signer01|this is the first time that 9 babies have born at a time|this is the first time that 9 babies have born at a time|-1|-1
xnY08sy7Sqk--14|Signer01|the mother and babies are all doing well|the mother and babies are all doing well|-1|-1
xnY08sy7Sqk--18|Signer01|who gave birth to 8 children in 2009|who gave birth to 8 children in 2009|-1|-1
q6gawh_DgiI--0|Signer01|ever since the covid pandemic started|ever since the covid pandemic started|-1|-1
q6gawh_DgiI--18|Signer01|a video clip of him saying all this has gone viral|a video clip of him saying all this has gone viral|-1|-1
q6gawh_DgiI--27|Signer01|whereas in reality doctors are working hard to save patients|whereas in reality doctors are working hard to save patients|-1|-1
dAj-yEikuJg--2|Signer01|the government will focus on those over 45|the government will focus on those over 45|-1|-1
dAj-yEikuJg--4|Signer01|there will be none remaining for those above 45|there will be none remaining for those above 45|-1|-1
dAj-yEikuJg--6|Signer01|he said a discussion is on with the cm uddhav thackeray on getting more vaccines|he said a discussion is on with the cm uddhav thackeray on getting more vaccines|-1|-1
dAj-yEikuJg--16|Signer01|uddhav thackeray has requested prime minister narendra modi|uddhav thackeray has requested prime minister narendra modi|-1|-1
WnVHeL-jn3o--5|Signer01|while they were talking to each other|while they were talking to each other|-1|-1
WnVHeL-jn3o--13|Signer01|sadly they did not make it in time and were hit by the rocket|sadly they did not make it in time and were hit by the rocket|-1|-1
WnVHeL-jn3o--21|Signer01|the relative then informed her family|the relative then informed her family|-1|-1
WnVHeL-jn3o--22|Signer01|a total of 31 persons were killed in the violence|a total of 31 persons were killed in the violence|-1|-1
WnVHeL-jn3o--25|Signer01|she last visited her family in kerala two years ago|she last visited her family in kerala two years ago|-1|-1
Cw3q5SJnyJM--2|Signer01|several shops and houses were damaged because of the heavy rainfall|several shops and houses were damaged because of the heavy rainfall|-1|-1
Cw3q5SJnyJM--4|Signer01|fortunately since most of these shops were closed due to covid restrictions|fortunately since most of these shops were closed due to covid restrictions|-1|-1
Cw3q5SJnyJM--8|Signer01|have reached the spot to help with the rising water levels|have reached the spot to help with the rising water levels|-1|-1
Cw3q5SJnyJM--14|Signer01|200 people died or went missing|200 people died or went missing|-1|-1
HZ24cpd8kfo--2|Signer01|maharashtra & delhi among those who have recovered from covid-19|maharashtra & delhi among those who have recovered from covid-19|-1|-1
HZ24cpd8kfo--20|Signer01|this may lead to the black fungus infection|this may lead to the black fungus infection|-1|-1
HZ24cpd8kfo--25|Signer01|1 doctors must keep the patient blood sugar under check covid or no covid|1 doctors must keep the patient blood sugar under check covid or no covid|-1|-1
HZ24cpd8kfo--30|Signer01|these points must be followed by doctors|these points must be followed by doctors|-1|-1
aNWKVbWuJIE--2|Signer01|an ngo helped them with their education and work in chennai|an ngo helped them with their education and work in chennai|-1|-1
aNWKVbWuJIE--5|Signer01|in a hearing the court had directed the couple as well as their parents|in a hearing the court had directed the couple as well as their parents|-1|-1
aNWKVbWuJIE--14|Signer01|the couple love their parents and have a lot of respect for them|the couple love their parents and have a lot of respect for them|-1|-1
aNWKVbWuJIE--25|Signer01|which would make them proud in the society|which would make them proud in the society|-1|-1
aNWKVbWuJIE--37|Signer01|the matter has been postponed to june 7|the matter has been postponed to june 7|-1|-1
-nHBQIevQ_A--5|Signer01|only essential services will be allowed to work|only essential services will be allowed to work|-1|-1
-nHBQIevQ_A--8|Signer01|essential goods and services like food medicine milk fruits and vegetables etc|essential goods and services like food medicine milk fruits and vegetables etc|-1|-1
-nHBQIevQ_A--12|Signer01|a complete lockdown starting from may 10 till may 24 to control the virus|a complete lockdown starting from may 10 till may 24 to control the virus|-1|-1
-nHBQIevQ_A--16|Signer01|all other shops will remain closed|all other shops will remain closed|-1|-1
-nHBQIevQ_A--17|Signer01|only essential services will be allowed to operate|only essential services will be allowed to operate|-1|-1
wHWVmVAsob8--8|Signer01|this is because the groom had tested positive for covid-19|this is because the groom had tested positive for covid-19|-1|-1
wHWVmVAsob8--12|Signer01|we came here to stop the wedding|we came here to stop the wedding|-1|-1
wHWVmVAsob8--16|Signer01|the groom had tested positive for covid and was admitted to the hospital|the groom had tested positive for covid and was admitted to the hospital|-1|-1
wHWVmVAsob8--18|Signer01|however when the groom tested positive they were worried about the wedding|however when the groom tested positive they were worried about the wedding|-1|-1
wHWVmVAsob8--26|Signer01|the wedding took place in the presence of the groom mother also covid positive|the wedding took place in the presence of the groom mother also covid positive|-1|-1
OU4OSCDZWuo--1|Signer01|rajasthan has imposed strict restrictions to contain the spread of the virus|rajasthan has imposed strict restrictions to contain the spread of the virus|-1|-1
OU4OSCDZWuo--4|Signer01|police officials are working hard to ensure curfew rules are followed|police officials are working hard to ensure curfew rules are followed|-1|-1
OU4OSCDZWuo--8|Signer01|however due to spike in infection her request was denied|however due to spike in infection her request was denied|-1|-1
OU4OSCDZWuo--14|Signer01|people in the essential services are working very hard to contain the virus in india|people in the essential services are working very hard to contain the virus in india|-1|-1
-wq8zXY59VA--1|Signer01|was cancelled you all are aware that it players had tested positive for covid-19|was cancelled you all are aware that it players had tested positive for covid-19|-1|-1
-wq8zXY59VA--5|Signer01|after this news broke bcci issued a statement saying|after this news broke bcci issued a statement saying|-1|-1
-wq8zXY59VA--11|Signer01|because of the covid pandemic people are at stressed at home|because of the covid pandemic people are at stressed at home|-1|-1
-wq8zXY59VA--24|Signer01|ipl will not be possible in june as well|ipl will not be possible in june as well|-1|-1
-wq8zXY59VA--26|Signer01|but according to rumours the ipl may be held in september 2021|but according to rumours the ipl may be held in september 2021|-1|-1
h2I27AER3qQ--0|Signer01|ipl 2021 3rd may match between|ipl 2021 3rd may match between|-1|-1
h2I27AER3qQ--2|Signer01|was scheduled to be played at the narendra modi stadium in ahmedabad|was scheduled to be played at the narendra modi stadium in ahmedabad|-1|-1
h2I27AER3qQ--7|Signer01|a medical team will perform daily covid tests on the players|a medical team will perform daily covid tests on the players|-1|-1
h2I27AER3qQ--8|Signer01|to ensure players can remain safe by receiving treatment on time|to ensure players can remain safe by receiving treatment on time|-1|-1
h2I27AER3qQ--16|Signer01|they were tested again on 3rd may but the results were negative|they were tested again on 3rd may but the results were negative|-1|-1
VOeHbIuByW4--0|Signer01|in goa as well as across india there is a severe spike of covid infections|in goa as well as across india there is a severe spike of covid infections|-1|-1
VOeHbIuByW4--1|Signer01|leading to a shortage of hospital beds and medicines|leading to a shortage of hospital beds and medicines|-1|-1
VOeHbIuByW4--5|Signer01|people said this was an excellent move|people said this was an excellent move|-1|-1
VOeHbIuByW4--10|Signer01|no one was following the rules and hardly anyone wore masks|no one was following the rules and hardly anyone wore masks|-1|-1
VOeHbIuByW4--12|Signer01|only limited friends and relatives were invited for the function|only limited friends and relatives were invited for the function|-1|-1
hwfdG2jY0xs--1|Signer01|the rising infections has led to many deaths|the rising infections has led to many deaths|-1|-1
hwfdG2jY0xs--9|Signer01|while he was also covid-19 infected at the same time|while he was also covid-19 infected at the same time|-1|-1
hwfdG2jY0xs--21|Signer01|he has been a part of many popular tv shows & films|he has been a part of many popular tv shows & films|-1|-1
hwfdG2jY0xs--23|Signer01|murder 2 2 states and many others|murder 2 2 states and many others|-1|-1
WH--ygC7YBs--6|Signer01|to help him treat his covid positive relative|to help him treat his covid positive relative|-1|-1
WH--ygC7YBs--10|Signer01|however doctors said they were out of oxygen|however doctors said they were out of oxygen|-1|-1
WH--ygC7YBs--13|Signer01|despite the strict restrictions imposed by the government in various states|despite the strict restrictions imposed by the government in various states|-1|-1
WH--ygC7YBs--21|Signer01|all covid guidelines were followed|all covid guidelines were followed|-1|-1
WH--ygC7YBs--32|Signer01|for not thinking about people safety during a pandemic|for not thinking about people safety during a pandemic|-1|-1
aN5XnZIzeVU--24|Signer01|according to the daughter they had got the bed after a lot of efforts|according to the daughter they had got the bed after a lot of efforts|-1|-1
aN5XnZIzeVU--36|Signer01|during the treatment doctors informed the relatives|during the treatment doctors informed the relatives|-1|-1
aN5XnZIzeVU--38|Signer01|the family agreed|the family agreed|-1|-1
aN5XnZIzeVU--40|Signer01|the hospital does not know the reason|the hospital does not know the reason|-1|-1
aN5XnZIzeVU--47|Signer01|she said that the story was absolutely true|she said that the story was absolutely true|-1|-1
2week7pPNjA--12|Signer01|this was one year back|this was one year back|-1|-1
2week7pPNjA--18|Signer01|when he got the phone turned out it was really his|when he got the phone turned out it was really his|-1|-1
2week7pPNjA--21|Signer01|he charged the phone and the phone started working|he charged the phone and the phone started working|-1|-1
-syw5z5dhpo--2|Signer01|many of these were covid patients and majority of these had difficulty breathing|many of these were covid patients and majority of these had difficulty breathing|-1|-1
-syw5z5dhpo--12|Signer01|however the patients were without oxygen for 30 minutes|however the patients were without oxygen for 30 minutes|-1|-1
-syw5z5dhpo--19|Signer01|pm modi tweeted about the incident saying|pm modi tweeted about the incident saying|-1|-1
-syw5z5dhpo--22|Signer01|maharashtra cm furious over the incident has ordered an investigation in the incident|maharashtra cm furious over the incident has ordered an investigation in the incident|-1|-1
-syw5z5dhpo--23|Signer01|rs 5 lakh will also be given to each of the dead family|rs 5 lakh will also be given to each of the dead family|-1|-1
woOXrfqFGiM--0|Signer01|the coronavirus is spreading more and more in the country everyday|the coronavirus is spreading more and more in the country everyday|-1|-1
woOXrfqFGiM--1|Signer01|class 10 & 12 exams were supposed to start|class 10 & 12 exams were supposed to start|-1|-1
woOXrfqFGiM--10|Signer01|let me tell you which exams have been cancelled|let me tell you which exams have been cancelled|-1|-1
woOXrfqFGiM--13|Signer01|state board exams for class 10 have been cancelled in the following states|state board exams for class 10 have been cancelled in the following states|-1|-1
woOXrfqFGiM--15|Signer01|uttarakhand jammu & kashmir and maharashtra|uttarakhand jammu & kashmir and maharashtra|-1|-1
p7h6WgM5vMs--1|Signer01|earlier the maharashtra government had imposed a curfew|earlier the maharashtra government had imposed a curfew|-1|-1
p7h6WgM5vMs--12|Signer01|delhi chief minister arvind kejriwal announced a complete lockdown in delhi|delhi chief minister arvind kejriwal announced a complete lockdown in delhi|-1|-1
p7h6WgM5vMs--15|Signer01|lack of oxygen & medicines is creating a lot of pressure on the healthcare system|lack of oxygen & medicines is creating a lot of pressure on the healthcare system|-1|-1
p7h6WgM5vMs--17|Signer01|currently maharashtra delhi & karnataka have implemented strict rules to contain the rising cases|currently maharashtra delhi & karnataka have implemented strict rules to contain the rising cases|-1|-1
p7h6WgM5vMs--27|Signer01|and filed a complaint in the supreme court|and filed a complaint in the supreme court|-1|-1
9EUcm2anGQ4--3|Signer01|a blind woman was with her 6 year old son|a blind woman was with her 6 year old son|-1|-1
9EUcm2anGQ4--5|Signer01|while walking on the railway platform|while walking on the railway platform|-1|-1
9EUcm2anGQ4--9|Signer01|the child was very small and could not climb back on the platform|the child was very small and could not climb back on the platform|-1|-1
9EUcm2anGQ4--24|Signer01|asian institute of transport development|asian institute of transport development|-1|-1
9EUcm2anGQ4--27|Signer01|the matter is being investigated|the matter is being investigated|-1|-1
ZI6ni-hLJmc--2|Signer01|this is why the central government has decided|this is why the central government has decided|-1|-1
ZI6ni-hLJmc--4|Signer01|the decision was taken|the decision was taken|-1|-1
ZI6ni-hLJmc--6|Signer01|the health ministry said|the health ministry said|-1|-1
ZI6ni-hLJmc--8|Signer01|the remaining 50% doses can be given to state governments and private companies|the remaining 50% doses can be given to state governments and private companies|-1|-1
bqD6mDtF1HU--0|Signer01|in india deaf muslims have been able to learn languages such as english|in india deaf muslims have been able to learn languages such as english|-1|-1
bqD6mDtF1HU--20|Signer01|you can contact these three individuals|you can contact these three individuals|-1|-1
bqD6mDtF1HU--22|Signer01|those were the deaf muslim leaders and their contact number|those were the deaf muslim leaders and their contact number|-1|-1
bqD6mDtF1HU--23|Signer01|contact them if you are interested|contact them if you are interested|-1|-1
bqD6mDtF1HU--33|Signer01|their aim is to have a united discussion to create standard isl signs for words|their aim is to have a united discussion to create standard isl signs for words|-1|-1
ov7OgW69AM8--2|Signer01|there are not enough beds available to patients|there are not enough beds available to patients|-1|-1
ov7OgW69AM8--3|Signer01|and there is a shortage of doctors as well|and there is a shortage of doctors as well|-1|-1
ov7OgW69AM8--21|Signer01|to help maharashtra government deal with the shortage|to help maharashtra government deal with the shortage|-1|-1
ov7OgW69AM8--35|Signer01|they have broken the law|they have broken the law|-1|-1
ov7OgW69AM8--36|Signer01|any political party can not make such a purchase|any political party can not make such a purchase|-1|-1
2RTdklDxWeg--1|Signer01|during this curfew only essential service people are allowed outside|during this curfew only essential service people are allowed outside|-1|-1
2RTdklDxWeg--7|Signer01|a new system has been created|a new system has been created|-1|-1
dygwYmGYh-k--2|Signer01|after playing the second odi match between south africa & pakistan|after playing the second odi match between south africa & pakistan|-1|-1
dygwYmGYh-k--3|Signer01|the two players took a flight and landed in mumbai on 6th april|the two players took a flight and landed in mumbai on 6th april|-1|-1
dygwYmGYh-k--8|Signer01|this is why his reports are delayed|this is why his reports are delayed|-1|-1
dygwYmGYh-k--13|Signer01|but they are not playing yet|but they are not playing yet|-1|-1
dygwYmGYh-k--17|Signer01|because of the recent covid-19 spike in india the bcci|because of the recent covid-19 spike in india the bcci|-1|-1
RUVJf5P-RZE--8|Signer01|not a single person was seen following the covid safety precautions|not a single person was seen following the covid safety precautions|-1|-1
Pc1YiSmNM_A--4|Signer01|this is happening in gujarat for the last 1 week|this is happening in gujarat for the last 1 week|-1|-1
Pc1YiSmNM_A--12|Signer01|another incident was reported in chhattisgarh|another incident was reported in chhattisgarh|-1|-1
Pc1YiSmNM_A--17|Signer01|the shocking incident is because of shortage of ambulance amidst the spike in cases|the shocking incident is because of shortage of ambulance amidst the spike in cases|-1|-1
ptYKORuKKUU--2|Signer01|the hospital was stunned to find the vaccines missing|the hospital was stunned to find the vaccines missing|-1|-1
ptYKORuKKUU--3|Signer01|this is the first case of stolen vaccines in india|this is the first case of stolen vaccines in india|-1|-1
ptYKORuKKUU--8|Signer01|there is shortage of coronavirus vaccine in the state|there is shortage of coronavirus vaccine in the state|-1|-1
ptYKORuKKUU--10|Signer01|the covid-19 vaccine stock in the state would finish in the next two days|the covid-19 vaccine stock in the state would finish in the next two days|-1|-1
ptYKORuKKUU--12|Signer01|and now vaccines are getting stolen in the case creating more of shortage|and now vaccines are getting stolen in the case creating more of shortage|-1|-1
pMShf45w9to--11|Signer01|doctors said patients are not critical and no life loss has been reported|doctors said patients are not critical and no life loss has been reported|-1|-1
9MVpWMcysCc--6|Signer01|was completely ignored by the large crowd|was completely ignored by the large crowd|-1|-1
9MVpWMcysCc--8|Signer01|were seen without masks with no social distancing|were seen without masks with no social distancing|-1|-1
9MVpWMcysCc--11|Signer01|you may remember that last year in delhi|you may remember that last year in delhi|-1|-1
9MVpWMcysCc--14|Signer01|this had led to major spike in cases|this had led to major spike in cases|-1|-1
9MVpWMcysCc--22|Signer01|now there is enough and we are managing the situation|now there is enough and we are managing the situation|-1|-1
MitlycTQzmU--0|Signer01|on 13th april maharashtra cm uddhav thackeray announced|on 13th april maharashtra cm uddhav thackeray announced|-1|-1
MitlycTQzmU--9|Signer01|here are restrictions for public transport|here are restrictions for public transport|-1|-1
MitlycTQzmU--12|Signer01|trains and flights will be allowed|trains and flights will be allowed|-1|-1
MitlycTQzmU--14|Signer01|class 10 & 12 exams in maharashtra have been postponed|class 10 & 12 exams in maharashtra have been postponed|-1|-1
MitlycTQzmU--20|Signer01|under the food security scheme|under the food security scheme|-1|-1
A8S4AJrZFyM--1|Signer01|his funeral will be held on april 17|his funeral will be held on april 17|-1|-1
A8S4AJrZFyM--9|Signer01|but his wife who is pregnant has been advised by doctors not to travel|but his wife who is pregnant has been advised by doctors not to travel|-1|-1
A8S4AJrZFyM--14|Signer01|since then they have not visited the country|since then they have not visited the country|-1|-1
C6CIPVno_yQ--1|Signer01|and now he has decided to join politics|and now he has decided to join politics|-1|-1
C6CIPVno_yQ--4|Signer01|during his campaign speech he said that|during his campaign speech he said that|-1|-1
C6CIPVno_yQ--9|Signer01|this was how he asked people to vote for him|this was how he asked people to vote for him|-1|-1
2_hC7nQNfVY--12|Signer01|let me give you a few details about his life|let me give you a few details about his life|-1|-1
2_hC7nQNfVY--18|Signer01|that where he grew up|that where he grew up|-1|-1
2_hC7nQNfVY--21|Signer01|despite the various problems during world war 1 they continued to stay in touch|despite the various problems during world war 1 they continued to stay in touch|-1|-1
2_hC7nQNfVY--24|Signer01|they share a very strong bond|they share a very strong bond|-1|-1
2_hC7nQNfVY--29|Signer01|he was at a high post in the royal air force|he was at a high post in the royal air force|-1|-1
igc8plnBDUE--9|Signer01|now you all have 3 more months to link your aadhar & pan card|now you all have 3 more months to link your aadhar & pan card|-1|-1
hiQHvxEnBxY--9|Signer01|while the cases continue to rise|while the cases continue to rise|-1|-1
hiQHvxEnBxY--11|Signer01|have less covid cases but have been given more vaccines compared to maharashtra|have less covid cases but have been given more vaccines compared to maharashtra|-1|-1
hiQHvxEnBxY--16|Signer01|which needs 40 lakh vaccine doses every week|which needs 40 lakh vaccine doses every week|-1|-1
hiQHvxEnBxY--17|Signer01|this is very important to contain the spread of covid-19|this is very important to contain the spread of covid-19|-1|-1
hiQHvxEnBxY--23|Signer01|it includes essential workers like doctors nurses security personnel etc|it includes essential workers like doctors nurses security personnel etc|-1|-1
VwsRPJN7txM--0|Signer01|yesterday on 8th april prime minister narendra modi|yesterday on 8th april prime minister narendra modi|-1|-1
VwsRPJN7txM--4|Signer01|during the meeting modi said|during the meeting modi said|-1|-1
VwsRPJN7txM--5|Signer01|india is going through the 2nd wave of covid-19|india is going through the 2nd wave of covid-19|-1|-1
VwsRPJN7txM--10|Signer01|chief ministers must do this to contain the rising cases|chief ministers must do this to contain the rising cases|-1|-1
VwsRPJN7txM--14|Signer01|chief ministers and the government need to be united to contain the virus|chief ministers and the government need to be united to contain the virus|-1|-1
73LDeKDT7ks--4|Signer01|it is now mandatory to wear masks in delhi|it is now mandatory to wear masks in delhi|-1|-1
73LDeKDT7ks--6|Signer01|the court said just like masks are mandatory in public places|the court said just like masks are mandatory in public places|-1|-1
73LDeKDT7ks--12|Signer01|this is why it is best to wear a mask|this is why it is best to wear a mask|-1|-1
73LDeKDT7ks--16|Signer01|it said if lawyers do this then people will follow their example|it said if lawyers do this then people will follow their example|-1|-1
73LDeKDT7ks--17|Signer01|this will keep delhi safe and contain the cases|this will keep delhi safe and contain the cases|-1|-1
FKlPWZdIKeY--0|Signer01|delhi today imposed a 10 pm to 5 am night curfew till april 30 2021|delhi today imposed a 10 pm to 5 am night curfew till april 30 2021|-1|-1
FKlPWZdIKeY--5|Signer01|will be allowed on the road if they produce their tickets|will be allowed on the road if they produce their tickets|-1|-1
FKlPWZdIKeY--8|Signer01|delhi was going through the fourth wave of covid-19|delhi was going through the fourth wave of covid-19|-1|-1
FKlPWZdIKeY--10|Signer01|because it will lead to a loss of business|because it will lead to a loss of business|-1|-1
FKlPWZdIKeY--12|Signer01|states like maharashtra and rajasthan|states like maharashtra and rajasthan|-1|-1
wkGWcwDEjcw--3|Signer01|the report was announced on 19th march|the report was announced on 19th march|-1|-1
wkGWcwDEjcw--17|Signer01|9 new zealand|9 new zealand|-1|-1
wkGWcwDEjcw--19|Signer01|the united states is placed on the 19th spot for happiness|the united states is placed on the 19th spot for happiness|-1|-1
wkGWcwDEjcw--20|Signer01|despite being one of the richest countries in the world its people are unhappy|despite being one of the richest countries in the world its people are unhappy|-1|-1
0G6BgHvWDlM--3|Signer01|it is held in one of these places every 12 years|it is held in one of these places every 12 years|-1|-1
0G6BgHvWDlM--5|Signer01|it will be between 1st april and 30th april|it will be between 1st april and 30th april|-1|-1
0G6BgHvWDlM--13|Signer01|will be allowed to attend|will be allowed to attend|-1|-1
0G6BgHvWDlM--15|Signer01|will require a negative covid test report to enter|will require a negative covid test report to enter|-1|-1
0G6BgHvWDlM--21|Signer01|everyone has to maintain social distance|everyone has to maintain social distance|-1|-1
t5ooua1a-Ds--2|Signer01|the narendra modi government has announced that this would be the last date|the narendra modi government has announced that this would be the last date|-1|-1
t5ooua1a-Ds--4|Signer01|a fine of upto rs 1 000 will be imposed on them|a fine of upto rs 1 000 will be imposed on them|-1|-1
t5ooua1a-Ds--13|Signer01|then hit send and you have successfully link pan & aadhar|then hit send and you have successfully link pan & aadhar|-1|-1
c0YrQQQT0YQ--7|Signer01|this led to many other ships getting stuck as well|this led to many other ships getting stuck as well|-1|-1
c0YrQQQT0YQ--8|Signer01|officials had said that it could take weeks for them to move the ship|officials had said that it could take weeks for them to move the ship|-1|-1
c0YrQQQT0YQ--14|Signer01|thousands of ships pass through this important route daily|thousands of ships pass through this important route daily|-1|-1
c0YrQQQT0YQ--18|Signer01|while other ships continued to wait|while other ships continued to wait|-1|-1
c0YrQQQT0YQ--20|Signer01|and some were even carrying live animals who were suffering|and some were even carrying live animals who were suffering|-1|-1
xXiuuUoi4GA--0|Signer01|of the 3 odi matches india & england had won one each|of the 3 odi matches india & england had won one each|-1|-1
xXiuuUoi4GA--1|Signer01|the third match that would decide whom the cup would go to|the third match that would decide whom the cup would go to|-1|-1
xXiuuUoi4GA--13|Signer01|it looked like india was trying to help england win|it looked like india was trying to help england win|-1|-1
aYQ5sdW3F0o--1|Signer01|who had long and beautiful hair|who had long and beautiful hair|-1|-1
aYQ5sdW3F0o--19|Signer01|when asked how she got such long hair she said|when asked how she got such long hair she said|-1|-1
aYQ5sdW3F0o--23|Signer01|this is why she decided never to cut her hair|this is why she decided never to cut her hair|-1|-1
aYQ5sdW3F0o--24|Signer01|her parents have fully supported her decision|her parents have fully supported her decision|-1|-1
xowtRZZY9LQ--2|Signer01|and get back together|and get back together|-1|-1
xowtRZZY9LQ--7|Signer01|they continuously break up and get back together again|they continuously break up and get back together again|-1|-1
xowtRZZY9LQ--8|Signer01|the couple were fed up of this|the couple were fed up of this|-1|-1
xowtRZZY9LQ--9|Signer01|this is why they came up with a very unique idea|this is why they came up with a very unique idea|-1|-1
xowtRZZY9LQ--15|Signer01|once they became comfortable they shared images on social media|once they became comfortable they shared images on social media|-1|-1
c0Te1T8DjNQ--18|Signer01|therapy services are provided to children as young as 14 months and adults|therapy services are provided to children as young as 14 months and adults|-1|-1
jkJuvzGeAjI--10|Signer01|the hotel has been completely booked for its unique idea|the hotel has been completely booked for its unique idea|-1|-1
jkJuvzGeAjI--11|Signer01|there is not a single room available|there is not a single room available|-1|-1
jkJuvzGeAjI--21|Signer01|in a day they are active for 18 hours and walk thousands of kilometers|in a day they are active for 18 hours and walk thousands of kilometers|-1|-1
jkJuvzGeAjI--25|Signer01|it is absolutely wrong|it is absolutely wrong|-1|-1
jkJuvzGeAjI--33|Signer01|this is completely wrong and chinese companies have always been extremely money hungry|this is completely wrong and chinese companies have always been extremely money hungry|-1|-1
DNdnmWVRzy4--3|Signer01|the scheme aims to provide equal share to both|the scheme aims to provide equal share to both|-1|-1
DNdnmWVRzy4--7|Signer01|sources from the foreign ministry said that|sources from the foreign ministry said that|-1|-1
DNdnmWVRzy4--11|Signer01|since a week and is expected to rise more in the coming weeks|since a week and is expected to rise more in the coming weeks|-1|-1
t7D-bIGnjU0--1|Signer01|it is a t20 cricket tournament|it is a t20 cricket tournament|-1|-1
t7D-bIGnjU0--2|Signer01|which was organised by the road safety cell of maharashtra|which was organised by the road safety cell of maharashtra|-1|-1
t7D-bIGnjU0--3|Signer01|to raise awareness about road safety|to raise awareness about road safety|-1|-1
t7D-bIGnjU0--14|Signer01|these teams were to play the remaining matches of the tournament|these teams were to play the remaining matches of the tournament|-1|-1
t7D-bIGnjU0--18|Signer01|however due to the rise in coronavirus cases the tournament was shifted|however due to the rise in coronavirus cases the tournament was shifted|-1|-1
k1PbRMktoiI--15|Signer01|this was my first odi but my father was not present to see this|this was my first odi but my father was not present to see this|-1|-1
k1PbRMktoiI--18|Signer01|their father had passed away in january 2021|their father had passed away in january 2021|-1|-1
k1PbRMktoiI--19|Signer01|when it was england turn to bat they lost many wickets to|when it was england turn to bat they lost many wickets to|-1|-1
LV1lXAbKJEQ--1|Signer01|and caused a lot of suffering among the citizens|and caused a lot of suffering among the citizens|-1|-1
LV1lXAbKJEQ--4|Signer01|the rains had started from 22nd march 2021|the rains had started from 22nd march 2021|-1|-1
LV1lXAbKJEQ--6|Signer01|more than 18 000 people have been evacuated|more than 18 000 people have been evacuated|-1|-1
LV1lXAbKJEQ--12|Signer01|images have gone viral in which animals can be seen suffering|images have gone viral in which animals can be seen suffering|-1|-1
LV1lXAbKJEQ--21|Signer01|the health minister had said|the health minister had said|-1|-1
ZRmRdg7PtfM--4|Signer01|the study is now in the 2nd phase the 3rd phase will start later|the study is now in the 2nd phase the 3rd phase will start later|-1|-1
ZRmRdg7PtfM--8|Signer01|however if children are infected they can spread the virus quickly|however if children are infected they can spread the virus quickly|-1|-1
ZRmRdg7PtfM--12|Signer01|but children do not hence they have to be tested|but children do not hence they have to be tested|-1|-1
ZRmRdg7PtfM--19|Signer01|to cover the entire us population|to cover the entire us population|-1|-1
SsI29IFMKo8--2|Signer01|according to him his family does not care to him find a bride|according to him his family does not care to him find a bride|-1|-1
SsI29IFMKo8--7|Signer01|but to find a bride for a man is not our job ”|but to find a bride for a man is not our job ”|-1|-1
SsI29IFMKo8--9|Signer01|they said they are looking for a bride for him|they said they are looking for a bride for him|-1|-1
SsI29IFMKo8--11|Signer01|the entire family has met many girls but they always say no|the entire family has met many girls but they always say no|-1|-1
SsI29IFMKo8--12|Signer01|what can we do now we are doing our best|what can we do now we are doing our best|-1|-1
08hcowRA5Cg--1|Signer01|during the lockdown people could not go out|during the lockdown people could not go out|-1|-1
08hcowRA5Cg--21|Signer01|below the video it was mentioned|below the video it was mentioned|-1|-1
08hcowRA5Cg--22|Signer01|when customers love our food they always say they will come back again|when customers love our food they always say they will come back again|-1|-1
08hcowRA5Cg--23|Signer01|however this customer actually flew in to collect his order|however this customer actually flew in to collect his order|-1|-1
08hcowRA5Cg--26|Signer01|and may have been against the rules|and may have been against the rules|-1|-1
Su4tVZcH7HA--16|Signer01|he then connected her with their legal team|he then connected her with their legal team|-1|-1
Su4tVZcH7HA--34|Signer01|when humans kill animals we cut their lives short|when humans kill animals we cut their lives short|-1|-1
Su4tVZcH7HA--35|Signer01|she does not like this|she does not like this|-1|-1
L7BmXtgM9MI--3|Signer01|this was granted by the bcci|this was granted by the bcci|-1|-1
L7BmXtgM9MI--8|Signer01|people were stunned by the announcement and the image was widely shared|people were stunned by the announcement and the image was widely shared|-1|-1
L7BmXtgM9MI--11|Signer01|ever since they started dating both kept their relationship secret|ever since they started dating both kept their relationship secret|-1|-1
L7BmXtgM9MI--16|Signer01|only 50 guests were called for the event and it was very private|only 50 guests were called for the event and it was very private|-1|-1
L7BmXtgM9MI--20|Signer01|the wedding was not attended by any of the indian cricketers due to limited guests|the wedding was not attended by any of the indian cricketers due to limited guests|-1|-1
j7VL9V4CF4U--0|Signer01|maharashtra chief minister uddhav thackeray on 15th march 2021|maharashtra chief minister uddhav thackeray on 15th march 2021|-1|-1
j7VL9V4CF4U--6|Signer01|3 theatres hotels and restaurants will function at 50% capacity|3 theatres hotels and restaurants will function at 50% capacity|-1|-1
j7VL9V4CF4U--14|Signer01|the offices will be shut till the covid pandemic is going on|the offices will be shut till the covid pandemic is going on|-1|-1
j7VL9V4CF4U--17|Signer01|a lockdown will not help to reduce the cases of covid-19|a lockdown will not help to reduce the cases of covid-19|-1|-1
j7VL9V4CF4U--24|Signer01|almost 1 lakh people are getting vaccinated daily|almost 1 lakh people are getting vaccinated daily|-1|-1
qGkltoth0Dw--7|Signer01|will be provided free food during the course of the treatment|will be provided free food during the course of the treatment|-1|-1
qGkltoth0Dw--10|Signer01|they will soon increase its capacity to 1 000 beds|they will soon increase its capacity to 1 000 beds|-1|-1
qGkltoth0Dw--13|Signer01|for now the hospital will take patients who visit in person|for now the hospital will take patients who visit in person|-1|-1
qGkltoth0Dw--14|Signer01|the online registration will be started soon|the online registration will be started soon|-1|-1
qGkltoth0Dw--16|Signer01|and has state of the art technology|and has state of the art technology|-1|-1
salnU0HghCE--4|Signer01|the message informed that he had tested positive for coronavirus|the message informed that he had tested positive for coronavirus|-1|-1
salnU0HghCE--6|Signer01|that he had tested positive for the coronavirus and showed his phone as proof|that he had tested positive for the coronavirus and showed his phone as proof|-1|-1
salnU0HghCE--9|Signer01|they then sent an ambulance for the passenger|they then sent an ambulance for the passenger|-1|-1
salnU0HghCE--11|Signer01|the passenger that had tested positive had been sent away|the passenger that had tested positive had been sent away|-1|-1
vDjiCdD0_og--3|Signer01|a home guard was recently fired from his position|a home guard was recently fired from his position|-1|-1
vDjiCdD0_og--10|Signer01|the home guard was not in the office he was outside yet he was fired|the home guard was not in the office he was outside yet he was fired|-1|-1
vDjiCdD0_og--20|Signer01|back in 2019 a supreme court order said that|back in 2019 a supreme court order said that|-1|-1
WM0cmZYZFl8--1|Signer01|across the states and union territories|across the states and union territories|-1|-1
WM0cmZYZFl8--7|Signer01|bmc aims for around 1 lakh vaccination every day|bmc aims for around 1 lakh vaccination every day|-1|-1
WM0cmZYZFl8--8|Signer01|on 9th march the rajasthan government said that|on 9th march the rajasthan government said that|-1|-1
WM0cmZYZFl8--15|Signer01|will be sent to pakistan from india|will be sent to pakistan from india|-1|-1
WM0cmZYZFl8--17|Signer01|this is most likely sure to happen|this is most likely sure to happen|-1|-1
l9n2NXl9lsY--2|Signer01|at the kolkata airport he was stunned to find many people not wearing masks properly|at the kolkata airport he was stunned to find many people not wearing masks properly|-1|-1
l9n2NXl9lsY--10|Signer01|that they had directed all the passengers to wear masks but passengers ignored it|that they had directed all the passengers to wear masks but passengers ignored it|-1|-1
l9n2NXl9lsY--14|Signer01|he said now the coronavirus cases are increasing in the country|he said now the coronavirus cases are increasing in the country|-1|-1
l9n2NXl9lsY--16|Signer01|hence strict guidelines have been issued|hence strict guidelines have been issued|-1|-1
l9n2NXl9lsY--18|Signer01|if a person is found not wearing masks|if a person is found not wearing masks|-1|-1
psTFI70Xydc--1|Signer01|on 9th march 2021|on 9th march 2021|-1|-1
psTFI70Xydc--4|Signer01|where they agreed on various points|where they agreed on various points|-1|-1
psTFI70Xydc--15|Signer01|there were many complaints about his decision making|there were many complaints about his decision making|-1|-1
psTFI70Xydc--19|Signer01|the 3 parties were extremely unhappy over this|the 3 parties were extremely unhappy over this|-1|-1
psTFI70Xydc--21|Signer01|they themselves passed the bill|they themselves passed the bill|-1|-1
C3WV8Q9eEhY--10|Signer01|let me tell you the reason for the fire|let me tell you the reason for the fire|-1|-1
C3WV8Q9eEhY--16|Signer01|this makes it difficult to spot the flowers|this makes it difficult to spot the flowers|-1|-1
C3WV8Q9eEhY--20|Signer01|however it is extremely dangerous|however it is extremely dangerous|-1|-1
C3WV8Q9eEhY--26|Signer01|burning would not be necessary and ensure safety|burning would not be necessary and ensure safety|-1|-1
6CgBYlaivu0--11|Signer01|he then visited the police commissioner office and informed him about the same|he then visited the police commissioner office and informed him about the same|-1|-1
6CgBYlaivu0--14|Signer01|the next day when he went to get the car it could not be found|the next day when he went to get the car it could not be found|-1|-1
6CgBYlaivu0--25|Signer01|former maharashtra chief minister devendra fadnavis said|former maharashtra chief minister devendra fadnavis said|-1|-1
6CgBYlaivu0--27|Signer01|he demanded the case be handed over to the national investigation agency nia|he demanded the case be handed over to the national investigation agency nia|-1|-1
arI3SdIFYmI--0|Signer01|the bcci on 7th march announced the schedule for the 2021 ipl|the bcci on 7th march announced the schedule for the 2021 ipl|-1|-1
arI3SdIFYmI--13|Signer01|this has been done to reduce travel and risk of covid infection|this has been done to reduce travel and risk of covid infection|-1|-1
arI3SdIFYmI--14|Signer01|the teams are all set for the matches|the teams are all set for the matches|-1|-1
arI3SdIFYmI--16|Signer01|chennai & kolkata|chennai & kolkata|-1|-1
arI3SdIFYmI--21|Signer01|for the first time the ipl is being held here|for the first time the ipl is being held here|-1|-1
XG4f6Tc0xJ4--8|Signer01|although the petition was started about 7 months ago|although the petition was started about 7 months ago|-1|-1
XG4f6Tc0xJ4--9|Signer01|it got a lot of attention on social media|it got a lot of attention on social media|-1|-1
0CdK9XaLaBo--5|Signer01|opposition leaders who protested against it were jailed|opposition leaders who protested against it were jailed|-1|-1
0CdK9XaLaBo--20|Signer01|but this is something that rahul gandhi will never understand|but this is something that rahul gandhi will never understand|-1|-1
JVIVuA_4FLg--6|Signer01|despite training if suitable local candidates cannot be found|despite training if suitable local candidates cannot be found|-1|-1
JVIVuA_4FLg--17|Signer01|the party is happy that the bill has been approved successfully|the party is happy that the bill has been approved successfully|-1|-1
5d3NFSJXteE--0|Signer01|a few weeks ago an image went viral on social media|a few weeks ago an image went viral on social media|-1|-1
5d3NFSJXteE--2|Signer01|nobody had ever seen such a dog|nobody had ever seen such a dog|-1|-1
5d3NFSJXteE--12|Signer01|now another shocking incident occured|now another shocking incident occured|-1|-1
5d3NFSJXteE--15|Signer01|an image of these dogs went viral on social media leaving many stunned|an image of these dogs went viral on social media leaving many stunned|-1|-1
5d3NFSJXteE--19|Signer01|russian media reports that the dogs appear healthy and are eating well|russian media reports that the dogs appear healthy and are eating well|-1|-1
lftPjDSSW5U--27|Signer01|many girls in the village were stunned by this|many girls in the village were stunned by this|-1|-1
lftPjDSSW5U--32|Signer01|by november 2009 sanjay girl football team|by november 2009 sanjay girl football team|-1|-1
lftPjDSSW5U--34|Signer01|in january 2019 many of the girls trained by sanjay|in january 2019 many of the girls trained by sanjay|-1|-1
lftPjDSSW5U--47|Signer01|instead of wearing traditional indian clothes|instead of wearing traditional indian clothes|-1|-1
lftPjDSSW5U--63|Signer01|it was ready in december 2020 and 30 girls stayed there|it was ready in december 2020 and 30 girls stayed there|-1|-1
BpiwfLZZnKY--2|Signer01|now they have increased this amount to rs 2 5 lakhs|now they have increased this amount to rs 2 5 lakhs|-1|-1
BpiwfLZZnKY--7|Signer01|hence the amount has been increased to rs 2 5 lakhs|hence the amount has been increased to rs 2 5 lakhs|-1|-1
BpiwfLZZnKY--14|Signer01|after marriage the couple has to apply for their marriage registration certificate|after marriage the couple has to apply for their marriage registration certificate|-1|-1
BpiwfLZZnKY--16|Signer01|here is the email id|here is the email id|-1|-1
nd3Fv5cWfcE--3|Signer01|where they post various forms of content|where they post various forms of content|-1|-1
nd3Fv5cWfcE--21|Signer01|let me tell you about these guidelines|let me tell you about these guidelines|-1|-1
nd3Fv5cWfcE--30|Signer01|there is another rule let me give you an example|there is another rule let me give you an example|-1|-1
rUKqzICoams--13|Signer01|the said they would follow the assam government rules and would stop violence|the said they would follow the assam government rules and would stop violence|-1|-1
sldXLDIuGB0--0|Signer01|coronavirus has spread all over the world|coronavirus has spread all over the world|-1|-1
sldXLDIuGB0--5|Signer01|you all know that the year 2020 has been a difficult year for everyone|you all know that the year 2020 has been a difficult year for everyone|-1|-1
sldXLDIuGB0--15|Signer01|let me tell you about some of these people|let me tell you about some of these people|-1|-1
sldXLDIuGB0--65|Signer01|this shows that anything can happen in the future|this shows that anything can happen in the future|-1|-1
sldXLDIuGB0--68|Signer01|he was paid extremely well and lived a comfortable life|he was paid extremely well and lived a comfortable life|-1|-1
qKeh1JqOuOM--0|Signer01|this is the sign for transgender men & women|this is the sign for transgender men & women|-1|-1
qKeh1JqOuOM--21|Signer01|she added that due to the financial difficulties during lockdown|she added that due to the financial difficulties during lockdown|-1|-1
qKeh1JqOuOM--25|Signer01|she requested the doctor to give her the money back and postponed the surgery|she requested the doctor to give her the money back and postponed the surgery|-1|-1
qKeh1JqOuOM--26|Signer01|so that her business could carry on|so that her business could carry on|-1|-1
qKeh1JqOuOM--28|Signer01|as we are all the same and understand each other|as we are all the same and understand each other|-1|-1
VBXKG-AuqiI--22|Signer01|the entire project cost $ 2 7 billion|the entire project cost $ 2 7 billion|-1|-1
j670Iftm-2g--2|Signer01|the aim of this activist group is to protect the environment|the aim of this activist group is to protect the environment|-1|-1
j670Iftm-2g--14|Signer01|the delhi police said in a tweet that|the delhi police said in a tweet that|-1|-1
j670Iftm-2g--23|Signer01|and her lawyer for 30 minutes daily|and her lawyer for 30 minutes daily|-1|-1
j670Iftm-2g--24|Signer01|the court also allowed her access to warm clothes and books|the court also allowed her access to warm clothes and books|-1|-1
yHxHG6tcdIA--3|Signer01|when the driver lost control of the bus|when the driver lost control of the bus|-1|-1
yHxHG6tcdIA--8|Signer01|search is going on to find the missing 21 people|search is going on to find the missing 21 people|-1|-1
yHxHG6tcdIA--12|Signer01|he added that two of his ministers are on their way to the accident site|he added that two of his ministers are on their way to the accident site|-1|-1
yHxHG6tcdIA--19|Signer01|but in view of the accident the event was cancelled|but in view of the accident the event was cancelled|-1|-1
_1tafiQHMEs--10|Signer01|however thousands of people protested|however thousands of people protested|-1|-1
_1tafiQHMEs--21|Signer01|that will be issued after both the doses|that will be issued after both the doses|-1|-1
_1tafiQHMEs--22|Signer01|the person then will be able to travel anywhere|the person then will be able to travel anywhere|-1|-1
_1tafiQHMEs--24|Signer01|people can seek proof from doctors to travel|people can seek proof from doctors to travel|-1|-1
_1tafiQHMEs--26|Signer01|there is a change in everything|there is a change in everything|-1|-1
lZarpnV0alw--1|Signer01|it was held on 10th february 2021 in mumbai|it was held on 10th february 2021 in mumbai|-1|-1
lZarpnV0alw--11|Signer01|she loved reading books but since she did not have money she could not|she loved reading books but since she did not have money she could not|-1|-1
lZarpnV0alw--19|Signer01|she is working hard to give her family a better life|she is working hard to give her family a better life|-1|-1
sbUoRSUyBQI--1|Signer01|it will be the first gender park in the country|it will be the first gender park in the country|-1|-1
sbUoRSUyBQI--6|Signer01|on the same day international women trade and research centre|on the same day international women trade and research centre|-1|-1
sbUoRSUyBQI--15|Signer01|transgender women and men would be able to equally participate in the center|transgender women and men would be able to equally participate in the center|-1|-1
sbUoRSUyBQI--20|Signer01|said that such a gender park is the first in the country|said that such a gender park is the first in the country|-1|-1
sbUoRSUyBQI--21|Signer01|she has not heard about any such gender park in any other country|she has not heard about any such gender park in any other country|-1|-1
OEM3CR-HYmk--8|Signer01|but some companies are still using them and|but some companies are still using them and|-1|-1
zwW3V8Y7gYI--0|Signer01|during the coronavirus pandemic travel all over the world including india was banned|during the coronavirus pandemic travel all over the world including india was banned|-1|-1
zwW3V8Y7gYI--5|Signer01|the economic condition was very poor|the economic condition was very poor|-1|-1
zwW3V8Y7gYI--6|Signer01|now restaurants and hotels are slowly opening up|now restaurants and hotels are slowly opening up|-1|-1
zwW3V8Y7gYI--7|Signer01|tourism industry is also opening up|tourism industry is also opening up|-1|-1
zwW3V8Y7gYI--31|Signer01|everyone must experience this once at least|everyone must experience this once at least|-1|-1
DsT_iDM-IMI--2|Signer01|this is the first conversation between pm modi and him here what they spoke about|this is the first conversation between pm modi and him here what they spoke about|-1|-1
DsT_iDM-IMI--6|Signer01|they spoke about issues happening in india america and the world|they spoke about issues happening in india america and the world|-1|-1
DsT_iDM-IMI--8|Signer01|modi said he is very happy that|modi said he is very happy that|-1|-1
DsT_iDM-IMI--11|Signer01|earlier the white house had released a statement saying|earlier the white house had released a statement saying|-1|-1
cjOYkN1cQCY--5|Signer01|the supreme court found her guilty|the supreme court found her guilty|-1|-1
cjOYkN1cQCY--6|Signer01|and ordered her to 4 years jail on 14th february 2017|and ordered her to 4 years jail on 14th february 2017|-1|-1
cjOYkN1cQCY--15|Signer01|with the tamil nadu state assembly elections only 2 months away|with the tamil nadu state assembly elections only 2 months away|-1|-1
_LbcPjqWzwk--1|Signer01|has registered for the ipl auction|has registered for the ipl auction|-1|-1
_LbcPjqWzwk--3|Signer01|the auction for the various teams will be held on 18th february in chennai|the auction for the various teams will be held on 18th february in chennai|-1|-1
_LbcPjqWzwk--5|Signer01|tendulkar has been with mumbai indians as a net bowler for a few years|tendulkar has been with mumbai indians as a net bowler for a few years|-1|-1
_LbcPjqWzwk--13|Signer01|has registered his name for the auction|has registered his name for the auction|-1|-1
_LbcPjqWzwk--14|Signer01|his base price is rs 75 lakh|his base price is rs 75 lakh|-1|-1
KdnG2oStyjA--10|Signer01|bodies of 7 men were recovered|bodies of 7 men were recovered|-1|-1
KdnG2oStyjA--11|Signer01|but it is not sure how many have died yet|but it is not sure how many have died yet|-1|-1
KdnG2oStyjA--17|Signer01|for the families of those who lost their lives|for the families of those who lost their lives|-1|-1
lRtNNEv9cDc--7|Signer01|i am not scared and will continue supporting the farmers peaceful protests|i am not scared and will continue supporting the farmers peaceful protests|-1|-1
lRtNNEv9cDc--11|Signer01|here is what really happened|here is what really happened|-1|-1
TO1kr7v4LcU--12|Signer01|as the executive chairman i will continue to work at amazon|as the executive chairman i will continue to work at amazon|-1|-1
TO1kr7v4LcU--15|Signer01|since the start of the coronavirus pandemic in the usa|since the start of the coronavirus pandemic in the usa|-1|-1
vQ8wDcqssqA--2|Signer01|have all tweeted in support of the farmer protest|have all tweeted in support of the farmer protest|-1|-1
vQ8wDcqssqA--6|Signer01|no one is talking about it because they are not farmers they are terrorists|no one is talking about it because they are not farmers they are terrorists|-1|-1
vQ8wDcqssqA--10|Signer01|people were shocked to read kangana strong response|people were shocked to read kangana strong response|-1|-1
vQ8wDcqssqA--17|Signer01|so now please go off to sleep|so now please go off to sleep|-1|-1
vQ8wDcqssqA--27|Signer01|many bollywood celebrities tweeted and asked people to stay united|many bollywood celebrities tweeted and asked people to stay united|-1|-1
xb4hc8Cs_Cw--6|Signer01|had a video conference in september 2020|had a video conference in september 2020|-1|-1
xb4hc8Cs_Cw--7|Signer01|where modi promised to provide all support to sri lanka during the pandemic|where modi promised to provide all support to sri lanka during the pandemic|-1|-1
xb4hc8Cs_Cw--10|Signer01|these include 7 countries which are|these include 7 countries which are|-1|-1
b6eBCapu2Hc--8|Signer01|there is no difference between the deaf & hearing|there is no difference between the deaf & hearing|-1|-1
b6eBCapu2Hc--25|Signer01|like hearing individuals participate in the olympics|like hearing individuals participate in the olympics|-1|-1
b6eBCapu2Hc--34|Signer01|now he has been awarded with the padma shri|now he has been awarded with the padma shri|-1|-1
b6eBCapu2Hc--49|Signer01|just like i am a deaf wrestler and i have achieved medals|just like i am a deaf wrestler and i have achieved medals|-1|-1
b6eBCapu2Hc--50|Signer01|similarly other deaf athletes can achieve success as well|similarly other deaf athletes can achieve success as well|-1|-1
cZTct2HMi1Q--0|Signer01|people with disabilities are now happy because|people with disabilities are now happy because|-1|-1
cZTct2HMi1Q--1|Signer01|all vehicles registered under their names|all vehicles registered under their names|-1|-1
cZTct2HMi1Q--2|Signer01|will be allowed for a free ride they will not have to pay toll|will be allowed for a free ride they will not have to pay toll|-1|-1
cZTct2HMi1Q--14|Signer01|out of them a very few of them drive a vehicle currently|out of them a very few of them drive a vehicle currently|-1|-1
cZTct2HMi1Q--17|Signer01|but it has been postponed to 15th february 2021|but it has been postponed to 15th february 2021|-1|-1
h3pUQf3IO58--0|Signer01|yesterday was 26th january - republic day|yesterday was 26th january - republic day|-1|-1
h3pUQf3IO58--16|Signer01|they train deaf individuals to become teachers|they train deaf individuals to become teachers|-1|-1
Ii7ir0R7tUE--13|Signer01|biden has imposed strict rules to contain the spread of covid-19|biden has imposed strict rules to contain the spread of covid-19|-1|-1
hhnsFjmEexQ--3|Signer01|let me tell you what it was about|let me tell you what it was about|-1|-1
8tEMCGXRFjw--8|Signer01|is not that surprising he worked hard to become the president|is not that surprising he worked hard to become the president|-1|-1
8tEMCGXRFjw--28|Signer01|he said he will never forget this moment|he said he will never forget this moment|-1|-1
8tEMCGXRFjw--39|Signer01|will perform at the function|will perform at the function|-1|-1
8tEMCGXRFjw--40|Signer01|thousands of kilometers away from the us|thousands of kilometers away from the us|-1|-1
8tEMCGXRFjw--47|Signer01|however this was not the first time|however this was not the first time|-1|-1
dOeHyyKd1KU--2|Signer01|25 000 military personnel will be present in d c for security|25 000 military personnel will be present in d c for security|-1|-1
dOeHyyKd1KU--13|Signer01|currently officials say they have no strong information about an attack|currently officials say they have no strong information about an attack|-1|-1
flFNr50Tk7M--1|Signer01|and made it mandatory for users to accept these till 8th february|and made it mandatory for users to accept these till 8th february|-1|-1
flFNr50Tk7M--4|Signer01|with facebook having access to whatsapp data|with facebook having access to whatsapp data|-1|-1
flFNr50Tk7M--14|Signer01|the government has sent a list of 14 questions to whatsapp|the government has sent a list of 14 questions to whatsapp|-1|-1
flFNr50Tk7M--17|Signer01|the ministry has further asked whatsapp as to why they have brought about such changes|the ministry has further asked whatsapp as to why they have brought about such changes|-1|-1
flFNr50Tk7M--20|Signer01|whatsapp is aware of the bill then why have they updated their policies|whatsapp is aware of the bill then why have they updated their policies|-1|-1
Y1LX2Rt7Rdc--3|Signer01|and is located about 40 km from indore city|and is located about 40 km from indore city|-1|-1
Y1LX2Rt7Rdc--9|Signer01|person belonging to the st category in the village|person belonging to the st category in the village|-1|-1
JaAH3-Dm6mc--5|Signer01|they can be jailed for a year and fined rs 50 000|they can be jailed for a year and fined rs 50 000|-1|-1
JaAH3-Dm6mc--7|Signer01|and a rs 1 lakh fine this has been proposed in the bill|and a rs 1 lakh fine this has been proposed in the bill|-1|-1
Pe_XCm3WIR0--0|Signer01|on 21st february indian railways has started a new initiative|on 21st february indian railways has started a new initiative|-1|-1
4Wsm_yB-Hlg--15|Signer01|two from australia two west indies and|two from australia two west indies and|-1|-1
4Wsm_yB-Hlg--16|Signer01|one each from sri lanka south africa and afghanistan|one each from sri lanka south africa and afghanistan|-1|-1
4Wsm_yB-Hlg--17|Signer01|ms dhoni was named as the captain for men t20 and odi teams|ms dhoni was named as the captain for men t20 and odi teams|-1|-1
a8zp7ivHwBU--7|Signer01|for a long time the farmers have been protesting|for a long time the farmers have been protesting|-1|-1
a8zp7ivHwBU--8|Signer01|but bollywood celebrities have not shown support to the farmers on social media|but bollywood celebrities have not shown support to the farmers on social media|-1|-1
a8zp7ivHwBU--9|Signer01|this why they were upset and stopped the shoot|this why they were upset and stopped the shoot|-1|-1
a8zp7ivHwBU--17|Signer01|the shooting of the film would continue till march|the shooting of the film would continue till march|-1|-1
4C_vDsk0bCw--2|Signer01|the cm suggested a system where a woman moving out of home for work|the cm suggested a system where a woman moving out of home for work|-1|-1
4C_vDsk0bCw--3|Signer01|would have to register herself at the police station|would have to register herself at the police station|-1|-1
4C_vDsk0bCw--10|Signer01|the police can quickly rescue the female and save the women|the police can quickly rescue the female and save the women|-1|-1
4C_vDsk0bCw--20|Signer01|prime minister narendra modi too had said during his independence day speech last year|prime minister narendra modi too had said during his independence day speech last year|-1|-1
4C_vDsk0bCw--21|Signer01|that the government will set up a committee|that the government will set up a committee|-1|-1
eXtL6-Mp0lg--5|Signer01|there were many reports that private messages between friends and families|there were many reports that private messages between friends and families|-1|-1
eXtL6-Mp0lg--14|Signer01|and neither can facebook|and neither can facebook|-1|-1
eXtL6-Mp0lg--16|Signer01|whatsapp cannot see your shared location and neither can facebook|whatsapp cannot see your shared location and neither can facebook|-1|-1
eXtL6-Mp0lg--18|Signer01|whatsapp groups will remain private|whatsapp groups will remain private|-1|-1
eXtL6-Mp0lg--25|Signer01|cannot be seen by whatsapp or facebook|cannot be seen by whatsapp or facebook|-1|-1
NRPcHtU2lhU--1|Signer01|since november farmers have been protesting against these laws|since november farmers have been protesting against these laws|-1|-1
NRPcHtU2lhU--9|Signer01|if the government does not put the law on hold|if the government does not put the law on hold|-1|-1
NRPcHtU2lhU--11|Signer01|however since the government did not do this|however since the government did not do this|-1|-1
NRPcHtU2lhU--15|Signer01|a committee will be formed|a committee will be formed|-1|-1
NRPcHtU2lhU--19|Signer01|the farmers did not accept the committee selected by the sc|the farmers did not accept the committee selected by the sc|-1|-1
RF9blLbjasA--7|Signer01|this is due to the covid-19 pandemic|this is due to the covid-19 pandemic|-1|-1
RF9blLbjasA--15|Signer01|however in 2019 and 2020 finance minister nirmala sitharaman|however in 2019 and 2020 finance minister nirmala sitharaman|-1|-1
RF9blLbjasA--18|Signer01|now one can access the budget speech and the related documents on the website|now one can access the budget speech and the related documents on the website|-1|-1
RF9blLbjasA--19|Signer01|but you can view it only after the budget is announced|but you can view it only after the budget is announced|-1|-1
pxxswO3rwh0--9|Signer01|the same incident occured on the previous day as well|the same incident occured on the previous day as well|-1|-1
pxxswO3rwh0--10|Signer01|even though a complaint was filed no action was taken|even though a complaint was filed no action was taken|-1|-1
pxxswO3rwh0--13|Signer01|icc has launched an investigation into the matter|icc has launched an investigation into the matter|-1|-1
pxxswO3rwh0--14|Signer01|and cricket australia has condemned the actions of the audience members|and cricket australia has condemned the actions of the audience members|-1|-1
pxxswO3rwh0--17|Signer01|while on day 5 of the 3rd test match|while on day 5 of the 3rd test match|-1|-1
XXEA5teQ-OE--1|Signer01|in a video posted to facebook twitter and youtube|in a video posted to facebook twitter and youtube|-1|-1
XXEA5teQ-OE--2|Signer01|mr trump told his supporters that i love you before telling them to go home|mr trump told his supporters that i love you before telling them to go home|-1|-1
XXEA5teQ-OE--12|Signer01|hence his account was blocked|hence his account was blocked|-1|-1
XXEA5teQ-OE--16|Signer01|they said they will check the situation and release an update soon|they said they will check the situation and release an update soon|-1|-1
gKAIp7Km-Qk--0|Signer01|supreme court issued an order for missing children like those separated from families|supreme court issued an order for missing children like those separated from families|-1|-1
gKAIp7Km-Qk--16|Signer01|however district child protection unit will be responsible|however district child protection unit will be responsible|-1|-1
KzNXRXCbqj8--4|Signer01|this was a similar case|this was a similar case|-1|-1
KzNXRXCbqj8--9|Signer01|her application was rejected by the joint director|her application was rejected by the joint director|-1|-1
KzNXRXCbqj8--11|Signer01|the daughter then filed a case in the karnataka high court|the daughter then filed a case in the karnataka high court|-1|-1
UdNXXsvESIU--10|Signer01|johnson on 4th january announced that people in england will return to a full lockdown|johnson on 4th january announced that people in england will return to a full lockdown|-1|-1
UdNXXsvESIU--11|Signer01|as per the union health ministry on 5th january|as per the union health ministry on 5th january|-1|-1
UdNXXsvESIU--14|Signer01|several countries including india have imposed travel restrictions on the uk|several countries including india have imposed travel restrictions on the uk|-1|-1
QXsIVtanWdw--4|Signer01|to november 30 it was postponed again to december 31|to november 30 it was postponed again to december 31|-1|-1
QXsIVtanWdw--5|Signer01|this was because of the covid pandemic|this was because of the covid pandemic|-1|-1
kIOy5GJSdzA--0|Signer01|the central ministry of health and family welfare on 4th january announced|the central ministry of health and family welfare on 4th january announced|-1|-1
kIOy5GJSdzA--6|Signer01|cm uddhav thackeray on 4th january 2021|cm uddhav thackeray on 4th january 2021|-1|-1
kIOy5GJSdzA--9|Signer01|passengers returning from the uk to maharashtra|passengers returning from the uk to maharashtra|-1|-1
kIOy5GJSdzA--11|Signer01|this is the reason for the spike in infections|this is the reason for the spike in infections|-1|-1
kIOy5GJSdzA--13|Signer01|the health minister had asked the people to not panic|the health minister had asked the people to not panic|-1|-1
RmkSxdSpv_4--3|Signer01|cricket australia which is like the bcci in india|cricket australia which is like the bcci in india|-1|-1
RmkSxdSpv_4--6|Signer01|or travel by any public transport|or travel by any public transport|-1|-1
RmkSxdSpv_4--8|Signer01|on 1st january 2021 five indian cricketers|on 1st january 2021 five indian cricketers|-1|-1
RmkSxdSpv_4--12|Signer01|the five cricketers had broken the rules|the five cricketers had broken the rules|-1|-1
RmkSxdSpv_4--17|Signer01|when the picture went viral people commented that|when the picture went viral people commented that|-1|-1
I1uK8ZaDSAo--4|Signer01|he had experienced similar pain on 1st january as well|he had experienced similar pain on 1st january as well|-1|-1
I1uK8ZaDSAo--8|Signer01|doctors said that ganguly had suffered a heart attack because|doctors said that ganguly had suffered a heart attack because|-1|-1
I1uK8ZaDSAo--18|Signer01|when news about ganguly heart attack came out|when news about ganguly heart attack came out|-1|-1
I1uK8ZaDSAo--20|Signer01|politicians cricketers etc tweeted as well|politicians cricketers etc tweeted as well|-1|-1
EoE3DPHy6is--5|Signer01|the film stars akshay kumar and is scheduled to release on 2nd april 2021|the film stars akshay kumar and is scheduled to release on 2nd april 2021|-1|-1
EoE3DPHy6is--22|Signer01|it will release on big screen on 4th june 2021|it will release on big screen on 4th june 2021|-1|-1
fgbFqflWfgM--4|Signer01|he then decided to visit it|he then decided to visit it|-1|-1
fgbFqflWfgM--12|Signer01|sonu was very happy to see how much people loved him|sonu was very happy to see how much people loved him|-1|-1
fgbFqflWfgM--13|Signer01|he has promised to visit the place in the future|he has promised to visit the place in the future|-1|-1
ULduOZwlsIk--1|Signer01|on 29th december 2020 the indian health ministry announced that|on 29th december 2020 the indian health ministry announced that|-1|-1
ULduOZwlsIk--10|Signer01|the centre has issued strict guidelines to the states|the centre has issued strict guidelines to the states|-1|-1
ULduOZwlsIk--13|Signer01|till now the new uk variant has already been reported in|till now the new uk variant has already been reported in|-1|-1
ULduOZwlsIk--16|Signer01|canada japan singapore and australia|canada japan singapore and australia|-1|-1
uckKSRRKBTM--1|Signer01|the local authorities announced that people who are found outside without masks|the local authorities announced that people who are found outside without masks|-1|-1
uckKSRRKBTM--6|Signer01|it means when a person is going without mask stop the person|it means when a person is going without mask stop the person|-1|-1
uckKSRRKBTM--11|Signer01|20 people have been caught without masks and|20 people have been caught without masks and|-1|-1
uckKSRRKBTM--14|Signer01|earlier madhya pradesh government had launched an app|earlier madhya pradesh government had launched an app|-1|-1
uckKSRRKBTM--15|Signer01|which gave important information related to covid-19|which gave important information related to covid-19|-1|-1
2mGdQFEbRX0--2|Signer01|since long due to coronavirus student have not been coming to school|since long due to coronavirus student have not been coming to school|-1|-1
2mGdQFEbRX0--12|Signer01|we hope with this announcement it will help many students to continue their online classes|we hope with this announcement it will help many students to continue their online classes|-1|-1
bgMDNcgPZV8--1|Signer01|permission has been granted by both the central and state governments|permission has been granted by both the central and state governments|-1|-1
bgMDNcgPZV8--6|Signer01|however now it is most likely to get completed in 2 years|however now it is most likely to get completed in 2 years|-1|-1
bgMDNcgPZV8--8|Signer01|the animals have been kept ready while the work is going on|the animals have been kept ready while the work is going on|-1|-1
gRk_GFl-Erc--14|Signer01|republic bharat has also been directed not to repeat the programme in the future|republic bharat has also been directed not to repeat the programme in the future|-1|-1
mkzU_NlkT1M--1|Signer01|the country has now issued a lockdown|the country has now issued a lockdown|-1|-1
mkzU_NlkT1M--2|Signer01|india on 21st december announced|india on 21st december announced|-1|-1
mkzU_NlkT1M--8|Signer01|1 passenger has tested positive|1 passenger has tested positive|-1|-1
mkzU_NlkT1M--11|Signer01|4 passengers including a british national who arrived at ahmedabad tested positive for the coronavirus|4 passengers including a british national who arrived at ahmedabad tested positive for the coronavirus|-1|-1
mkzU_NlkT1M--12|Signer01|7 passengers who arrived from the uk tested positive for covid-19 in punjab|7 passengers who arrived from the uk tested positive for covid-19 in punjab|-1|-1
eOUyXD_8Ik4--6|Signer01|here are the countries that banned travel to and from uk|here are the countries that banned travel to and from uk|-1|-1
eOUyXD_8Ik4--11|Signer01|the country will be under a lockdown from 25th december 2020 to 3rd january 2021|the country will be under a lockdown from 25th december 2020 to 3rd january 2021|-1|-1
eOUyXD_8Ik4--12|Signer01|in germany to keep people at home during the holiday season|in germany to keep people at home during the holiday season|-1|-1
eOUyXD_8Ik4--13|Signer01|the country has imposed the lockdown until 10th january 2021|the country has imposed the lockdown until 10th january 2021|-1|-1
eOUyXD_8Ik4--30|Signer01|has received his first dose of the covid-19 vaccine on live television|has received his first dose of the covid-19 vaccine on live television|-1|-1
EWKy0ca_Peo--0|Signer01|the maharashtra government on 21st december declared a night curfew across maharashtra|the maharashtra government on 21st december declared a night curfew across maharashtra|-1|-1
EWKy0ca_Peo--2|Signer01|from december 22 to january 5|from december 22 to january 5|-1|-1
EWKy0ca_Peo--5|Signer01|in a lockdown individuals cannot step out of their homes|in a lockdown individuals cannot step out of their homes|-1|-1
EWKy0ca_Peo--11|Signer01|the maharashtra government has put strict rules for|the maharashtra government has put strict rules for|-1|-1
EWKy0ca_Peo--17|Signer01|from 10 00am on 22nd december to 10 00am 23rd december|from 10 00am on 22nd december to 10 00am 23rd december|-1|-1
oRdYvd9TlMg--18|Signer01|there is another benefit also|there is another benefit also|-1|-1
EDOx0MPrLv8--0|Signer01|on 5th december 2020 times of india group announced that|on 5th december 2020 times of india group announced that|-1|-1
EDOx0MPrLv8--11|Signer01|this is why with a heavy heart the group has decided|this is why with a heavy heart the group has decided|-1|-1
7CIB8on0JZc--1|Signer01|nurses had put forward 23 demands|nurses had put forward 23 demands|-1|-1
7CIB8on0JZc--5|Signer01|the government had called them for a meeting last year|the government had called them for a meeting last year|-1|-1
7CIB8on0JZc--11|Signer01|even the delhi high court said they could not continue their strike|even the delhi high court said they could not continue their strike|-1|-1
7CIB8on0JZc--12|Signer01|that when the nurses called off the strike on 15th december night|that when the nurses called off the strike on 15th december night|-1|-1
7CIB8on0JZc--15|Signer01|currently many are infected with covid so lets be united to treat them|currently many are infected with covid so lets be united to treat them|-1|-1
UR-u1dErvP0--0|Signer01|yesterday on 10th december prime minister modi arrived at the ground near the old parliament|yesterday on 10th december prime minister modi arrived at the ground near the old parliament|-1|-1
UR-u1dErvP0--2|Signer01|have a look at the new parliament|have a look at the new parliament|-1|-1
UR-u1dErvP0--11|Signer01|you can lay the foundation stone|you can lay the foundation stone|-1|-1
UR-u1dErvP0--16|Signer01|the entire project will cost rs 20 000 crore|the entire project will cost rs 20 000 crore|-1|-1
UR-u1dErvP0--17|Signer01|the new parliament building will alone cost rs 1 000 crore|the new parliament building will alone cost rs 1 000 crore|-1|-1
Z34wcVlC2RE--1|Signer01|even though australia beat india in 3rd match on 8th december|even though australia beat india in 3rd match on 8th december|-1|-1
Z34wcVlC2RE--3|Signer01|it was an interesting and close battle between two teams in this series|it was an interesting and close battle between two teams in this series|-1|-1
Z34wcVlC2RE--6|Signer01|in the indian cricket team for matches against australia|in the indian cricket team for matches against australia|-1|-1
zzBkRDOa4vQ--4|Signer01|it increased again yesterday for the 6th day in a row|it increased again yesterday for the 6th day in a row|-1|-1
ozS8Mx8AdH8--12|Signer01|and offered the option to get new cars delivered at home|and offered the option to get new cars delivered at home|-1|-1
6WKkMYSIsg0--4|Signer01|according to the notice 10 days after receiving the dose|according to the notice 10 days after receiving the dose|-1|-1
6WKkMYSIsg0--8|Signer01|the notice said that after the dose on 1st october|the notice said that after the dose on 1st october|-1|-1
JC2E6UPAmgA--0|Signer01|covid-19 pandemic has forced most senior citizens to stay inside their homes|covid-19 pandemic has forced most senior citizens to stay inside their homes|-1|-1
nZ9P66KVB10--0|Signer01|currently in delhi thousands of farmers are protesting for the last 8 days|currently in delhi thousands of farmers are protesting for the last 8 days|-1|-1
nZ9P66KVB10--1|Signer01|they are protesting the 3 farm laws that were passed by the government|they are protesting the 3 farm laws that were passed by the government|-1|-1
nZ9P66KVB10--3|Signer01|had a meeting with the government for the 4th time|had a meeting with the government for the 4th time|-1|-1
nZ9P66KVB10--11|Signer01|at the meeting farmers were offered lunch by the government|at the meeting farmers were offered lunch by the government|-1|-1
nZ9P66KVB10--13|Signer01|the farmers even refused to have tea in the evening with the ministers|the farmers even refused to have tea in the evening with the ministers|-1|-1
K4eNr2k2Lls--9|Signer01|in the final match sri lanka beat india and won the world cup|in the final match sri lanka beat india and won the world cup|-1|-1
K4eNr2k2Lls--12|Signer01|the match was won by maharashtra|the match was won by maharashtra|-1|-1
K4eNr2k2Lls--14|Signer01|international deaf cricket series when south africa won and india lost the final|international deaf cricket series when south africa won and india lost the final|-1|-1
K4eNr2k2Lls--15|Signer01|from 28th january to 3rd february 2020|from 28th january to 3rd february 2020|-1|-1
K4eNr2k2Lls--20|Signer01|it was hosted by telangana deaf cricket association|it was hosted by telangana deaf cricket association|-1|-1
C6yPDcZh7Rc--11|Signer01|but in july 2019 rbi stopped those charges the aim was to promote digital transactions|but in july 2019 rbi stopped those charges the aim was to promote digital transactions|-1|-1
wLj6utYgdSE--4|Signer01|have been spreading news for many days saying|have been spreading news for many days saying|-1|-1
wLj6utYgdSE--7|Signer01|chinese scientists are saying that the covid-19 virus could have entered china through foreign countries|chinese scientists are saying that the covid-19 virus could have entered china through foreign countries|-1|-1
wLj6utYgdSE--11|Signer01|the virus entered from outside china|the virus entered from outside china|-1|-1
Lt5GAA6MIuM--14|Signer01|they do not care if we reach home late|they do not care if we reach home late|-1|-1
Lt5GAA6MIuM--16|Signer01|we fear losing our jobs so we continue working|we fear losing our jobs so we continue working|-1|-1
Lt5GAA6MIuM--24|Signer01|workers should also not be made to work for over nine hours in a day|workers should also not be made to work for over nine hours in a day|-1|-1
Lt5GAA6MIuM--28|Signer01|once the report was published all four brands|once the report was published all four brands|-1|-1
Lt5GAA6MIuM--30|Signer01|they were shocked and would investigate the matter|they were shocked and would investigate the matter|-1|-1
jMdxYlvrkbk--6|Signer01|then an application can be made to the icc to allow the player|then an application can be made to the icc to allow the player|-1|-1
b43KMDbzOnQ--4|Signer01|many chose to ignore society pressure|many chose to ignore society pressure|-1|-1
b43KMDbzOnQ--6|Signer01|she has decided to have a baby later in life|she has decided to have a baby later in life|-1|-1
b43KMDbzOnQ--11|Signer01|i want to spend time with my husband and build a good relationship with him|i want to spend time with my husband and build a good relationship with him|-1|-1
b43KMDbzOnQ--22|Signer01|it is right to marry when the person is more experienced|it is right to marry when the person is more experienced|-1|-1
b43KMDbzOnQ--23|Signer01|we must remember not to force couple to have kids immediately after marriage|we must remember not to force couple to have kids immediately after marriage|-1|-1
CwKHPZti8NE--2|Signer01|thousands of farmers are protesting against central government three new farm laws|thousands of farmers are protesting against central government three new farm laws|-1|-1
CwKHPZti8NE--11|Signer01|the farmers did not lose hope and managed to cross the border into delhi|the farmers did not lose hope and managed to cross the border into delhi|-1|-1
CwKHPZti8NE--16|Signer01|a group of around 200 men from punjab on their way to delhi|a group of around 200 men from punjab on their way to delhi|-1|-1
CwKHPZti8NE--21|Signer01|farm union leaders have called 3 lakh farmers to participate in the protest march|farm union leaders have called 3 lakh farmers to participate in the protest march|-1|-1
CwKHPZti8NE--25|Signer01|and invited them for talks on 3rd december|and invited them for talks on 3rd december|-1|-1
rv_kOmwKP30--9|Signer01|and it will not save on your phone as well|and it will not save on your phone as well|-1|-1
rv_kOmwKP30--14|Signer01|whatsapp said the update was made because people are flooded with messages daily|whatsapp said the update was made because people are flooded with messages daily|-1|-1
rv_kOmwKP30--18|Signer01|important chats if turned off will remain as is|important chats if turned off will remain as is|-1|-1
4AaYPCJ-5uc--9|Signer01|many more such testing facilities will come up in different parts of india soon|many more such testing facilities will come up in different parts of india soon|-1|-1
WLotPpf0FcA--2|Signer01|this launch is inspired by narendra modi digital india initiative|this launch is inspired by narendra modi digital india initiative|-1|-1
WLotPpf0FcA--13|Signer01|all these events were launched on 8th november|all these events were launched on 8th november|-1|-1
gW8AgutYBbg--8|Signer01|“ i cannot believe that my childhood dream has come true today|“ i cannot believe that my childhood dream has come true today|-1|-1
gW8AgutYBbg--9|Signer01|after winning he posted a picture on instagram along with the three judges|after winning he posted a picture on instagram along with the three judges|-1|-1
gW8AgutYBbg--11|Signer01|thank you so much everyone|thank you so much everyone|-1|-1
mF1YVr_yS4E--0|Signer01|rajasthan government on 21st november imposed night curfew|rajasthan government on 21st november imposed night curfew|-1|-1
mF1YVr_yS4E--1|Signer01|between 8 p m and 6 a m in eight cities|between 8 p m and 6 a m in eight cities|-1|-1
mF1YVr_yS4E--9|Signer01|senior officers of the medical & health department informed|senior officers of the medical & health department informed|-1|-1
mF1YVr_yS4E--15|Signer01|that is why there are more cases|that is why there are more cases|-1|-1
mF1YVr_yS4E--19|Signer01|he added we have to decide whether we want to go for a lockdown or|he added we have to decide whether we want to go for a lockdown or|-1|-1
wAh6gnvKR54--1|Signer01|it will make its platform free from the 5th december to 6th december in india|it will make its platform free from the 5th december to 6th december in india|-1|-1
wAh6gnvKR54--4|Signer01|it will be free for 2 days|it will be free for 2 days|-1|-1
wAh6gnvKR54--10|Signer01|to access netflix free 2 day service visit this link|to access netflix free 2 day service visit this link|-1|-1
wAh6gnvKR54--13|Signer01|you all can enjoy|you all can enjoy|-1|-1
wAh6gnvKR54--23|Signer01|the world was shocked by seeing such a service for the first time|the world was shocked by seeing such a service for the first time|-1|-1
2rKO-ZRUyKg--0|Signer01|in some cities of madhya pradesh and gujarat night curfew has been imposed|in some cities of madhya pradesh and gujarat night curfew has been imposed|-1|-1
2rKO-ZRUyKg--1|Signer01|from 21st november amid a spike in covid-19 cases|from 21st november amid a spike in covid-19 cases|-1|-1
2rKO-ZRUyKg--8|Signer01|from 21st november between 9 00 pm and 6 00 am|from 21st november between 9 00 pm and 6 00 am|-1|-1
2rKO-ZRUyKg--9|Signer01|he said “the curfew will remain in force until further announcement|he said “the curfew will remain in force until further announcement|-1|-1
2rKO-ZRUyKg--15|Signer01|the decision to impose the night curfew was taken at a meeting by|the decision to impose the night curfew was taken at a meeting by|-1|-1
asGok2kdceQ--4|Signer01|since then he has been suffering in pakistan jail|since then he has been suffering in pakistan jail|-1|-1
8-k1sP0LdNE--4|Signer01|only the police will be allowed to stay outside|only the police will be allowed to stay outside|-1|-1
8-k1sP0LdNE--10|Signer01|he was 45 years old|he was 45 years old|-1|-1
8-k1sP0LdNE--14|Signer01|however some groups are trying to create trouble|however some groups are trying to create trouble|-1|-1
uQH7m24oKLw--2|Signer01|this is a rule created by the election commission|this is a rule created by the election commission|-1|-1
uQH7m24oKLw--6|Signer01|the two reports submitted to the election commission said that|the two reports submitted to the election commission said that|-1|-1
uQH7m24oKLw--7|Signer01|on the surface everything looks fine|on the surface everything looks fine|-1|-1
nXA9Qpj2z7E--11|Signer01|the pakistan government arrested him but released him soon|the pakistan government arrested him but released him soon|-1|-1
nXA9Qpj2z7E--13|Signer01|the pulwama attack was also planned by him|the pulwama attack was also planned by him|-1|-1
tRK20N3QZp8--1|Signer01|it aim is to send 3 indians to space for at least 7 days|it aim is to send 3 indians to space for at least 7 days|-1|-1
tRK20N3QZp8--2|Signer01|in the world after america russia and china if this project is successful|in the world after america russia and china if this project is successful|-1|-1
tRK20N3QZp8--3|Signer01|india will become the fourth country to send humans in space|india will become the fourth country to send humans in space|-1|-1
tRK20N3QZp8--7|Signer01|isro chairman said that before the final mission in 2022|isro chairman said that before the final mission in 2022|-1|-1
cUc0iuCCQ_c--1|Signer01|a senior journalist working with the chinese government|a senior journalist working with the chinese government|-1|-1
z3MIZPdvC34--0|Signer01|in mumbai a 28 year old ola cab driver|in mumbai a 28 year old ola cab driver|-1|-1
z3MIZPdvC34--8|Signer01|3 men sat inside the cab 2 behind and 1 next to him|3 men sat inside the cab 2 behind and 1 next to him|-1|-1
z3MIZPdvC34--9|Signer01|after a while another man sat inside the cab|after a while another man sat inside the cab|-1|-1
z3MIZPdvC34--12|Signer01|they made him drive to an empty location|they made him drive to an empty location|-1|-1
z3MIZPdvC34--24|Signer01|where he filed an fir|where he filed an fir|-1|-1
5Zb1sQm_FdE--1|Signer01|this is why the ahmedabad administration has decided to impose a complete curfew|this is why the ahmedabad administration has decided to impose a complete curfew|-1|-1
5Zb1sQm_FdE--2|Signer01|from 20th november night to 23rd november|from 20th november night to 23rd november|-1|-1
5Zb1sQm_FdE--3|Signer01|only shops selling milk and medicines will remain open|only shops selling milk and medicines will remain open|-1|-1
LxGCvExzQYo--13|Signer01|and trump would get access whenever he happens to be in town|and trump would get access whenever he happens to be in town|-1|-1
g0JhT6Dfp5M--8|Signer01|air pollution was another reason for the rise in infections|air pollution was another reason for the rise in infections|-1|-1
g0JhT6Dfp5M--10|Signer01|which is why the number of cases has increased|which is why the number of cases has increased|-1|-1
g0JhT6Dfp5M--13|Signer01|the people of delhi are not happy|the people of delhi are not happy|-1|-1
R4XnB75nCS8--1|Signer01|the tournament was managed by the bcci|the tournament was managed by the bcci|-1|-1
R4XnB75nCS8--4|Signer01|the bcci has now successfully completed the tournament in november|the bcci has now successfully completed the tournament in november|-1|-1
R4XnB75nCS8--6|Signer01|according to reports since there is hardly any time left for the 2021 ipl|according to reports since there is hardly any time left for the 2021 ipl|-1|-1
R4XnB75nCS8--10|Signer01|in an interesting turn of events|in an interesting turn of events|-1|-1
R4XnB75nCS8--11|Signer01|the bcci is also planning to include a 9th team from ahmedabad gujarat|the bcci is also planning to include a 9th team from ahmedabad gujarat|-1|-1
tPR75kFz2fg--2|Signer01|they won the election last week|they won the election last week|-1|-1
tPR75kFz2fg--5|Signer01|he was elected for the 4th time|he was elected for the 4th time|-1|-1
tPR75kFz2fg--16|Signer01|farmers contract workers and teachers of bihar what they are going through|farmers contract workers and teachers of bihar what they are going through|-1|-1
TK3ffYWimUw--24|Signer01|i have already given her approximately rs 2 5 crore|i have already given her approximately rs 2 5 crore|-1|-1
TK3ffYWimUw--25|Signer01|i have promised her i will pay up the rest of the money ”|i have promised her i will pay up the rest of the money ”|-1|-1
TK3ffYWimUw--27|Signer01|i promised i will pay the balance|i promised i will pay the balance|-1|-1
TK3ffYWimUw--29|Signer01|according to reports sanjay was really in love with rhea|according to reports sanjay was really in love with rhea|-1|-1
TK3ffYWimUw--30|Signer01|they were married for 10 years|they were married for 10 years|-1|-1
LqHYiFlTH08--15|Signer01|out of these 17 000 gave the movie only 1 star|out of these 17 000 gave the movie only 1 star|-1|-1
BtSeT5N3FTs--5|Signer01|the event was scheduled to start on 22nd november this year for 9 days|the event was scheduled to start on 22nd november this year for 9 days|-1|-1
sthYVofld4Q--6|Signer01|agriculture was something that always interested her she always loved to grow things|agriculture was something that always interested her she always loved to grow things|-1|-1
sthYVofld4Q--9|Signer01|and also a few fruits and vegetables that she used for the family|and also a few fruits and vegetables that she used for the family|-1|-1
sthYVofld4Q--14|Signer01|despite her old age she continue working hard is not that surprising|despite her old age she continue working hard is not that surprising|-1|-1
sthYVofld4Q--27|Signer01|if you work hard be positive eat healthy on a daily basis|if you work hard be positive eat healthy on a daily basis|-1|-1
sthYVofld4Q--28|Signer01|then you will remain fit and healthy|then you will remain fit and healthy|-1|-1
_tlsLkAskkY--11|Signer01|this is sign for american constitution like we have a sign for the indian constitution|this is sign for american constitution like we have a sign for the indian constitution|-1|-1
_tlsLkAskkY--12|Signer01|according to the us constitution trump will automatically stop being the president from 20th january|according to the us constitution trump will automatically stop being the president from 20th january|-1|-1
_tlsLkAskkY--16|Signer01|one former us official and two experts said|one former us official and two experts said|-1|-1
_tlsLkAskkY--30|Signer01|this is because 3 out of the 9 judges were elected by trump|this is because 3 out of the 9 judges were elected by trump|-1|-1
_tlsLkAskkY--41|Signer01|biden will also hold a meeting to discuss the coronavirus situation on 9th november 2020|biden will also hold a meeting to discuss the coronavirus situation on 9th november 2020|-1|-1
uraIVzplmoE--4|Signer01|whatsapp was allowed to have only 1 million users to test the transactions|whatsapp was allowed to have only 1 million users to test the transactions|-1|-1
uraIVzplmoE--12|Signer01|it will increase competition in the market|it will increase competition in the market|-1|-1
wXvYzhPuFxw--5|Signer01|the court has ordered that abortion for any other reason will not be allowed|the court has ordered that abortion for any other reason will not be allowed|-1|-1
wXvYzhPuFxw--6|Signer01|when the court announced the decision women in poland walked off the job and|when the court announced the decision women in poland walked off the job and|-1|-1
wXvYzhPuFxw--7|Signer01|and took to the streets to protest against the decision|and took to the streets to protest against the decision|-1|-1
wXvYzhPuFxw--21|Signer01|due to the country strict abortion laws|due to the country strict abortion laws|-1|-1
abROvY6usXU--1|Signer01|he has now passed away in mumbai on 4th november he was 46 years old|he has now passed away in mumbai on 4th november he was 46 years old|-1|-1
abROvY6usXU--14|Signer01|and that rs 25 lakh was needed for treatment|and that rs 25 lakh was needed for treatment|-1|-1
m3Mmtpr-jjA--7|Signer01|when the police handed her the notice for arnab arrest|when the police handed her the notice for arnab arrest|-1|-1
m3Mmtpr-jjA--21|Signer01|1 year later in 2019 the police closed the case|1 year later in 2019 the police closed the case|-1|-1
m3Mmtpr-jjA--22|Signer01|because there was no proof against arnab|because there was no proof against arnab|-1|-1
m3Mmtpr-jjA--31|Signer01|currently there are many cases filed against republic tv|currently there are many cases filed against republic tv|-1|-1
m3Mmtpr-jjA--39|Signer01|they have called it an attack on freedom of the press|they have called it an attack on freedom of the press|-1|-1
ur9gfiurgNg--4|Signer01|people were shocked to hear about her retirement|people were shocked to hear about her retirement|-1|-1
ur9gfiurgNg--8|Signer01|this pandemic has opened my eyes|this pandemic has opened my eyes|-1|-1
ur9gfiurgNg--12|Signer01|i read so many heartbreaking stories about the lockdown and covid-19 online|i read so many heartbreaking stories about the lockdown and covid-19 online|-1|-1
ur9gfiurgNg--16|Signer01|no that not the case|no that not the case|-1|-1
F2B5Iin8gM4--6|Signer01|on 1st november turkey disaster management department said|on 1st november turkey disaster management department said|-1|-1
F2B5Iin8gM4--15|Signer01|two youth a boy and a girl died after a wall collapsed on them|two youth a boy and a girl died after a wall collapsed on them|-1|-1
fe3FtHz7ilE--4|Signer01|they have also told airlines that if they do not follow the rules|they have also told airlines that if they do not follow the rules|-1|-1
fe3FtHz7ilE--13|Signer01|there were a few television journalists also on board|there were a few television journalists also on board|-1|-1
fe3FtHz7ilE--15|Signer01|and a video of the incident shot by another passenger went viral|and a video of the incident shot by another passenger went viral|-1|-1
fe3FtHz7ilE--19|Signer01|the ban will be from 15th october to 30th october|the ban will be from 15th october to 30th october|-1|-1
gd3Gu5lY8qw--2|Signer01|she is the first transgender woman appointed as the vice prime minister|she is the first transgender woman appointed as the vice prime minister|-1|-1
gd3Gu5lY8qw--5|Signer01|europe has many transgender people in politics|europe has many transgender people in politics|-1|-1
gd3Gu5lY8qw--9|Signer01|female or male does not matter|female or male does not matter|-1|-1
gd3Gu5lY8qw--27|Signer01|now if their work is good they are elected|now if their work is good they are elected|-1|-1
ELSQB4YDS8Q--2|Signer01|there he tested positive for covid-19|there he tested positive for covid-19|-1|-1
ELSQB4YDS8Q--9|Signer01|mahesh was a member of parliament 3 times|mahesh was a member of parliament 3 times|-1|-1
5K_8j-9WtX0--2|Signer01|from 31st july 2020 to 30 november 2021|from 31st july 2020 to 30 november 2021|-1|-1
5K_8j-9WtX0--3|Signer01|now on 24th october the finance ministry on 24th october announced|now on 24th october the finance ministry on 24th october announced|-1|-1
5K_8j-9WtX0--5|Signer01|the government has extended the last date for the payment tax|the government has extended the last date for the payment tax|-1|-1
5K_8j-9WtX0--8|Signer01|has been extended by the government by two months till january 31 2021|has been extended by the government by two months till january 31 2021|-1|-1
5K_8j-9WtX0--10|Signer01|has also been extended from november 30 2020 to january 31 2021|has also been extended from november 30 2020 to january 31 2021|-1|-1
m0eI4O2b5Kg--3|Signer01|what was the fir is about|what was the fir is about|-1|-1
m0eI4O2b5Kg--7|Signer01|he later refused to marry her|he later refused to marry her|-1|-1
m0eI4O2b5Kg--9|Signer01|later she found that she was pregnant|later she found that she was pregnant|-1|-1
m0eI4O2b5Kg--14|Signer01|the woman was angry and went on to file a complaint|the woman was angry and went on to file a complaint|-1|-1
m0eI4O2b5Kg--16|Signer01|when the woman shifted to delhi|when the woman shifted to delhi|-1|-1
Z9ja834G4XM--3|Signer01|since the coronavirus outbreak in the country|since the coronavirus outbreak in the country|-1|-1
Z9ja834G4XM--8|Signer01|as it was important to contain the coronavirus in the country|as it was important to contain the coronavirus in the country|-1|-1
Z9ja834G4XM--24|Signer01|to contain the infections in india|to contain the infections in india|-1|-1
Z9ja834G4XM--25|Signer01|if people do not follow safety measure their will be a rise in cases|if people do not follow safety measure their will be a rise in cases|-1|-1
Z9ja834G4XM--33|Signer01|pm modi also asked media personnel and people on social media|pm modi also asked media personnel and people on social media|-1|-1
kRdl1XVibFY--9|Signer01|and a committee member said|and a committee member said|-1|-1
kRdl1XVibFY--12|Signer01|he said their research use a very different method|he said their research use a very different method|-1|-1
kRdl1XVibFY--14|Signer01|the first type of patients were those that visit doctors when sick and test positive|the first type of patients were those that visit doctors when sick and test positive|-1|-1
kRdl1XVibFY--15|Signer01|such cases are reported to the government and a data is maintained|such cases are reported to the government and a data is maintained|-1|-1
kRdl1XVibFY--18|Signer01|the committee has warned that if the government and citizens|the committee has warned that if the government and citizens|-1|-1
ICP_hxUc5XA--5|Signer01|a health ministry official said that the victims included members of security forces|a health ministry official said that the victims included members of security forces|-1|-1
ICP_hxUc5XA--10|Signer01|there are people with serious injuries the death toll is expected to rise|there are people with serious injuries the death toll is expected to rise|-1|-1
ICP_hxUc5XA--16|Signer01|despite the talks the violence still continues|despite the talks the violence still continues|-1|-1
ICP_hxUc5XA--17|Signer01|there are reports that|there are reports that|-1|-1
ZYWFXNAyBE8--7|Signer01|now mr kejriwal has won the india 500 ceo awards 2020|now mr kejriwal has won the india 500 ceo awards 2020|-1|-1
kx6yqChkpxg--6|Signer01|she cooked all these items within an hour and amazed everyone|she cooked all these items within an hour and amazed everyone|-1|-1
kx6yqChkpxg--12|Signer01|her name is now in the asia book of records|her name is now in the asia book of records|-1|-1
GNj1_zqA6fc--12|Signer01|but suddenly the coronavirus lockdown was announced|but suddenly the coronavirus lockdown was announced|-1|-1
GNj1_zqA6fc--17|Signer01|how long will it go on|how long will it go on|-1|-1
GNj1_zqA6fc--20|Signer01|but for people like us it is difficult|but for people like us it is difficult|-1|-1
GNj1_zqA6fc--23|Signer01|people may say i should have taken other jobs but there is a lockdown|people may say i should have taken other jobs but there is a lockdown|-1|-1
GNj1_zqA6fc--24|Signer01|this is why he may have to sell his bike|this is why he may have to sell his bike|-1|-1
OwktW3dKkRM--4|Signer01|during this time coronavirus cases may increase|during this time coronavirus cases may increase|-1|-1
OwktW3dKkRM--22|Signer01|government has decided whom the vaccine will be given first|government has decided whom the vaccine will be given first|-1|-1
OwktW3dKkRM--24|Signer01|since they are are working hard with the covid patients|since they are are working hard with the covid patients|-1|-1
OwktW3dKkRM--25|Signer01|and are at a higher risk of getting the infections|and are at a higher risk of getting the infections|-1|-1
OwktW3dKkRM--30|Signer01|after that the vaccine will be given to the general public|after that the vaccine will be given to the general public|-1|-1
vyBaeFU8J_k--3|Signer01|gupta then decided to rescue the woman when her team found her|gupta then decided to rescue the woman when her team found her|-1|-1
vyBaeFU8J_k--7|Signer01|and had been married for 17 years|and had been married for 17 years|-1|-1
vyBaeFU8J_k--8|Signer01|the officials were very sad to see her condition|the officials were very sad to see her condition|-1|-1
vyBaeFU8J_k--20|Signer01|the woman has three children who are all under the age of 18|the woman has three children who are all under the age of 18|-1|-1
GpRzoLjVHdo--0|Signer01|hyderabad and other parts of telangana have received heavy rainfall|hyderabad and other parts of telangana have received heavy rainfall|-1|-1
GpRzoLjVHdo--10|Signer01|there were many pictures and videos of the damage caused by rains on social media|there were many pictures and videos of the damage caused by rains on social media|-1|-1
Lf5n75uSLBg--3|Signer01|have filed a case in the delhi high court against two top news channels|have filed a case in the delhi high court against two top news channels|-1|-1
Lf5n75uSLBg--10|Signer01|famous celebrities salman khan shah rukh khan|famous celebrities salman khan shah rukh khan|-1|-1
Lf5n75uSLBg--11|Signer01|karan johar and aamir khan are part of the case|karan johar and aamir khan are part of the case|-1|-1
Lf5n75uSLBg--14|Signer01|the complaint was also filed by our film industry associations|the complaint was also filed by our film industry associations|-1|-1
X_kA9-nOWuo--0|Signer01|on 11th october the french open 2020 - a tennis tournament - was held between|on 11th october the french open 2020 - a tennis tournament - was held between|-1|-1
X_kA9-nOWuo--4|Signer01|in total he has won the french open 13 times|in total he has won the french open 13 times|-1|-1
VKILWg9rZIo--5|Signer01|the maharashtra government declared that they will cut 2 700 trees|the maharashtra government declared that they will cut 2 700 trees|-1|-1
VKILWg9rZIo--7|Signer01|many of them were arrested as well|many of them were arrested as well|-1|-1
VKILWg9rZIo--14|Signer01|now maharashtra chief minister uddhav thackeray announced|now maharashtra chief minister uddhav thackeray announced|-1|-1
VKILWg9rZIo--22|Signer01|thackeray also said|thackeray also said|-1|-1
EEAnavyDf2o--6|Signer01|have a look at a video clip|have a look at a video clip|-1|-1
EEAnavyDf2o--7|Signer01|such a wonderful video|such a wonderful video|-1|-1
EEAnavyDf2o--13|Signer01|captain mishra said fortunately there were two famous doctors on the flight|captain mishra said fortunately there were two famous doctors on the flight|-1|-1
EEAnavyDf2o--21|Signer01|the doctors confirmed that the mother and child are doing well|the doctors confirmed that the mother and child are doing well|-1|-1
EEAnavyDf2o--23|Signer01|once they landed she was taken to the hospital where she is safe|once they landed she was taken to the hospital where she is safe|-1|-1
VwaiEsR-fuQ--6|Signer01|the bjp mla replied and said|the bjp mla replied and said|-1|-1
VwaiEsR-fuQ--8|Signer01|such incidents are only happening because of women the government is not at fault|such incidents are only happening because of women the government is not at fault|-1|-1
VwaiEsR-fuQ--9|Signer01|it is the parents responsibility to teach their daughter indian culture|it is the parents responsibility to teach their daughter indian culture|-1|-1
VwaiEsR-fuQ--19|Signer01|men must be taught not to rape women|men must be taught not to rape women|-1|-1
VwaiEsR-fuQ--20|Signer01|they must be taught about a woman human right and to respect them|they must be taught about a woman human right and to respect them|-1|-1
I7i21BmN-ks--4|Signer01|plus a certain percentage in the profit share|plus a certain percentage in the profit share|-1|-1
I7i21BmN-ks--5|Signer01|but due to current covid-19 lockdown situation|but due to current covid-19 lockdown situation|-1|-1
I7i21BmN-ks--13|Signer01|only the cast and language will be changed to hindi|only the cast and language will be changed to hindi|-1|-1
I7i21BmN-ks--16|Signer01|the movie is about this man|the movie is about this man|-1|-1
m1ivuENAXSQ--15|Signer01|while writing they come up on the title|while writing they come up on the title|-1|-1
m1ivuENAXSQ--17|Signer01|after that she started writing her book|after that she started writing her book|-1|-1
m1ivuENAXSQ--18|Signer01|priyanka chopra said that i have a long list of things i want to achieve|priyanka chopra said that i have a long list of things i want to achieve|-1|-1
m1ivuENAXSQ--28|Signer01|she suffered and had bad experiences|she suffered and had bad experiences|-1|-1
m1ivuENAXSQ--42|Signer01|she is also acting in several films|she is also acting in several films|-1|-1
SKml0MO_HEg--10|Signer01|the couple shared their story and the video went viral|the couple shared their story and the video went viral|-1|-1
SKml0MO_HEg--15|Signer01|prasad broke down and showed a rs 10 note in a box|prasad broke down and showed a rs 10 note in a box|-1|-1
SKml0MO_HEg--17|Signer01|in four hours he could earn only about rs 50|in four hours he could earn only about rs 50|-1|-1
SKml0MO_HEg--25|Signer01|many celebrities and sports persons shared posts on social media to support them|many celebrities and sports persons shared posts on social media to support them|-1|-1
SKml0MO_HEg--29|Signer01|all my stress went away when i saw so many customers|all my stress went away when i saw so many customers|-1|-1
9bKUuytOPkc--1|Signer01|was a minister in prime minister narendra modi cabinet|was a minister in prime minister narendra modi cabinet|-1|-1
9bKUuytOPkc--10|Signer01|the same will be done in state capitals across the country|the same will be done in state capitals across the country|-1|-1
9bKUuytOPkc--14|Signer01|pm modi tweet read|pm modi tweet read|-1|-1
9bKUuytOPkc--21|Signer01|he has worked with six prime ministers in his life time|he has worked with six prime ministers in his life time|-1|-1
9bKUuytOPkc--28|Signer01|since then he has been a strong political leader in india|since then he has been a strong political leader in india|-1|-1
0p2otg5QjAk--19|Signer01|there was nothing else planned|there was nothing else planned|-1|-1
9ePCpdtDf00--5|Signer01|the maharashtra state government has now set up a committee|the maharashtra state government has now set up a committee|-1|-1
9ePCpdtDf00--19|Signer01|now maharashtra is the first state to take such a step|now maharashtra is the first state to take such a step|-1|-1
Y7ky9Q9QMlc--2|Signer01|they arrested her because of several whatsapp chats in which she discussed buying drugs|they arrested her because of several whatsapp chats in which she discussed buying drugs|-1|-1
Y7ky9Q9QMlc--15|Signer01|but sushant would always ignore her|but sushant would always ignore her|-1|-1
Y7ky9Q9QMlc--19|Signer01|at the bail hearing the ncb said that|at the bail hearing the ncb said that|-1|-1
Y7ky9Q9QMlc--25|Signer01|the court also said that just because she bought drugs for sushant|the court also said that just because she bought drugs for sushant|-1|-1
Y7ky9Q9QMlc--38|Signer01|rhea left the jail in a car with its windows covered in newspapers|rhea left the jail in a car with its windows covered in newspapers|-1|-1
gHxfkMnpEms--7|Signer01|however they broke many rules|however they broke many rules|-1|-1
LF0bHV5BDRY--1|Signer01|they train deaf individuals to become isl teachers|they train deaf individuals to become isl teachers|-1|-1
LF0bHV5BDRY--8|Signer01|in both hindu and english languages|in both hindu and english languages|-1|-1
3XUcBB0gohU--3|Signer01|hurt his ring finger|hurt his ring finger|-1|-1
3XUcBB0gohU--4|Signer01|a source from mishra management team has said|a source from mishra management team has said|-1|-1
3XUcBB0gohU--6|Signer01|delhi capital issued a statement saying|delhi capital issued a statement saying|-1|-1
3XUcBB0gohU--12|Signer01|a senior bcci official said|a senior bcci official said|-1|-1
pK7HSWtvpEU--2|Signer01|us president donald trump on 2nd october announced on twitter|us president donald trump on 2nd october announced on twitter|-1|-1
pK7HSWtvpEU--3|Signer01|me and my wife have tested positive for covid-19|me and my wife have tested positive for covid-19|-1|-1
pK7HSWtvpEU--13|Signer01|but it is not sure if it was because of the coronavirus|but it is not sure if it was because of the coronavirus|-1|-1
pK7HSWtvpEU--16|Signer01|on 1st october he even said that the covid-19 pandemic will end soon|on 1st october he even said that the covid-19 pandemic will end soon|-1|-1
pK7HSWtvpEU--22|Signer01|and will have to stay in the white house|and will have to stay in the white house|-1|-1
caRukQOF79g--13|Signer01|priyanka gandhi alleged that she was also pushed to the ground|priyanka gandhi alleged that she was also pushed to the ground|-1|-1
caRukQOF79g--19|Signer01|parties have said it was wrong of the police to have stopped him|parties have said it was wrong of the police to have stopped him|-1|-1
caRukQOF79g--20|Signer01|however uttar pradesh minister siddharth nath singh said|however uttar pradesh minister siddharth nath singh said|-1|-1
sJzIGvbDYTo--9|Signer01|in april 2017 the supreme court had asked the special court in lucknow|in april 2017 the supreme court had asked the special court in lucknow|-1|-1
sJzIGvbDYTo--16|Signer01|was asked over 100 questions for hours but he denied all the charges|was asked over 100 questions for hours but he denied all the charges|-1|-1
OOaiihxDPyY--9|Signer01|the court also ordered him to pay a fine of rs 20 000|the court also ordered him to pay a fine of rs 20 000|-1|-1
OOaiihxDPyY--12|Signer01|in just two weeks the court declared the decision|in just two weeks the court declared the decision|-1|-1
OOaiihxDPyY--14|Signer01|now it has just taken 2 weeks this is great|now it has just taken 2 weeks this is great|-1|-1
OOaiihxDPyY--15|Signer01|after questioning the police were shocked when they found|after questioning the police were shocked when they found|-1|-1
OOaiihxDPyY--17|Signer01|however the police never received any complaints|however the police never received any complaints|-1|-1
KxSE0wCkOV0--2|Signer01|the service charge was added so that the money collected|the service charge was added so that the money collected|-1|-1
KxSE0wCkOV0--4|Signer01|this is why it was added|this is why it was added|-1|-1
KxSE0wCkOV0--7|Signer01|as it would encourage people to book tickets online|as it would encourage people to book tickets online|-1|-1
KxSE0wCkOV0--16|Signer01|however the amount will be the same as before and will not increase|however the amount will be the same as before and will not increase|-1|-1
KxSE0wCkOV0--23|Signer01|as they have become very expensive|as they have become very expensive|-1|-1
vZ7VA7uHGcw--1|Signer01|he has really encouraged the youth to carry out online transactions|he has really encouraged the youth to carry out online transactions|-1|-1
vZ7VA7uHGcw--13|Signer01|let me explain a few simple ways to avoid this|let me explain a few simple ways to avoid this|-1|-1
vZ7VA7uHGcw--20|Signer01|be very careful while carrying out online transactions|be very careful while carrying out online transactions|-1|-1
vZ7VA7uHGcw--33|Signer01|so be very careful|so be very careful|-1|-1
vZ7VA7uHGcw--37|Signer01|this is very important and will keep you safe|this is very important and will keep you safe|-1|-1
dpIla-AqQq0--2|Signer01|they will soon present it in the parliament|they will soon present it in the parliament|-1|-1
dpIla-AqQq0--3|Signer01|what does personal data protection mean|what does personal data protection mean|-1|-1
dpIla-AqQq0--10|Signer01|if the bill is approved then it can not be given to any country|if the bill is approved then it can not be given to any country|-1|-1
dpIla-AqQq0--11|Signer01|pakistan will not be able to access the data as well|pakistan will not be able to access the data as well|-1|-1
dpIla-AqQq0--23|Signer01|currently there is no rule and companies can save data anywhere in the world|currently there is no rule and companies can save data anywhere in the world|-1|-1
zboUiAfILU8--0|Signer01|bars restaurants etc have been shut due to the lockdown which led to massive losses|bars restaurants etc have been shut due to the lockdown which led to massive losses|-1|-1
zboUiAfILU8--5|Signer01|and have refused to return till the vaccine is available|and have refused to return till the vaccine is available|-1|-1
zboUiAfILU8--6|Signer01|on 28th september maharashtra chief minister uddhav thackeray|on 28th september maharashtra chief minister uddhav thackeray|-1|-1
zboUiAfILU8--7|Signer01|announced that from the first week of october|announced that from the first week of october|-1|-1
zboUiAfILU8--12|Signer01|the decision will benefit 60 lakh employees working in these restaurants bars etc|the decision will benefit 60 lakh employees working in these restaurants bars etc|-1|-1
BxZPxjQPWFU--4|Signer01|everyone was shocked by this people thought it was a sure shot six|everyone was shocked by this people thought it was a sure shot six|-1|-1
BxZPxjQPWFU--8|Signer01|people were even more shocked because in january 2015|people were even more shocked because in january 2015|-1|-1
BxZPxjQPWFU--13|Signer01|the doctors were not sure and said they would know only after the surgery|the doctors were not sure and said they would know only after the surgery|-1|-1
BxZPxjQPWFU--16|Signer01|now look he is able to play cricket extremely well|now look he is able to play cricket extremely well|-1|-1
iWys8XxoIlM--4|Signer01|i will buy a helicopter|i will buy a helicopter|-1|-1
iWys8XxoIlM--5|Signer01|i will buy 5 cars|i will buy 5 cars|-1|-1
iWys8XxoIlM--21|Signer01|i did not know what i did wrong|i did not know what i did wrong|-1|-1
iWys8XxoIlM--53|Signer01|that he was actually doing all of this to escape from his problems|that he was actually doing all of this to escape from his problems|-1|-1
iWys8XxoIlM--57|Signer01|it is better to listen to your heart and follow the same|it is better to listen to your heart and follow the same|-1|-1
1T5OFLJFwuY--3|Signer01|and also the manager for sushant girlfriend rhea chakraborty|and also the manager for sushant girlfriend rhea chakraborty|-1|-1
1T5OFLJFwuY--5|Signer01|after which the ncb called her for questioning for three days|after which the ncb called her for questioning for three days|-1|-1
1T5OFLJFwuY--12|Signer01|on 25th september|on 25th september|-1|-1
dKULuNV2woE--1|Signer01|on social media across india|on social media across india|-1|-1
dKULuNV2woE--3|Signer01|in the video that you just saw there were 10 soldiers|in the video that you just saw there were 10 soldiers|-1|-1
dKULuNV2woE--8|Signer01|which is why they were unhappy and crying|which is why they were unhappy and crying|-1|-1
dKULuNV2woE--9|Signer01|the young soldiers were afraid of the indian army might|the young soldiers were afraid of the indian army might|-1|-1
h8eFSXTmSL0--0|Signer01|the ncb is investigating the drugs angle in the sushant singh rajput suicide|the ncb is investigating the drugs angle in the sushant singh rajput suicide|-1|-1
h8eFSXTmSL0--7|Signer01|there were whatsapp chats between them on 28th october 2017|there were whatsapp chats between them on 28th october 2017|-1|-1
h8eFSXTmSL0--10|Signer01|i can ask amit if you want|i can ask amit if you want|-1|-1
h8eFSXTmSL0--14|Signer01|looking at these whatsapp chats the ncb has summoned deepika for questioning|looking at these whatsapp chats the ncb has summoned deepika for questioning|-1|-1
h8eFSXTmSL0--15|Signer01|when the ncb questioned rhea chakraborty|when the ncb questioned rhea chakraborty|-1|-1
tDaw74Uy89E--0|Signer01|the ipl 2020 was delayed by 6 months because of the covid outbreak|the ipl 2020 was delayed by 6 months because of the covid outbreak|-1|-1
tDaw74Uy89E--2|Signer01|now finally the ipl 2020 started on 19th september in uae|now finally the ipl 2020 started on 19th september in uae|-1|-1
tDaw74Uy89E--7|Signer01|last year the ipl was held but the opening ceremony was not held|last year the ipl was held but the opening ceremony was not held|-1|-1
tDaw74Uy89E--26|Signer01|during the matches players have to follow strict rules social distancing rules|during the matches players have to follow strict rules social distancing rules|-1|-1
tDaw74Uy89E--30|Signer01|but due to the covid outbreak these are not possible|but due to the covid outbreak these are not possible|-1|-1
P4HhsVsOVTo--4|Signer01|even though she broke the record in february the news is going viral now|even though she broke the record in february the news is going viral now|-1|-1
P4HhsVsOVTo--8|Signer01|because it is not easy to ride such a high wave|because it is not easy to ride such a high wave|-1|-1
P4HhsVsOVTo--19|Signer01|now her breaking the record has shocked many|now her breaking the record has shocked many|-1|-1
AcGyHoq-YCw--4|Signer01|hence the delhi government allowed them to resume services|hence the delhi government allowed them to resume services|-1|-1
AcGyHoq-YCw--6|Signer01|this means 1 00 000 employees can resume their work|this means 1 00 000 employees can resume their work|-1|-1
AcGyHoq-YCw--18|Signer01|they will be ordered to shut down|they will be ordered to shut down|-1|-1
7SuwVT6TH4Q--1|Signer01|and spoke about the coronavirus outbreak in india|and spoke about the coronavirus outbreak in india|-1|-1
7SuwVT6TH4Q--2|Signer01|during his speech he did not talk about one particular point|during his speech he did not talk about one particular point|-1|-1
7SuwVT6TH4Q--4|Signer01|many such doctors have lost their lives after getting infected with the virus|many such doctors have lost their lives after getting infected with the virus|-1|-1
7SuwVT6TH4Q--7|Signer01|the central government was not responsible for data on the doctors who died|the central government was not responsible for data on the doctors who died|-1|-1
7SuwVT6TH4Q--8|Signer01|as this is the state government responsibility|as this is the state government responsibility|-1|-1
spsiBI7KMUg--1|Signer01|to develop a covid-19 vaccine|to develop a covid-19 vaccine|-1|-1
spsiBI7KMUg--11|Signer01|if a patient has to be given the covid vaccine two times|if a patient has to be given the covid vaccine two times|-1|-1
spsiBI7KMUg--14|Signer01|that can produce so many vaccines right now|that can produce so many vaccines right now|-1|-1
spsiBI7KMUg--15|Signer01|it will take four to five years till everyone gets the vaccine|it will take four to five years till everyone gets the vaccine|-1|-1
spsiBI7KMUg--22|Signer01|this will make it difficult to distribute vaccines across india|this will make it difficult to distribute vaccines across india|-1|-1
pbcdsx1Qn7g--5|Signer01|on the way some died due to heat some lost their lives to road accidents|on the way some died due to heat some lost their lives to road accidents|-1|-1
pbcdsx1Qn7g--7|Signer01|many such incidents happened|many such incidents happened|-1|-1
pbcdsx1Qn7g--22|Signer01|but the government filed a case against these individuals this was very shocking|but the government filed a case against these individuals this was very shocking|-1|-1
nfKSTTQocps--2|Signer01|two staff members of sushant house|two staff members of sushant house|-1|-1
nfKSTTQocps--11|Signer01|on 12th september early morning ncb had raided seven locations across mumbai to goa|on 12th september early morning ncb had raided seven locations across mumbai to goa|-1|-1
nfKSTTQocps--16|Signer01|all of them will now remain in jail until 22nd september|all of them will now remain in jail until 22nd september|-1|-1
nfKSTTQocps--18|Signer01|as per reports rhea is in a separate cell|as per reports rhea is in a separate cell|-1|-1
nfKSTTQocps--23|Signer01|she will again apply for bail in the mumbai high court this week|she will again apply for bail in the mumbai high court this week|-1|-1
jpLXD14RV-A--5|Signer01|who said that phase 3 of the vaccine human trials|who said that phase 3 of the vaccine human trials|-1|-1
jpLXD14RV-A--13|Signer01|they did less than two months of testing|they did less than two months of testing|-1|-1
jpLXD14RV-A--15|Signer01|if vaccines are approved quickly made without full trials|if vaccines are approved quickly made without full trials|-1|-1
TT5HYh1qHQM--5|Signer01|but mahesh never paid the money back|but mahesh never paid the money back|-1|-1
GdekGZNdBOI--5|Signer01|their houses were raided and they were questioned for hours|their houses were raided and they were questioned for hours|-1|-1
GdekGZNdBOI--12|Signer01|sushant case is being investigated by the cbi|sushant case is being investigated by the cbi|-1|-1
GdekGZNdBOI--13|Signer01|his family has accused rhea her brother and her father in connection to sushant death|his family has accused rhea her brother and her father in connection to sushant death|-1|-1
GdekGZNdBOI--14|Signer01|ncb had questioned rhea chakraborty for three days|ncb had questioned rhea chakraborty for three days|-1|-1
PJmmow8W8Nk--12|Signer01|tested positive for the virus after which the shoot was suspended to avoid further infections|tested positive for the virus after which the shoot was suspended to avoid further infections|-1|-1
PJmmow8W8Nk--22|Signer01|had recently announced on social media that he has recovered from covid-19|had recently announced on social media that he has recovered from covid-19|-1|-1
D6XY7TZa3qY--4|Signer01|hence they shut down one year back in 2019|hence they shut down one year back in 2019|-1|-1
D6XY7TZa3qY--11|Signer01|the website was launched on 5th september 2019|the website was launched on 5th september 2019|-1|-1
D6XY7TZa3qY--27|Signer01|once the marriage is held the information will be shared|once the marriage is held the information will be shared|-1|-1
D6XY7TZa3qY--33|Signer01|if you share it with others strict legal action will be taken|if you share it with others strict legal action will be taken|-1|-1
D6XY7TZa3qY--55|Signer01|this is the special service|this is the special service|-1|-1
4P-gqpkEV6U--2|Signer01|china had supported their proposal|china had supported their proposal|-1|-1
4P-gqpkEV6U--3|Signer01|pakistan had said that these indians were responsible for terrorist activities in pakistan & afghanistan|pakistan had said that these indians were responsible for terrorist activities in pakistan & afghanistan|-1|-1
4P-gqpkEV6U--8|Signer01|however pakistan was blocked by the us in june this year|however pakistan was blocked by the us in june this year|-1|-1
4P-gqpkEV6U--10|Signer01|there are indian nationals working on projects in afghanistan|there are indian nationals working on projects in afghanistan|-1|-1
mdRVReoUMVQ--3|Signer01|these apps have now been banned by the pakistani government|these apps have now been banned by the pakistani government|-1|-1
mdRVReoUMVQ--5|Signer01|the apps were against the digital laws of pakistan|the apps were against the digital laws of pakistan|-1|-1
mdRVReoUMVQ--9|Signer01|they may remove the ban|they may remove the ban|-1|-1
mdRVReoUMVQ--10|Signer01|none of the companies have responded to the ban yet|none of the companies have responded to the ban yet|-1|-1
vddjOfKzpc8--1|Signer01|which led to the death of 20 indian soldiers|which led to the death of 20 indian soldiers|-1|-1
vddjOfKzpc8--5|Signer01|a month back 47 more apps were banned which included|a month back 47 more apps were banned which included|-1|-1
vddjOfKzpc8--10|Signer01|these are some of the other chinese apps that have been banned|these are some of the other chinese apps that have been banned|-1|-1
vddjOfKzpc8--13|Signer01|the statement claimed that it had received many complaints|the statement claimed that it had received many complaints|-1|-1
vddjOfKzpc8--15|Signer01|ministry added that|ministry added that|-1|-1
WPQBFh4OLGY--7|Signer01|the fall in india economic growth is due to many reasons|the fall in india economic growth is due to many reasons|-1|-1
WPQBFh4OLGY--9|Signer01|this led to businesses to stop their operation which affected the economy|this led to businesses to stop their operation which affected the economy|-1|-1
3Rq5BKeDFuw--0|Signer01|just a week before the ipl 2020 in dubai|just a week before the ipl 2020 in dubai|-1|-1
3Rq5BKeDFuw--2|Signer01|and 12 members of their support staff have tested positive for covid-19 in dubai|and 12 members of their support staff have tested positive for covid-19 in dubai|-1|-1
3Rq5BKeDFuw--7|Signer01|if tests are negative then they can resume playing cricket and working|if tests are negative then they can resume playing cricket and working|-1|-1
3Rq5BKeDFuw--24|Signer01|he said ms dhoni is not worried about the situation|he said ms dhoni is not worried about the situation|-1|-1
IjlbkZ1r5P4--0|Signer01|a major move has been made by a company|a major move has been made by a company|-1|-1
vXe3AqSrmSc--15|Signer01|such a permission could lead to spike in infections|such a permission could lead to spike in infections|-1|-1
vXe3AqSrmSc--18|Signer01|if permission is given it can lead to an increase in cases|if permission is given it can lead to an increase in cases|-1|-1
vXe3AqSrmSc--20|Signer01|we do not want this to happen again|we do not want this to happen again|-1|-1
vXe3AqSrmSc--23|Signer01|sc suggested that since they do not know about the covid situation in lucknow|sc suggested that since they do not know about the covid situation in lucknow|-1|-1
kg1ffZaQCLY--10|Signer01|the ipl is going to start from 19th september 2020|the ipl is going to start from 19th september 2020|-1|-1
QFpFmNObOIo--2|Signer01|and told them that they found that sushant and rhea chakraborty were buying drugs|and told them that they found that sushant and rhea chakraborty were buying drugs|-1|-1
QFpFmNObOIo--14|Signer01|and they will investigate the illegal purchase of such drugs|and they will investigate the illegal purchase of such drugs|-1|-1
QFpFmNObOIo--15|Signer01|rhea lawyer released a statement saying|rhea lawyer released a statement saying|-1|-1
QFpFmNObOIo--20|Signer01|sushant singh rajput family lawyer vikas singh from bihar said|sushant singh rajput family lawyer vikas singh from bihar said|-1|-1
QFpFmNObOIo--22|Signer01|but now we know he was given hard drugs|but now we know he was given hard drugs|-1|-1
NdBJ5tD3UWA--5|Signer01|kim had given some of his authority to his sister to reduce his stress|kim had given some of his authority to his sister to reduce his stress|-1|-1
NdBJ5tD3UWA--6|Signer01|there are many such rumours but nothing is for sure yet|there are many such rumours but nothing is for sure yet|-1|-1
NdBJ5tD3UWA--15|Signer01|currently north korea has not reported a single case of covid-19|currently north korea has not reported a single case of covid-19|-1|-1
WrX7zdJhvZs--0|Signer01|usa and china are both in a trade war|usa and china are both in a trade war|-1|-1
7gg822TQEqw--3|Signer01|on 22nd august 2020|on 22nd august 2020|-1|-1
7gg822TQEqw--7|Signer01|the indian government has given the company a special priority license|the indian government has given the company a special priority license|-1|-1
7gg822TQEqw--9|Signer01|after which they will begin manufacturing the vaccines for sale|after which they will begin manufacturing the vaccines for sale|-1|-1
7gg822TQEqw--11|Signer01|and will begin on 22nd august|and will begin on 22nd august|-1|-1
7gg822TQEqw--14|Signer01|the business today report said that|the business today report said that|-1|-1
gEEuyZ_Yf34--7|Signer01|the earlier video on social media|the earlier video on social media|-1|-1
ZSd8tf-g9bs--9|Signer01|a singer was on stage while everyone enjoyed loud music|a singer was on stage while everyone enjoyed loud music|-1|-1
ZSd8tf-g9bs--10|Signer01|local media said that the park has opened at a limit of 50% only|local media said that the park has opened at a limit of 50% only|-1|-1
s08qRZYf-Ws--2|Signer01|has requested people to observe the religious events at home|has requested people to observe the religious events at home|-1|-1
ce9823jc57M--15|Signer01|the new vaccines that are being developed may still work on this new virus|the new vaccines that are being developed may still work on this new virus|-1|-1
bTm4nokoUvM--0|Signer01|on 11th may the supreme court had asked the central government|on 11th may the supreme court had asked the central government|-1|-1
bTm4nokoUvM--4|Signer01|had filed a complaint against the centre|had filed a complaint against the centre|-1|-1
bTm4nokoUvM--9|Signer01|the supreme court announced high speed internet will not resume in 18 districts of j&k|the supreme court announced high speed internet will not resume in 18 districts of j&k|-1|-1
bTm4nokoUvM--14|Signer01|there has been slow internet speed in j&k|there has been slow internet speed in j&k|-1|-1
QouNJk83o7M--4|Signer01|the two fell in love with each other three years ago|the two fell in love with each other three years ago|-1|-1
QouNJk83o7M--6|Signer01|the families threatened them which scared the girls|the families threatened them which scared the girls|-1|-1
QouNJk83o7M--13|Signer01|but when we informed our families they made dangerous threats|but when we informed our families they made dangerous threats|-1|-1
QouNJk83o7M--15|Signer01|our family members may even kill us so we need protection ”|our family members may even kill us so we need protection ”|-1|-1
QouNJk83o7M--16|Signer01|when they did not get any reply to their application|when they did not get any reply to their application|-1|-1
UHKXKOQFWAo--18|Signer01|in a statement the french embassy said|in a statement the french embassy said|-1|-1
UHKXKOQFWAo--19|Signer01|said a military aircraft from the nearby french indian ocean island|said a military aircraft from the nearby french indian ocean island|-1|-1
7LT48_tHk8I--0|Signer01|its extremely easy to use|its extremely easy to use|-1|-1
JBlDsrKXdHo--1|Signer01|had been closed for 2 months due to the covid outbreak|had been closed for 2 months due to the covid outbreak|-1|-1
JBlDsrKXdHo--4|Signer01|shockingly 9 staff members of the temple had tested positive for covid|shockingly 9 staff members of the temple had tested positive for covid|-1|-1
JBlDsrKXdHo--10|Signer01|they then slowly increased the number saying they were taking all precautions|they then slowly increased the number saying they were taking all precautions|-1|-1
bFH-KGtmadU--5|Signer01|a woman has never served as president or vice president in the us earlier|a woman has never served as president or vice president in the us earlier|-1|-1
bFH-KGtmadU--6|Signer01|on 11th august joe biden announced that|on 11th august joe biden announced that|-1|-1
bFH-KGtmadU--11|Signer01|current president donald trump will also take part in the elections|current president donald trump will also take part in the elections|-1|-1
MSWvLssQVws--2|Signer01|this led to violent clashes on 11th august|this led to violent clashes on 11th august|-1|-1
MSWvLssQVws--7|Signer01|they even attacked the mla house with stones|they even attacked the mla house with stones|-1|-1
MSWvLssQVws--9|Signer01|the number of police were very less compared to the crowd|the number of police were very less compared to the crowd|-1|-1
MSWvLssQVws--16|Signer01|he said he will investigate the matter and make sure strict action is taken|he said he will investigate the matter and make sure strict action is taken|-1|-1
MSWvLssQVws--22|Signer01|these people attacked the police personnel media and the general public he condemned the violence|these people attacked the police personnel media and the general public he condemned the violence|-1|-1
YIQ5M50Ge78--9|Signer01|he requested people not to spread rumours|he requested people not to spread rumours|-1|-1
YIQ5M50Ge78--10|Signer01|with his fans love he will back to work soon|with his fans love he will back to work soon|-1|-1
YIQ5M50Ge78--11|Signer01|a close friend of the actor spoke to the media and said|a close friend of the actor spoke to the media and said|-1|-1
YIQ5M50Ge78--15|Signer01|since they did not return all this time sanjay is worried|since they did not return all this time sanjay is worried|-1|-1
YIQ5M50Ge78--17|Signer01|hence the actor will leave for the us for the treatment|hence the actor will leave for the us for the treatment|-1|-1
W4crHx6pQww--15|Signer01|world leaders and international organisations|world leaders and international organisations|-1|-1
W4crHx6pQww--20|Signer01|only then the money would be given to them|only then the money would be given to them|-1|-1
wu59qJyL41U--16|Signer01|chinese doctors have asked people to be careful and not panic|chinese doctors have asked people to be careful and not panic|-1|-1
gZvvwtj_6hM--4|Signer01|because of this everyone is staying at home|because of this everyone is staying at home|-1|-1
gZvvwtj_6hM--18|Signer01|her friend agreed|her friend agreed|-1|-1
gZvvwtj_6hM--25|Signer01|were planning to get married in the month of april|were planning to get married in the month of april|-1|-1
gZvvwtj_6hM--26|Signer01|however they were working to treat patients during the coronavirus pandemic|however they were working to treat patients during the coronavirus pandemic|-1|-1
gZvvwtj_6hM--29|Signer01|photos from their beautiful wedding on 24th april 2020 went viral on social media|photos from their beautiful wedding on 24th april 2020 went viral on social media|-1|-1
5z85Lygy2hg--12|Signer01|hence he committed suicide|hence he committed suicide|-1|-1
p4Ln7jppEKY--1|Signer01|chhattisgarh separated from madhya pradesh on 1st november 2000|chhattisgarh separated from madhya pradesh on 1st november 2000|-1|-1
p4Ln7jppEKY--20|Signer01|the news was published in the newspaper as well|the news was published in the newspaper as well|-1|-1
p4Ln7jppEKY--24|Signer01|thank you for watching me|thank you for watching me|-1|-1
O14sxeWOGNw--1|Signer01|some brand new restaurants faced huge losses due to the lockdown|some brand new restaurants faced huge losses due to the lockdown|-1|-1
O14sxeWOGNw--10|Signer01|this is not a joke|this is not a joke|-1|-1
O14sxeWOGNw--14|Signer01|restaurant owner anil kumar said|restaurant owner anil kumar said|-1|-1
Y2z-EYqUKmM--2|Signer01|she then filed a complaint against him|she then filed a complaint against him|-1|-1
W8zbxDjcimU--3|Signer01|and returned home on 27th july 2020|and returned home on 27th july 2020|-1|-1
W8zbxDjcimU--5|Signer01|he said he was very happy to return home and felt free|he said he was very happy to return home and felt free|-1|-1
W8zbxDjcimU--15|Signer01|mr shah had attended a cabinet meeting on 29th july|mr shah had attended a cabinet meeting on 29th july|-1|-1
W8zbxDjcimU--16|Signer01|the meeting was attended by all top ministers|the meeting was attended by all top ministers|-1|-1
t5KIrPXx34M--1|Signer01|was very poor and was having financial difficulty due to the lockdown|was very poor and was having financial difficulty due to the lockdown|-1|-1
t5KIrPXx34M--4|Signer01|he filled out the application and submitted his aadhar and other documents|he filled out the application and submitted his aadhar and other documents|-1|-1
t5KIrPXx34M--5|Signer01|the bank rejected his application when he asked for the reason|the bank rejected his application when he asked for the reason|-1|-1
t5KIrPXx34M--8|Signer01|hence his loan was rejected|hence his loan was rejected|-1|-1
BNOcyYe43RQ--4|Signer01|in that video she can be seen talking to her friends|in that video she can be seen talking to her friends|-1|-1
BNOcyYe43RQ--9|Signer01|i believe that i will get justice because i have not done anything wrong|i believe that i will get justice because i have not done anything wrong|-1|-1
BNOcyYe43RQ--13|Signer01|the bihar police is currently investigating the money that was transferred from sushant account|the bihar police is currently investigating the money that was transferred from sushant account|-1|-1
XQ-kB-SerIg--6|Signer01|after the 1 hour ceremony pm modi will also give a speech|after the 1 hour ceremony pm modi will also give a speech|-1|-1
XQ-kB-SerIg--9|Signer01|more than 4 000 people will clean the city 3 days prior to the event|more than 4 000 people will clean the city 3 days prior to the event|-1|-1
XQ-kB-SerIg--10|Signer01|various leaders from opposition parties have questioned the need for the ceremony amidst covid outbreak|various leaders from opposition parties have questioned the need for the ceremony amidst covid outbreak|-1|-1
XQ-kB-SerIg--14|Signer01|it will then be placed 2 000 feet below the temple|it will then be placed 2 000 feet below the temple|-1|-1
XQ-kB-SerIg--16|Signer01|the construction of the temple is expected to complete in 3 5 years|the construction of the temple is expected to complete in 3 5 years|-1|-1
RfCRih7COV8--18|Signer01|and wants a written response|and wants a written response|-1|-1
LgjVBc6Y7fQ--7|Signer01|the person whose idea it was to distribute food during the pandemic was|the person whose idea it was to distribute food during the pandemic was|-1|-1
LgjVBc6Y7fQ--19|Signer01|he asked them to come to his hotel & all the packages were made|he asked them to come to his hotel & all the packages were made|-1|-1
LgjVBc6Y7fQ--40|Signer01|whose families are struggling to make ends meet and call them to the school|whose families are struggling to make ends meet and call them to the school|-1|-1
LgjVBc6Y7fQ--41|Signer01|the principal then agreed and gathered 50 such parents|the principal then agreed and gathered 50 such parents|-1|-1
LgjVBc6Y7fQ--47|Signer01|on 7th july 500 poor people were fed|on 7th july 500 poor people were fed|-1|-1
iEY1JdRz-1w--1|Signer01|sold his cow which was his only source of income|sold his cow which was his only source of income|-1|-1
iEY1JdRz-1w--9|Signer01|in the end he was forced to sell his cow for rs 6 000|in the end he was forced to sell his cow for rs 6 000|-1|-1
qauVDODL9rM--2|Signer01|on 15th july 2020 a part of the bridge collapsed due to heavy rains|on 15th july 2020 a part of the bridge collapsed due to heavy rains|-1|-1
qauVDODL9rM--4|Signer01|and collapsed within a month|and collapsed within a month|-1|-1
qauVDODL9rM--9|Signer01|no injuries were reported at the time of going to the press|no injuries were reported at the time of going to the press|-1|-1
qauVDODL9rM--15|Signer01|the bridge collapsed in less than a month|the bridge collapsed in less than a month|-1|-1
qauVDODL9rM--17|Signer01|he added that there is corruption everywhere in bihar|he added that there is corruption everywhere in bihar|-1|-1
rOv09myVOmA--13|Signer01|this is not safe|this is not safe|-1|-1
rOv09myVOmA--20|Signer01|the colour of the cloth is not important|the colour of the cloth is not important|-1|-1
i4nAL393br0--3|Signer01|the article said that|the article said that|-1|-1
i4nAL393br0--18|Signer01|10 people were given double doses of the vaccine|10 people were given double doses of the vaccine|-1|-1
i4nAL393br0--19|Signer01|and because of this their immunity became even more strong|and because of this their immunity became even more strong|-1|-1
i4nAL393br0--26|Signer01|it may be ready by september or october|it may be ready by september or october|-1|-1
yi_aROVUOhk--0|Signer01|ipl 2020 was scheduled to take place between march 29 and may 17 in india|ipl 2020 was scheduled to take place between march 29 and may 17 in india|-1|-1
yi_aROVUOhk--6|Signer01|after a discussion the with the board ganguly said|after a discussion the with the board ganguly said|-1|-1
yi_aROVUOhk--13|Signer01|ipl is more made for tv|ipl is more made for tv|-1|-1
yi_aROVUOhk--20|Signer01|in 2014 a part of the ipl was held in uae due to general elections|in 2014 a part of the ipl was held in uae due to general elections|-1|-1
yi_aROVUOhk--21|Signer01|in 2009 the entire competition was held in south africa due to general elections|in 2009 the entire competition was held in south africa due to general elections|-1|-1
20jG3oYyhLo--8|Signer01|however people with disabilities have faced the same problems|however people with disabilities have faced the same problems|-1|-1
20jG3oYyhLo--11|Signer01|and said a similar case was filed in the delhi high court in 2012|and said a similar case was filed in the delhi high court in 2012|-1|-1
20jG3oYyhLo--19|Signer01|the supreme court supported the delhi high court decision|the supreme court supported the delhi high court decision|-1|-1
20jG3oYyhLo--23|Signer01|then the same shall apply for people with disabilities in future ”|then the same shall apply for people with disabilities in future ”|-1|-1
20jG3oYyhLo--24|Signer01|the supreme court allowed aryan raj to apply for a fresh the year|the supreme court allowed aryan raj to apply for a fresh the year|-1|-1
C_Rvqqd0uls--4|Signer01|according to the assam disaster management body|according to the assam disaster management body|-1|-1
C_Rvqqd0uls--7|Signer01|rescue work is being carried out late into the night also|rescue work is being carried out late into the night also|-1|-1
C_Rvqqd0uls--9|Signer01|have been damaged in floods|have been damaged in floods|-1|-1
lPzmjeJmsXo--0|Signer01|one year and a half after the congress formed the government in rajasthan|one year and a half after the congress formed the government in rajasthan|-1|-1
lPzmjeJmsXo--4|Signer01|according to pilot he helped congress win the 2018 elections in rajasthan|according to pilot he helped congress win the 2018 elections in rajasthan|-1|-1
lPzmjeJmsXo--23|Signer01|if any mla missed the meeting strict action would be taken|if any mla missed the meeting strict action would be taken|-1|-1
lPzmjeJmsXo--24|Signer01|pilot did not attend the meeting|pilot did not attend the meeting|-1|-1
lPzmjeJmsXo--31|Signer01|currently the congress is worried that if pilots leave the congress with 30 mlas|currently the congress is worried that if pilots leave the congress with 30 mlas|-1|-1
pMbMjjSj1fM--2|Signer01|it was founded in 2013|it was founded in 2013|-1|-1
pMbMjjSj1fM--3|Signer01|and got registered in 2018|and got registered in 2018|-1|-1
pMbMjjSj1fM--9|Signer01|their aim is to encourage deaf individuals in the society and provide awareness|their aim is to encourage deaf individuals in the society and provide awareness|-1|-1
pMbMjjSj1fM--15|Signer01|due to the covid-19 lockdown many were suffering|due to the covid-19 lockdown many were suffering|-1|-1
pMbMjjSj1fM--26|Signer01|to distribute food to a few deaf individuals suffering in the area|to distribute food to a few deaf individuals suffering in the area|-1|-1
iixTXGfHf5U--6|Signer01|this is the largest solar power plant in asia|this is the largest solar power plant in asia|-1|-1
iixTXGfHf5U--13|Signer01|when india will complete 75 years of its independence|when india will complete 75 years of its independence|-1|-1
iixTXGfHf5U--15|Signer01|for example we must try to reduce garbage in rivers and protect nature in india|for example we must try to reduce garbage in rivers and protect nature in india|-1|-1
3h9c04Ky6Tw--5|Signer01|have a look at the 18 countries|have a look at the 18 countries|-1|-1
3h9c04Ky6Tw--26|Signer01|but china does not want to understand that|but china does not want to understand that|-1|-1
Iyjic4knCRE--9|Signer01|in about 3 weeks they received rs 1 70 lakh in donations|in about 3 weeks they received rs 1 70 lakh in donations|-1|-1
Iyjic4knCRE--25|Signer01|they were extremely happy have a look|they were extremely happy have a look|-1|-1
Iyjic4knCRE--31|Signer01|3 000 workers were staying there|3 000 workers were staying there|-1|-1
Iyjic4knCRE--68|Signer01|a girl from gujarat and a boy from odisha were married and working in delhi|a girl from gujarat and a boy from odisha were married and working in delhi|-1|-1
Iyjic4knCRE--79|Signer01|their aim is to help eliminate covid-19|their aim is to help eliminate covid-19|-1|-1
glkhRQ5o7Do--5|Signer01|in madhya pradesh the police has said|in madhya pradesh the police has said|-1|-1
glkhRQ5o7Do--20|Signer01|to uttar pradesh from madhya pradesh|to uttar pradesh from madhya pradesh|-1|-1
zEbVX_8kjwE--4|Signer01|a home ministry spokesperson said|a home ministry spokesperson said|-1|-1
zEbVX_8kjwE--8|Signer01|congress leaders rahul gandhi his sister priyanka gandhi|congress leaders rahul gandhi his sister priyanka gandhi|-1|-1
zEbVX_8kjwE--23|Signer01|the bjp also said that congress had received funds from china to conduct studies|the bjp also said that congress had received funds from china to conduct studies|-1|-1
zEbVX_8kjwE--27|Signer01|in its response the congress said the bjp|in its response the congress said the bjp|-1|-1
zEbVX_8kjwE--30|Signer01|congress questioned the bjp|congress questioned the bjp|-1|-1
lZJqw_atMwg--3|Signer01|the match was between england vs west indies|the match was between england vs west indies|-1|-1
lZJqw_atMwg--4|Signer01|this was their first test match|this was their first test match|-1|-1
lZJqw_atMwg--6|Signer01|england won the toss and chose to bat|england won the toss and chose to bat|-1|-1
lZJqw_atMwg--16|Signer01|the cricket stadium was empty and only the two team were playing|the cricket stadium was empty and only the two team were playing|-1|-1
lZJqw_atMwg--17|Signer01|the staff in the stadium are being checked daily to make sure they are fit|the staff in the stadium are being checked daily to make sure they are fit|-1|-1
0ipg3BrvAeM--4|Signer01|he died due to age related issues|he died due to age related issues|-1|-1
0ipg3BrvAeM--5|Signer01|at 8 30 pm yesterday|at 8 30 pm yesterday|-1|-1
0ipg3BrvAeM--12|Signer01|he played salman khan father|he played salman khan father|-1|-1
tNfWhyk5JLg--1|Signer01|the number of cases of the coronavirus in india is more than 6 25 000|the number of cases of the coronavirus in india is more than 6 25 000|-1|-1
tNfWhyk5JLg--2|Signer01|and the death toll is above 18 000|and the death toll is above 18 000|-1|-1
tNfWhyk5JLg--10|Signer01|these two companies are making the vaccine completely in india|these two companies are making the vaccine completely in india|-1|-1
tNfWhyk5JLg--20|Signer01|they are trying to launch the world first covid-19 vaccine on 15th august|they are trying to launch the world first covid-19 vaccine on 15th august|-1|-1
5v639n_dMOI--15|Signer01|modi visit was a strong message|modi visit was a strong message|-1|-1
5v639n_dMOI--16|Signer01|it also gave relief to the local population in ladakh|it also gave relief to the local population in ladakh|-1|-1
5v639n_dMOI--20|Signer01|and make the situation normal again|and make the situation normal again|-1|-1
5v639n_dMOI--28|Signer01|because india used to work with china for business|because india used to work with china for business|-1|-1
5v639n_dMOI--35|Signer01|he also said that now is the time for development in india|he also said that now is the time for development in india|-1|-1
J6sOe3XYMGk--1|Signer01|brazil is the second biggest market for whatsapp after india|brazil is the second biggest market for whatsapp after india|-1|-1
J6sOe3XYMGk--5|Signer01|it was launched for all whatsapp users in brazil on 15th june|it was launched for all whatsapp users in brazil on 15th june|-1|-1
J6sOe3XYMGk--7|Signer01|the central bank of brazil|the central bank of brazil|-1|-1
J6sOe3XYMGk--9|Signer01|brazil central bank has ordered whatsapp to shut down the project|brazil central bank has ordered whatsapp to shut down the project|-1|-1
J6sOe3XYMGk--12|Signer01|in a statement the central bank said that|in a statement the central bank said that|-1|-1
YKPwP5omD7E--20|Signer01|these were then made into packages|these were then made into packages|-1|-1
YKPwP5omD7E--64|Signer01|since there were many cases they gathered volunteers|since there were many cases they gathered volunteers|-1|-1
YKPwP5omD7E--70|Signer01|once all the food was distributed|once all the food was distributed|-1|-1
YKPwP5omD7E--75|Signer01|on 16th june 2020|on 16th june 2020|-1|-1
YKPwP5omD7E--80|Signer01|have a look at these six individuals|have a look at these six individuals|-1|-1
xvfBF9CCMxE--0|Signer01|on 30th june the health department officials said that|on 30th june the health department officials said that|-1|-1
xvfBF9CCMxE--6|Signer01|and had returned home to bihar in the last week of may for his marriage|and had returned home to bihar in the last week of may for his marriage|-1|-1
xvfBF9CCMxE--12|Signer01|but he died on the way|but he died on the way|-1|-1
xvfBF9CCMxE--16|Signer01|15 tested positive and maybe infected others|15 tested positive and maybe infected others|-1|-1
xvfBF9CCMxE--18|Signer01|to test residents in the area|to test residents in the area|-1|-1
V1exJrtsJQE--14|Signer01|this is because right decisions at the right time have helped manage the situation|this is because right decisions at the right time have helped manage the situation|-1|-1
V1exJrtsJQE--15|Signer01|this is why our death rate is less compared to the world|this is why our death rate is less compared to the world|-1|-1
V1exJrtsJQE--17|Signer01|this will benefit migrant workers and their families|this will benefit migrant workers and their families|-1|-1
V1exJrtsJQE--19|Signer01|free food will be distributed upto november|free food will be distributed upto november|-1|-1
V1exJrtsJQE--21|Signer01|this will be done at a cost of more than rs 90 000 crore|this will be done at a cost of more than rs 90 000 crore|-1|-1
I7-GAMTt0SU--2|Signer01|this only up to 30th june and further guidelines will be announced|this only up to 30th june and further guidelines will be announced|-1|-1
I7-GAMTt0SU--4|Signer01|maharashtra chief minister uddhav thackeray announced that|maharashtra chief minister uddhav thackeray announced that|-1|-1
I7-GAMTt0SU--8|Signer01|the chief said we not want this|the chief said we not want this|-1|-1
I7-GAMTt0SU--11|Signer01|only the selected services will be allowed such as|only the selected services will be allowed such as|-1|-1
I7-GAMTt0SU--15|Signer01|till 27th june maharashtra has more than 1 50 lakh cases of covid-19|till 27th june maharashtra has more than 1 50 lakh cases of covid-19|-1|-1
aM-JFZiWoSg--0|Signer01|spain was one of the countries worst hit by covid-19|spain was one of the countries worst hit by covid-19|-1|-1
aM-JFZiWoSg--1|Signer01|around 28 300 people died due to it|around 28 300 people died due to it|-1|-1
aM-JFZiWoSg--8|Signer01|when the covid outbreak started his wife was not allowed to meet him|when the covid outbreak started his wife was not allowed to meet him|-1|-1
aM-JFZiWoSg--9|Signer01|this was the first time that they had not seen each other for long|this was the first time that they had not seen each other for long|-1|-1
aM-JFZiWoSg--24|Signer01|you must be feeling very emotional by these images|you must be feeling very emotional by these images|-1|-1
5z6HirQDJYc--12|Signer01|as food is extremely important for families|as food is extremely important for families|-1|-1
5z6HirQDJYc--15|Signer01|he was already aware about deaf individuals who were suffering|he was already aware about deaf individuals who were suffering|-1|-1
5z6HirQDJYc--21|Signer01|also they met mr mahesh pawar - sign name - who is from mumbai|also they met mr mahesh pawar - sign name - who is from mumbai|-1|-1
5z6HirQDJYc--24|Signer01|now they had a total of rs 8 000|now they had a total of rs 8 000|-1|-1
5z6HirQDJYc--33|Signer01|food packages were delivered door to door to 8 deaf individuals|food packages were delivered door to door to 8 deaf individuals|-1|-1
T1JbSxyCOLA--13|Signer01|odisha organised the 5th national culture festival for deaf women|odisha organised the 5th national culture festival for deaf women|-1|-1
T1JbSxyCOLA--14|Signer01|many had gathered from across india and even women from up attended|many had gathered from across india and even women from up attended|-1|-1
T1JbSxyCOLA--19|Signer01|their photo and story was published in a newspaper have a look|their photo and story was published in a newspaper have a look|-1|-1
T1JbSxyCOLA--22|Signer01|this was published in the newspaper as well have a look|this was published in the newspaper as well have a look|-1|-1
T1JbSxyCOLA--31|Signer01|to purchase items and distribute food to the homes of deaf individuals|to purchase items and distribute food to the homes of deaf individuals|-1|-1
ydu8XU-b34o--0|Signer01|due to the covid-19 outbreak there are many who are suffering in india|due to the covid-19 outbreak there are many who are suffering in india|-1|-1
ydu8XU-b34o--2|Signer01|let me tell you once such a story|let me tell you once such a story|-1|-1
ydu8XU-b34o--9|Signer01|villagers gathered around his body but no one helped|villagers gathered around his body but no one helped|-1|-1
ydu8XU-b34o--13|Signer01|but people refused due to fear of infection|but people refused due to fear of infection|-1|-1
ydu8XU-b34o--14|Signer01|even his own family refused to help|even his own family refused to help|-1|-1
8qtPi9hJlLY--0|Signer01|on 15th june 2020 maharashtra cm uddhav thackeray|on 15th june 2020 maharashtra cm uddhav thackeray|-1|-1
8qtPi9hJlLY--5|Signer01|in some areas schools could not be opened the process of teaching cannot be stopped|in some areas schools could not be opened the process of teaching cannot be stopped|-1|-1
8qtPi9hJlLY--8|Signer01|will not be taught online|will not be taught online|-1|-1
8qtPi9hJlLY--23|Signer01|that all schools in the state open from august|that all schools in the state open from august|-1|-1
8qtPi9hJlLY--24|Signer01|a petition was filed in the bombay high court asking authorities|a petition was filed in the bombay high court asking authorities|-1|-1
MUfVgYX42QU--7|Signer01|such a situation was created which forced him to take the extreme step ”|such a situation was created which forced him to take the extreme step ”|-1|-1
MUfVgYX42QU--15|Signer01|over the reason for sushant suicide|over the reason for sushant suicide|-1|-1
MUfVgYX42QU--19|Signer01|sushant father was shocked on hearing about his suicide|sushant father was shocked on hearing about his suicide|-1|-1
MUfVgYX42QU--24|Signer01|and eventually began acting in movies|and eventually began acting in movies|-1|-1
MUfVgYX42QU--26|Signer01|which could have been the reason for stress and his suicide|which could have been the reason for stress and his suicide|-1|-1
llET_jSp6Hw--5|Signer01|since 1st january till 10th june 2020|since 1st january till 10th june 2020|-1|-1
llET_jSp6Hw--10|Signer01|and were immediately taken to hospital|and were immediately taken to hospital|-1|-1
llET_jSp6Hw--12|Signer01|a defence ministry spokesperson said|a defence ministry spokesperson said|-1|-1
llET_jSp6Hw--15|Signer01|in this month|in this month|-1|-1
llET_jSp6Hw--17|Signer01|senior security officials say|senior security officials say|-1|-1
PGtg5UC2pbs--1|Signer01|tested positive for coronavirus|tested positive for coronavirus|-1|-1
PGtg5UC2pbs--3|Signer01|he has played 27 test matches|he has played 27 test matches|-1|-1
PGtg5UC2pbs--17|Signer01|other cricketers who have tested positive for coronavirus are|other cricketers who have tested positive for coronavirus are|-1|-1
PGtg5UC2pbs--23|Signer01|however international cricket is soon to start|however international cricket is soon to start|-1|-1
tGxqcPs97-8--9|Signer01|chief mukesh ambani aims to clear all his loans by 2021|chief mukesh ambani aims to clear all his loans by 2021|-1|-1
oR0g8DMqwqQ--4|Signer01|the governor asked people to stay calm not to panic|the governor asked people to stay calm not to panic|-1|-1
oR0g8DMqwqQ--8|Signer01|the governor also told people not to touch sick people|the governor also told people not to touch sick people|-1|-1
oAhfJ8yB1j0--2|Signer01|he is the first indian to win this award|he is the first indian to win this award|-1|-1
oAhfJ8yB1j0--4|Signer01|the award was named after him|the award was named after him|-1|-1
VAUi1pKKlOs--6|Signer01|they must be allowed to work from home|they must be allowed to work from home|-1|-1
VAUi1pKKlOs--8|Signer01|their pay must not be cut|their pay must not be cut|-1|-1
VAUi1pKKlOs--22|Signer01|3 use of face masks is mandatory|3 use of face masks is mandatory|-1|-1
VAUi1pKKlOs--29|Signer01|7 a person above the age of 65 years|7 a person above the age of 65 years|-1|-1
VAUi1pKKlOs--43|Signer01|guidelines for suspected confirmed covid-19 case in buildings|guidelines for suspected confirmed covid-19 case in buildings|-1|-1
Wo6i-YEKN90--7|Signer01|have a look at the link below|have a look at the link below|-1|-1
Wo6i-YEKN90--14|Signer01|now lets start see the first option fill in your entire name without any mistake|now lets start see the first option fill in your entire name without any mistake|-1|-1
Wo6i-YEKN90--39|Signer01|no job or student|no job or student|-1|-1
Wo6i-YEKN90--47|Signer01|once you are done click on submit|once you are done click on submit|-1|-1
Wo6i-YEKN90--59|Signer01|send it to only one number|send it to only one number|-1|-1
laaiNAT3gHg--9|Signer01|on 5th june 2020 according top government sources in pakistan|on 5th june 2020 according top government sources in pakistan|-1|-1
laaiNAT3gHg--16|Signer01|dawood wife is also not infected and has not been admitted to the hospital|dawood wife is also not infected and has not been admitted to the hospital|-1|-1
laaiNAT3gHg--17|Signer01|he also said that they have been doing business with uae and pakistan|he also said that they have been doing business with uae and pakistan|-1|-1
laaiNAT3gHg--18|Signer01|later news about dawood death due to covid-19 went viral on social media|later news about dawood death due to covid-19 went viral on social media|-1|-1
laaiNAT3gHg--22|Signer01|the three of them were being compared let me tell you why|the three of them were being compared let me tell you why|-1|-1
2eBbhmYSfrQ--10|Signer01|people just have to follow social distancing rules and be safe|people just have to follow social distancing rules and be safe|-1|-1
2eBbhmYSfrQ--13|Signer01|even guests are doing the same|even guests are doing the same|-1|-1
2eBbhmYSfrQ--16|Signer01|because of the spread of covid-19|because of the spread of covid-19|-1|-1
2eBbhmYSfrQ--21|Signer01|after this the next event can be held|after this the next event can be held|-1|-1
2eBbhmYSfrQ--22|Signer01|again only limited guests|again only limited guests|-1|-1
du-lzYVJgh4--11|Signer01|the word is not a part of our country|the word is not a part of our country|-1|-1
du-lzYVJgh4--14|Signer01|changing the name to bharat will help the country forget the past and move forward|changing the name to bharat will help the country forget the past and move forward|-1|-1
du-lzYVJgh4--26|Signer01|on 2nd june when the sc heard the petition|on 2nd june when the sc heard the petition|-1|-1
du-lzYVJgh4--27|Signer01|they said that india is already called bharat in the constitution|they said that india is already called bharat in the constitution|-1|-1
du-lzYVJgh4--28|Signer01|we cannot change the name|we cannot change the name|-1|-1
Kn5fNGGuRNY--4|Signer01|when shah rukh khan saw the video he was devastated|when shah rukh khan saw the video he was devastated|-1|-1
Kn5fNGGuRNY--6|Signer01|i will make sure i will always support that child ”|i will make sure i will always support that child ”|-1|-1
Kn5fNGGuRNY--8|Signer01|the foundation on twitter said|the foundation on twitter said|-1|-1
Kn5fNGGuRNY--10|Signer01|we felt very bad when we saw the video|we felt very bad when we saw the video|-1|-1
Kn5fNGGuRNY--11|Signer01|the child is now in his grandfather care ”|the child is now in his grandfather care ”|-1|-1
K9BApkzONso--28|Signer01|indian citizens are supporting china by buying their products and apps|indian citizens are supporting china by buying their products and apps|-1|-1
K9BApkzONso--31|Signer01|we need to stop buying chinese products and try to reduce their sales|we need to stop buying chinese products and try to reduce their sales|-1|-1
K9BApkzONso--34|Signer01|we need to attack their economy|we need to attack their economy|-1|-1
K9BApkzONso--35|Signer01|he says there is no need for a military war|he says there is no need for a military war|-1|-1
K9BApkzONso--52|Signer01|we are only against chinese government and its products|we are only against chinese government and its products|-1|-1
C-cgPb_N2dY--3|Signer01|to help treat covid-19 patients and contain the virus|to help treat covid-19 patients and contain the virus|-1|-1
C-cgPb_N2dY--4|Signer01|this is because the uae had requested the indian government to send healthcare workers|this is because the uae had requested the indian government to send healthcare workers|-1|-1
C-cgPb_N2dY--9|Signer01|the indian embassy in uae|the indian embassy in uae|-1|-1
r0S2Gv78jmM--6|Signer01|they taught a group of hearing individuals isl for two days|they taught a group of hearing individuals isl for two days|-1|-1
r0S2Gv78jmM--10|Signer01|they even teach isl to the deaf community and promote awareness|they even teach isl to the deaf community and promote awareness|-1|-1
r0S2Gv78jmM--17|Signer01|the board then discussed and the members contributed and handed over the amount to|the board then discussed and the members contributed and handed over the amount to|-1|-1
r0S2Gv78jmM--20|Signer01|both of them planned and purchased|both of them planned and purchased|-1|-1
r0S2Gv78jmM--39|Signer01|since the 100 food packages would go waste they distributed it to hearing poor people|since the 100 food packages would go waste they distributed it to hearing poor people|-1|-1
pbLw_XQ-gNY--3|Signer01|the images were posted on 30th may|the images were posted on 30th may|-1|-1
pbLw_XQ-gNY--6|Signer01|many wondered if the couple were married|many wondered if the couple were married|-1|-1
pbLw_XQ-gNY--10|Signer01|hardik pandya was supposed to be playing ipl for the mumbai indians|hardik pandya was supposed to be playing ipl for the mumbai indians|-1|-1
pbLw_XQ-gNY--11|Signer01|but due to the covid-19 lockdown the tournament has been postponed|but due to the covid-19 lockdown the tournament has been postponed|-1|-1
i8kZMUuadBA--5|Signer01|but he recently shared the photos and videos|but he recently shared the photos and videos|-1|-1
i8kZMUuadBA--7|Signer01|they decided not to eat them|they decided not to eat them|-1|-1
i8kZMUuadBA--10|Signer01|he failed to understand what was happening|he failed to understand what was happening|-1|-1
i8kZMUuadBA--15|Signer01|it was due to the food given to the birds|it was due to the food given to the birds|-1|-1
UZDRzf9ItLA--10|Signer01|1 the red orange green zones declared by the government have now been changed|1 the red orange green zones declared by the government have now been changed|-1|-1
UZDRzf9ItLA--16|Signer01|the health ministry will issue separate rules for this|the health ministry will issue separate rules for this|-1|-1
UZDRzf9ItLA--17|Signer01|6 restaurants can be open from 8th june|6 restaurants can be open from 8th june|-1|-1
UZDRzf9ItLA--22|Signer01|persons above the age of 65|persons above the age of 65|-1|-1
UZDRzf9ItLA--30|Signer01|travel by metro is not allowed in all zones|travel by metro is not allowed in all zones|-1|-1
aTCYvMj3DdI--2|Signer01|the same is happening in india|the same is happening in india|-1|-1
aTCYvMj3DdI--3|Signer01|but one company in india is doing the opposite|but one company in india is doing the opposite|-1|-1
aTCYvMj3DdI--8|Signer01|their shares rate is down by 15 %|their shares rate is down by 15 %|-1|-1
aTCYvMj3DdI--10|Signer01|they announced a salary raise for the year 2021|they announced a salary raise for the year 2021|-1|-1
aTCYvMj3DdI--21|Signer01|the company believe in being united with their employees|the company believe in being united with their employees|-1|-1
Vpe0nYdFEtg--1|Signer01|which was founded in 2019|which was founded in 2019|-1|-1
Vpe0nYdFEtg--4|Signer01|when pm modi extended the lockdown for the second time|when pm modi extended the lockdown for the second time|-1|-1
Vpe0nYdFEtg--14|Signer01|general secretary and some deaf individuals reached the temple to serve food to everyone|general secretary and some deaf individuals reached the temple to serve food to everyone|-1|-1
Vpe0nYdFEtg--16|Signer01|the board was very happy to do this|the board was very happy to do this|-1|-1
Vpe0nYdFEtg--23|Signer01|the minister then gave the money to the fund|the minister then gave the money to the fund|-1|-1
UiFdJfoegZM--2|Signer01|this will not be a permanent position and will last only for 3 years|this will not be a permanent position and will last only for 3 years|-1|-1
UiFdJfoegZM--3|Signer01|those interested will be welcomed|those interested will be welcomed|-1|-1
UiFdJfoegZM--6|Signer01|the youth were extremely interested|the youth were extremely interested|-1|-1
UiFdJfoegZM--14|Signer01|according to them very few people apply in the army due to the strict lifestyle|according to them very few people apply in the army due to the strict lifestyle|-1|-1
UiFdJfoegZM--17|Signer01|under the short service commission is rs 6 crore|under the short service commission is rs 6 crore|-1|-1
pceCDQUu9xc--6|Signer01|the lives of teachers and students are more important right now|the lives of teachers and students are more important right now|-1|-1
pceCDQUu9xc--12|Signer01|students in class 1 to 7 will need to wait till schools fully open|students in class 1 to 7 will need to wait till schools fully open|-1|-1
pceCDQUu9xc--13|Signer01|very young kids will not be allowed to attend school|very young kids will not be allowed to attend school|-1|-1
pceCDQUu9xc--15|Signer01|hence for their own safety they will remain home and continue studies on the internet|hence for their own safety they will remain home and continue studies on the internet|-1|-1
pceCDQUu9xc--18|Signer01|the teachers would need to be trained to follow all safety measures|the teachers would need to be trained to follow all safety measures|-1|-1
tVDkAUEC_-4--6|Signer01|he will hold three meeting with various state agriculture ministers|he will hold three meeting with various state agriculture ministers|-1|-1
tVDkAUEC_-4--9|Signer01|an agriculture department official said|an agriculture department official said|-1|-1
tVDkAUEC_-4--18|Signer01|maharashtra and even punjab have been put on high alert|maharashtra and even punjab have been put on high alert|-1|-1
7Xb5ypL1BMo--5|Signer01|till now two people have lost their lives due to the fires|till now two people have lost their lives due to the fires|-1|-1
7Xb5ypL1BMo--6|Signer01|and one person has been injured|and one person has been injured|-1|-1
7Xb5ypL1BMo--8|Signer01|but the indian media has not covered the news at all|but the indian media has not covered the news at all|-1|-1
7Xb5ypL1BMo--12|Signer01|twitter users were furious|twitter users were furious|-1|-1
7Xb5ypL1BMo--15|Signer01|and now the uttarakhand fires|and now the uttarakhand fires|-1|-1
6Dn6s4jCZtI--5|Signer01|the bmc then took him to a quarantine center|the bmc then took him to a quarantine center|-1|-1
6Dn6s4jCZtI--10|Signer01|then on 22nd may two more of his staff members tested positive for the virus|then on 22nd may two more of his staff members tested positive for the virus|-1|-1
6Dn6s4jCZtI--12|Signer01|they have been taken to the quarantine center as well|they have been taken to the quarantine center as well|-1|-1
6Dn6s4jCZtI--18|Signer01|bollywood director karan johar informed on social media|bollywood director karan johar informed on social media|-1|-1
6Dn6s4jCZtI--20|Signer01|the bmc has taken them to a quarantine center|the bmc has taken them to a quarantine center|-1|-1
KrHP6ZRoUkg--2|Signer01|the phone was recording all the activities performed on it|the phone was recording all the activities performed on it|-1|-1
KrHP6ZRoUkg--7|Signer01|he was shocked to find this|he was shocked to find this|-1|-1
KrHP6ZRoUkg--10|Signer01|and found that they are also recording user data|and found that they are also recording user data|-1|-1
KrHP6ZRoUkg--17|Signer01|all data is recorded after receiving permission from the user|all data is recorded after receiving permission from the user|-1|-1
KrHP6ZRoUkg--18|Signer01|if the user does not give permission it does not record the data|if the user does not give permission it does not record the data|-1|-1
YSR58Qt1Lgs--3|Signer01|he saw that due to the covid-19 lockdown there are many deaf suffering due to|he saw that due to the covid-19 lockdown there are many deaf suffering due to|-1|-1
YSR58Qt1Lgs--6|Signer01|he approached various cricketers who agreed to support him|he approached various cricketers who agreed to support him|-1|-1
YSR58Qt1Lgs--9|Signer01|also extended his support|also extended his support|-1|-1
YSR58Qt1Lgs--14|Signer01|rice wheat oil salt sugar tea leaves etc|rice wheat oil salt sugar tea leaves etc|-1|-1
YSR58Qt1Lgs--18|Signer01|here a video clip|here a video clip|-1|-1
77b-hTvXWyM--1|Signer01|the strange fire is burning through the white film on the ground|the strange fire is burning through the white film on the ground|-1|-1
77b-hTvXWyM--10|Signer01|the video went viral on facebook on 7th may 2020|the video went viral on facebook on 7th may 2020|-1|-1
77b-hTvXWyM--13|Signer01|on twitter it had 6 8 million views along with thousands of amazed comments|on twitter it had 6 8 million views along with thousands of amazed comments|-1|-1
77b-hTvXWyM--15|Signer01|that these fires are dangerous and spread quickly|that these fires are dangerous and spread quickly|-1|-1
77b-hTvXWyM--16|Signer01|in this fire according to local reports there is no property damage|in this fire according to local reports there is no property damage|-1|-1
WrZ2sGA7BDM--4|Signer01|let me tell you the points that were announced by the finance minister|let me tell you the points that were announced by the finance minister|-1|-1
WrZ2sGA7BDM--14|Signer01|3 defence production|3 defence production|-1|-1
WrZ2sGA7BDM--19|Signer01|4 civil aviation|4 civil aviation|-1|-1
WrZ2sGA7BDM--36|Signer01|7 space sector|7 space sector|-1|-1
WrZ2sGA7BDM--38|Signer01|now they have decided to encourage private companies to take part in government space projects|now they have decided to encourage private companies to take part in government space projects|-1|-1
Nlm6MSPjmeY--1|Signer01|4th lockdown will be extended till 31st may all over india|4th lockdown will be extended till 31st may all over india|-1|-1
Nlm6MSPjmeY--2|Signer01|however now the state governments will decide which areas come under|however now the state governments will decide which areas come under|-1|-1
Nlm6MSPjmeY--3|Signer01|red green and orange zones|red green and orange zones|-1|-1
Nlm6MSPjmeY--10|Signer01|state governments will now have more power to control the situation|state governments will now have more power to control the situation|-1|-1
Nlm6MSPjmeY--14|Signer01|what is allowed|what is allowed|-1|-1
K7UgfR76VRA--7|Signer01|one of the officers at the airport said|one of the officers at the airport said|-1|-1
K7UgfR76VRA--30|Signer01|but it is not sure when all he can do is wait|but it is not sure when all he can do is wait|-1|-1
uz7-ZnrrK_U--2|Signer01|india priority is to remain united|india priority is to remain united|-1|-1
uz7-ZnrrK_U--8|Signer01|however their aim to support deaf and people with disabilities has been the same|however their aim to support deaf and people with disabilities has been the same|-1|-1
uz7-ZnrrK_U--13|Signer01|people have lost jobs and many small businesses have shut down|people have lost jobs and many small businesses have shut down|-1|-1
uz7-ZnrrK_U--65|Signer01|i have no money as well|i have no money as well|-1|-1
uz7-ZnrrK_U--71|Signer01|the 4 associations hope to eliminate covid-19 by being united|the 4 associations hope to eliminate covid-19 by being united|-1|-1
DG2ne2PPtEw--0|Signer01|the lockdown in india has been going on for a while now|the lockdown in india has been going on for a while now|-1|-1
DG2ne2PPtEw--3|Signer01|people were very excited to see so many animals|people were very excited to see so many animals|-1|-1
DG2ne2PPtEw--4|Signer01|a very strange incident happened on 10th may|a very strange incident happened on 10th may|-1|-1
DG2ne2PPtEw--9|Signer01|this occurred early morning in the dark|this occurred early morning in the dark|-1|-1
DG2ne2PPtEw--17|Signer01|the family could not believe what they saw|the family could not believe what they saw|-1|-1
P3L944dj9sw--11|Signer01|they all agreed and contacted people for donations|they all agreed and contacted people for donations|-1|-1
P3L944dj9sw--12|Signer01|they received rs 3 000 - rs 4 000 however this was not enough|they received rs 3 000 - rs 4 000 however this was not enough|-1|-1
P3L944dj9sw--16|Signer01|they then ordered rice dal wheat oil etc|they then ordered rice dal wheat oil etc|-1|-1
P3L944dj9sw--17|Signer01|and they separated them into packages|and they separated them into packages|-1|-1
P3L944dj9sw--23|Signer01|they decided to order more food and distributed packages to 35 poor hearing individuals|they decided to order more food and distributed packages to 35 poor hearing individuals|-1|-1
pxK3vgle_P8--5|Signer01|damaged power lines and vehicles|damaged power lines and vehicles|-1|-1
1-xtZ5QI5vM--14|Signer01|tamil nadu kerala karnataka telangana andhra pradesh|tamil nadu kerala karnataka telangana andhra pradesh|-1|-1
1-xtZ5QI5vM--15|Signer01|maharashtra jharkhand uttar pradesh uttarakhand assam|maharashtra jharkhand uttar pradesh uttarakhand assam|-1|-1
1-xtZ5QI5vM--17|Signer01|bihar and jammu & kashmir|bihar and jammu & kashmir|-1|-1
1-xtZ5QI5vM--31|Signer01|if you are interested you can watch them on facebook|if you are interested you can watch them on facebook|-1|-1
1-xtZ5QI5vM--32|Signer01|youtube their website and even contact them via phone|youtube their website and even contact them via phone|-1|-1
GxZXMmFQpkI--4|Signer01|but local shops around us have made sure to supply us with essential items|but local shops around us have made sure to supply us with essential items|-1|-1
GxZXMmFQpkI--14|Signer01|inorder to encourage make in india these 5 points need to be followed|inorder to encourage make in india these 5 points need to be followed|-1|-1
GxZXMmFQpkI--19|Signer01|this will grow the indian economy|this will grow the indian economy|-1|-1
GxZXMmFQpkI--27|Signer01|however we cannot be afraid and give up we need to stay strong and fight|however we cannot be afraid and give up we need to stay strong and fight|-1|-1
GxZXMmFQpkI--33|Signer01|an announcement about the 4th lockdown will be made before 18th may|an announcement about the 4th lockdown will be made before 18th may|-1|-1
K131cwl2jRU--0|Signer01|due to the outbreak of covid-19 many deaf are suffering in india|due to the outbreak of covid-19 many deaf are suffering in india|-1|-1
K131cwl2jRU--9|Signer01|this was how the list was made|this was how the list was made|-1|-1
K131cwl2jRU--11|Signer01|they agreed and this helped to collect funds|they agreed and this helped to collect funds|-1|-1
K131cwl2jRU--12|Signer01|sugar rice and 12 other food items were ordered|sugar rice and 12 other food items were ordered|-1|-1
K131cwl2jRU--24|Signer01|then it would have been difficult to distribute food|then it would have been difficult to distribute food|-1|-1
jiPpUlMh2OY--9|Signer01|now the third lockdown has been extended till 14th may|now the third lockdown has been extended till 14th may|-1|-1
jiPpUlMh2OY--24|Signer01|they were stopped at many check posts and were questioned at|they were stopped at many check posts and were questioned at|-1|-1
jiPpUlMh2OY--25|Signer01|karnataka maharashtra and gujarat|karnataka maharashtra and gujarat|-1|-1
jiPpUlMh2OY--39|Signer01|pune is the hot spot for covid-19|pune is the hot spot for covid-19|-1|-1
jiPpUlMh2OY--47|Signer01|but only 2 babies were handed over to parents|but only 2 babies were handed over to parents|-1|-1
9uv0Kg_lmXE--0|Signer01|india is in the 3rd phase of the lockdown|india is in the 3rd phase of the lockdown|-1|-1
9uv0Kg_lmXE--2|Signer01|in orange and green zones|in orange and green zones|-1|-1
9uv0Kg_lmXE--3|Signer01|however these services will not start in red zones|however these services will not start in red zones|-1|-1
9uv0Kg_lmXE--6|Signer01|only the driver plus 2 passengers during one ride|only the driver plus 2 passengers during one ride|-1|-1
9uv0Kg_lmXE--13|Signer01|should stay at home and not go outside|should stay at home and not go outside|-1|-1
EbGkTa2CQao--1|Signer01|they need to be a mp or mla|they need to be a mp or mla|-1|-1
EbGkTa2CQao--5|Signer01|uddhav thackeray was elected as the chief minister|uddhav thackeray was elected as the chief minister|-1|-1
EbGkTa2CQao--6|Signer01|however when uddhav was elected as cm he was not an mla|however when uddhav was elected as cm he was not an mla|-1|-1
EbGkTa2CQao--19|Signer01|they have to make sure the infection does not spread|they have to make sure the infection does not spread|-1|-1
EbGkTa2CQao--20|Signer01|elections for 9 mla seats will be held|elections for 9 mla seats will be held|-1|-1
krbQap3jGE4--3|Signer01|to rescue civilians and catch the terrorists|to rescue civilians and catch the terrorists|-1|-1
krbQap3jGE4--7|Signer01|in the firing four indian army officers and 1 j&k police officer died|in the firing four indian army officers and 1 j&k police officer died|-1|-1
krbQap3jGE4--9|Signer01|however they managed to kill 2 terrorists|however they managed to kill 2 terrorists|-1|-1
krbQap3jGE4--11|Signer01|in a tweet prime minister narendra modi said|in a tweet prime minister narendra modi said|-1|-1
krbQap3jGE4--13|Signer01|they keep india safe|they keep india safe|-1|-1
YXcEsue5Fe0--0|Signer01|in india the current lockdown which was to be lifted on 3rd may|in india the current lockdown which was to be lifted on 3rd may|-1|-1
YXcEsue5Fe0--1|Signer01|has been extended for 2 weeks till 17th may|has been extended for 2 weeks till 17th may|-1|-1
YXcEsue5Fe0--5|Signer01|conducted a press conference yesterday evening|conducted a press conference yesterday evening|-1|-1
YXcEsue5Fe0--7|Signer01|they have put their families on the back seat and working to keep india safe|they have put their families on the back seat and working to keep india safe|-1|-1
YXcEsue5Fe0--23|Signer01|and they have returned to work others are being treated|and they have returned to work others are being treated|-1|-1
FHiF5aMQZYI--5|Signer01|if trials go well|if trials go well|-1|-1
FHiF5aMQZYI--10|Signer01|currently no other company is involved|currently no other company is involved|-1|-1
cYuX0zKUmkE--3|Signer01|the entire project will cost more than rs 20 000 crore|the entire project will cost more than rs 20 000 crore|-1|-1
cYuX0zKUmkE--7|Signer01|a petition was filed in the supreme court for a stay against the project|a petition was filed in the supreme court for a stay against the project|-1|-1
zXNsKsMqKA0--0|Signer01|india is in a lockdown since 24th march 2020 due spread of the coronavirus|india is in a lockdown since 24th march 2020 due spread of the coronavirus|-1|-1
zXNsKsMqKA0--1|Signer01|most of the indian companies decided to work from home during the lockdown|most of the indian companies decided to work from home during the lockdown|-1|-1
zXNsKsMqKA0--4|Signer01|has managed to work very well from home|has managed to work very well from home|-1|-1
zXNsKsMqKA0--18|Signer01|this is not the case in india|this is not the case in india|-1|-1
zXNsKsMqKA0--23|Signer01|many experts believe that the work from home model would fail in india|many experts believe that the work from home model would fail in india|-1|-1
ObqnF_q31MA--4|Signer01|severe travel restrictions have been imposed in australia|severe travel restrictions have been imposed in australia|-1|-1
ObqnF_q31MA--5|Signer01|except for citizens permanent residents and their close family members|except for citizens permanent residents and their close family members|-1|-1
ObqnF_q31MA--7|Signer01|and travel restrictions will likely last up to six months|and travel restrictions will likely last up to six months|-1|-1
ObqnF_q31MA--8|Signer01|this means travel restrictions may last until september|this means travel restrictions may last until september|-1|-1
ObqnF_q31MA--10|Signer01|many cricket tournaments around the world have been postponed|many cricket tournaments around the world have been postponed|-1|-1
b00sF0ljrcg--5|Signer01|he returned to india in september 2019|he returned to india in september 2019|-1|-1
b00sF0ljrcg--8|Signer01|and so he was admitted to the hospital|and so he was admitted to the hospital|-1|-1
b00sF0ljrcg--10|Signer01|but on 30th april he passed away|but on 30th april he passed away|-1|-1
b00sF0ljrcg--12|Signer01|his friends and fans are extremely shocked over his death|his friends and fans are extremely shocked over his death|-1|-1
b00sF0ljrcg--22|Signer01|akshay kumar in his tweet said|akshay kumar in his tweet said|-1|-1
uR-nzhB6D8g--1|Signer01|due to this it is difficult for the poor to make ends meet|due to this it is difficult for the poor to make ends meet|-1|-1
uR-nzhB6D8g--4|Signer01|in hyderabad deaf individuals have also distributed food to the poor|in hyderabad deaf individuals have also distributed food to the poor|-1|-1
uR-nzhB6D8g--8|Signer01|they also give rs 1 25 lakh to hearing individuals who have married deaf individuals|they also give rs 1 25 lakh to hearing individuals who have married deaf individuals|-1|-1
uR-nzhB6D8g--15|Signer01|food was distributed to 3 500 poor people|food was distributed to 3 500 poor people|-1|-1
uR-nzhB6D8g--18|Signer01|they did this to support the poor and help eliminate covid-19|they did this to support the poor and help eliminate covid-19|-1|-1
QKoH1jRANJM--9|Signer01|his spokesperson would update soon|his spokesperson would update soon|-1|-1
QKoH1jRANJM--17|Signer01|i will always be proud of you and never forget you|i will always be proud of you and never forget you|-1|-1
QKoH1jRANJM--18|Signer01|i hope to meet you again in our next lives|i hope to meet you again in our next lives|-1|-1
QKoH1jRANJM--20|Signer01|you gave everything possible in this fight i know it was not easy|you gave everything possible in this fight i know it was not easy|-1|-1
QKoH1jRANJM--25|Signer01|however he was unable to do this due to the lockdown and his health issues|however he was unable to do this due to the lockdown and his health issues|-1|-1
XswAWgO0EXc--9|Signer01|the us military is studying it and trying to identify the object|the us military is studying it and trying to identify the object|-1|-1
Mkjv8OkOejM--3|Signer01|on 27th april pm modi held a video conference|on 27th april pm modi held a video conference|-1|-1
Mkjv8OkOejM--6|Signer01|the meeting also included chief ministers|the meeting also included chief ministers|-1|-1
Mkjv8OkOejM--15|Signer01|at the same time we have to continue the fight against covid-19|at the same time we have to continue the fight against covid-19|-1|-1
Mkjv8OkOejM--16|Signer01|experts have said that it may take months to contain covid-19|experts have said that it may take months to contain covid-19|-1|-1
x16Jcv_YI4I--2|Signer01|the husband agreed|the husband agreed|-1|-1
x16Jcv_YI4I--9|Signer01|1 she could file a police complaint against her husband|1 she could file a police complaint against her husband|-1|-1
x16Jcv_YI4I--20|Signer01|on 24th april the delhi high court asked the central government and delhi aap government|on 24th april the delhi high court asked the central government and delhi aap government|-1|-1
x16Jcv_YI4I--23|Signer01|in london nearly 100 were arrested every day for domestic violence|in london nearly 100 were arrested every day for domestic violence|-1|-1
x16Jcv_YI4I--24|Signer01|if you are a victim of domestic violence do not be quiet|if you are a victim of domestic violence do not be quiet|-1|-1
Iwd9HUhkeTc--11|Signer01|said that trump is giving wrong health advice to people|said that trump is giving wrong health advice to people|-1|-1
Wkl2tT7xqg8--19|Signer01|there was a hospital that was facing a shortage of blood|there was a hospital that was facing a shortage of blood|-1|-1
Wkl2tT7xqg8--21|Signer01|deaf members youth and women participated and donated blood to the hospitals|deaf members youth and women participated and donated blood to the hospitals|-1|-1
Wkl2tT7xqg8--30|Signer01|since it is not used due to the lockdown they used it to distribute food|since it is not used due to the lockdown they used it to distribute food|-1|-1
Wkl2tT7xqg8--31|Signer01|poor people which included deaf blind and people with all forms of disability were called|poor people which included deaf blind and people with all forms of disability were called|-1|-1
Wkl2tT7xqg8--32|Signer01|the association went and picked up all of them from their houses|the association went and picked up all of them from their houses|-1|-1
_T1vA8jhrsQ--1|Signer01|a lockdown was announced by the government since 24th march 2020 to fight the pandemic|a lockdown was announced by the government since 24th march 2020 to fight the pandemic|-1|-1
_T1vA8jhrsQ--4|Signer01|have come forward to help people in these difficult times|have come forward to help people in these difficult times|-1|-1
_T1vA8jhrsQ--11|Signer01|she also wrote that many people are suffering during this time|she also wrote that many people are suffering during this time|-1|-1
oGCtcuFL7mk--0|Signer01|this is the sign name of north korea|this is the sign name of north korea|-1|-1
oGCtcuFL7mk--14|Signer01|this is to prepare against any threats|this is to prepare against any threats|-1|-1
oGCtcuFL7mk--15|Signer01|now as per their reports kim health is extremely critical|now as per their reports kim health is extremely critical|-1|-1
oGCtcuFL7mk--16|Signer01|rumours about his health began on april 15|rumours about his health began on april 15|-1|-1
oGCtcuFL7mk--23|Signer01|we can only wait and watch what happens|we can only wait and watch what happens|-1|-1
a4ObYU8CNck--9|Signer01|the driver somehow managed to call the police|the driver somehow managed to call the police|-1|-1
a4ObYU8CNck--12|Signer01|when the police arrived at the spot they could not control the mob|when the police arrived at the spot they could not control the mob|-1|-1
a4ObYU8CNck--13|Signer01|the mob even threw stones at the police|the mob even threw stones at the police|-1|-1
a4ObYU8CNck--14|Signer01|however the video shows police did not even try to help|however the video shows police did not even try to help|-1|-1
a4ObYU8CNck--23|Signer01|an investigation will be launched on the police present there as well|an investigation will be launched on the police present there as well|-1|-1
PkpUuX2lpag--0|Signer01|on sunday 19th april maharashtra chief minister uddhav thackeray announced|on sunday 19th april maharashtra chief minister uddhav thackeray announced|-1|-1
PkpUuX2lpag--1|Signer01|industries based in green and orange zones which are|industries based in green and orange zones which are|-1|-1
PkpUuX2lpag--7|Signer01|and only essential services movement would be allowed|and only essential services movement would be allowed|-1|-1
PkpUuX2lpag--8|Signer01|such factories will be allowed to transport their goods in all areas except red zones|such factories will be allowed to transport their goods in all areas except red zones|-1|-1
PkpUuX2lpag--9|Signer01|there are no restrictions on movement of agriculture produce and farm equipment|there are no restrictions on movement of agriculture produce and farm equipment|-1|-1
2S2LTTXUg2U--0|Signer01|covid-19 has spread all over india and the government has issued a lockdown|covid-19 has spread all over india and the government has issued a lockdown|-1|-1
2S2LTTXUg2U--2|Signer01|there are a few ngo who are helping the people during the covid-19 pandemic|there are a few ngo who are helping the people during the covid-19 pandemic|-1|-1
2S2LTTXUg2U--9|Signer01|500 such bags were given to the poor|500 such bags were given to the poor|-1|-1
2S2LTTXUg2U--13|Signer01|their aim was to help and eliminate covid-19 from india|their aim was to help and eliminate covid-19 from india|-1|-1
2S2LTTXUg2U--19|Signer01|these organisations contributed to support the poor|these organisations contributed to support the poor|-1|-1
w1KYhhuE7PA--0|Signer01|due to the spread of covid-19 everyone is now working from home|due to the spread of covid-19 everyone is now working from home|-1|-1
w1KYhhuE7PA--6|Signer01|the software used in zoom is made in china|the software used in zoom is made in china|-1|-1
w1KYhhuE7PA--11|Signer01|be careful and allow people to join meeting only if you know them|be careful and allow people to join meeting only if you know them|-1|-1
w1KYhhuE7PA--15|Signer01|for every meeting create a new id on zoom this will ensure security|for every meeting create a new id on zoom this will ensure security|-1|-1
w1KYhhuE7PA--16|Signer01|many ministers have used the app for important meetings|many ministers have used the app for important meetings|-1|-1
31tJ9RkikNo--1|Signer01|even in india pm modi extended the lockdown till 3rd may|even in india pm modi extended the lockdown till 3rd may|-1|-1
31tJ9RkikNo--17|Signer01|rules such as physical distancing|rules such as physical distancing|-1|-1
31tJ9RkikNo--24|Signer01|once declared fit they can be allowed entry into india|once declared fit they can be allowed entry into india|-1|-1
31tJ9RkikNo--29|Signer01|by being careful means maintain distance protect the environment|by being careful means maintain distance protect the environment|-1|-1
31tJ9RkikNo--31|Signer01|we need to care about the health of others as well|we need to care about the health of others as well|-1|-1
K5lgB4YzOO0--2|Signer01|since he tested positive he has been admitted in the hospital|since he tested positive he has been admitted in the hospital|-1|-1
K5lgB4YzOO0--3|Signer01|in the last 15 days that he worked he delivered food to 75 families|in the last 15 days that he worked he delivered food to 75 families|-1|-1
K5lgB4YzOO0--9|Signer01|officials say the delivery boy does not have any travel history|officials say the delivery boy does not have any travel history|-1|-1
_RNPt3yP9fs--15|Signer01|now the times have changed|now the times have changed|-1|-1
ZgBomiU2vi4--10|Signer01|these funds will be used to keep people safe|these funds will be used to keep people safe|-1|-1
ZgBomiU2vi4--13|Signer01|trump said the funds have been stopped because they do not trust who anymore|trump said the funds have been stopped because they do not trust who anymore|-1|-1
ZgBomiU2vi4--14|Signer01|the usa feels these funds will not be put into good use|the usa feels these funds will not be put into good use|-1|-1
746_gYOqD6U--12|Signer01|to increase testing in india and make sure the virus does not spread|to increase testing in india and make sure the virus does not spread|-1|-1
92xn9X2OnyQ--2|Signer01|only essential goods and services such as agriculture|only essential goods and services such as agriculture|-1|-1
92xn9X2OnyQ--4|Signer01|the lockdown in india is the biggest in the world|the lockdown in india is the biggest in the world|-1|-1
92xn9X2OnyQ--6|Signer01|compared to other countries the lockdown in india was extremely severe|compared to other countries the lockdown in india was extremely severe|-1|-1
92xn9X2OnyQ--10|Signer01|the covid-19 pandemic has come at a very bad time for india|the covid-19 pandemic has come at a very bad time for india|-1|-1
92xn9X2OnyQ--11|Signer01|india economy was suffering for a long time|india economy was suffering for a long time|-1|-1
KtigkNtKODk--6|Signer01|his college principal and teachers warned him many times|his college principal and teachers warned him many times|-1|-1
KtigkNtKODk--13|Signer01|his friends encouraged him|his friends encouraged him|-1|-1
KtigkNtKODk--23|Signer01|everyone was shocked|everyone was shocked|-1|-1
KtigkNtKODk--26|Signer01|he felt very sorry|he felt very sorry|-1|-1
KtigkNtKODk--35|Signer01|so please remember better safe than sorry|so please remember better safe than sorry|-1|-1
bR3dzztyYWo--7|Signer01|or if you are showing symptoms of the disease yourself then a mask is mandatory|or if you are showing symptoms of the disease yourself then a mask is mandatory|-1|-1
bR3dzztyYWo--9|Signer01|due to a massive population masks will ensure safety|due to a massive population masks will ensure safety|-1|-1
bR3dzztyYWo--12|Signer01|he also said if everyone starts buying and wearing masks|he also said if everyone starts buying and wearing masks|-1|-1
bR3dzztyYWo--17|Signer01|social distancing is easy due to the developed infrastructure|social distancing is easy due to the developed infrastructure|-1|-1
bR3dzztyYWo--19|Signer01|this is not safe hence the government has made masks mandatory|this is not safe hence the government has made masks mandatory|-1|-1
5sIvCO8IPbw--2|Signer01|have worked hard to raise funds and make donations for the covid-19 crisis|have worked hard to raise funds and make donations for the covid-19 crisis|-1|-1
5sIvCO8IPbw--7|Signer01|how could a young boy donate such a large amount of money|how could a young boy donate such a large amount of money|-1|-1
5sIvCO8IPbw--11|Signer01|when the dangerous outbreak of covid-19 has caused so many problems for the government|when the dangerous outbreak of covid-19 has caused so many problems for the government|-1|-1
rthtdbIdWvo--7|Signer01|meaning the entire country has not been covered|meaning the entire country has not been covered|-1|-1
rthtdbIdWvo--8|Signer01|the month long emergency may be extended for 6 months|the month long emergency may be extended for 6 months|-1|-1
rthtdbIdWvo--9|Signer01|till now more than 1 000 covid-19 cases have been reported in tokyo|till now more than 1 000 covid-19 cases have been reported in tokyo|-1|-1
rthtdbIdWvo--11|Signer01|the japanese government is doing everything to contain covid-19|the japanese government is doing everything to contain covid-19|-1|-1
rthtdbIdWvo--12|Signer01|but a lockdown has not been imposed yet|but a lockdown has not been imposed yet|-1|-1
FEL783MPqR0--1|Signer01|it is also used to treat patients suffering from covid-19|it is also used to treat patients suffering from covid-19|-1|-1
FEL783MPqR0--11|Signer01|as india and the usa are very close|as india and the usa are very close|-1|-1
FEL783MPqR0--15|Signer01|the ministry of external affairs said|the ministry of external affairs said|-1|-1
FEL783MPqR0--18|Signer01|but first indian citizens will be given medicines|but first indian citizens will be given medicines|-1|-1
VKFXjmcFNyg--1|Signer01|maharashtra cm uddhav thackeray gave a speech via facebook live on saturday 4th april 2020|maharashtra cm uddhav thackeray gave a speech via facebook live on saturday 4th april 2020|-1|-1
VKFXjmcFNyg--4|Signer01|this is completely wrong|this is completely wrong|-1|-1
VKFXjmcFNyg--5|Signer01|anyone spreading such information will be given strict punishment|anyone spreading such information will be given strict punishment|-1|-1
VKFXjmcFNyg--11|Signer01|these people have been identified and are placed under quarantine|these people have been identified and are placed under quarantine|-1|-1
VKFXjmcFNyg--19|Signer01|he issued strong statement against them|he issued strong statement against them|-1|-1
JhOOVEr5Qo4--1|Signer01|the world bank has decided to give $ 1 9 billion to 25 countries|the world bank has decided to give $ 1 9 billion to 25 countries|-1|-1
JhOOVEr5Qo4--3|Signer01|plus new operations are already being implemented in around 40 countries to help with covid-19|plus new operations are already being implemented in around 40 countries to help with covid-19|-1|-1
JhOOVEr5Qo4--5|Signer01|india already has around 2 500 cases of covid-19|india already has around 2 500 cases of covid-19|-1|-1
JhOOVEr5Qo4--13|Signer01|$ 7 3 million for maldives|$ 7 3 million for maldives|-1|-1
hdArUV4jmEA--0|Signer01|covid-19 has spread all over india causes many problems|covid-19 has spread all over india causes many problems|-1|-1
hdArUV4jmEA--3|Signer01|many indian companies from different fields are helping the government and citizens in this|many indian companies from different fields are helping the government and citizens in this|-1|-1
hdArUV4jmEA--8|Signer01|along with training of healthcare workers and the general public|along with training of healthcare workers and the general public|-1|-1
hdArUV4jmEA--10|Signer01|reliance is also working with the bmc in mumbai and ngos to treat covid-19 patients|reliance is also working with the bmc in mumbai and ngos to treat covid-19 patients|-1|-1
hdArUV4jmEA--12|Signer01|during the lockdown reliance will provide services such as|during the lockdown reliance will provide services such as|-1|-1
0Vn5l-R3leA--2|Signer01|you may wonder this lockdown is a failure and it is better to go outside|you may wonder this lockdown is a failure and it is better to go outside|-1|-1
0DBg2AicsxQ--8|Signer01|doctors say that people need to be careful|doctors say that people need to be careful|-1|-1
uCBw3V57R-Q--1|Signer01|finance minister nirmala sitharaman announced|finance minister nirmala sitharaman announced|-1|-1
uCBw3V57R-Q--6|Signer01|they are all working very hard to contain the virus and care for the patients|they are all working very hard to contain the virus and care for the patients|-1|-1
uCBw3V57R-Q--18|Signer01|5 in the next three months rs 1 000 will be given to 300 million|5 in the next three months rs 1 000 will be given to 300 million|-1|-1
uCBw3V57R-Q--22|Signer01|they will get rs 500 a month for the next three months|they will get rs 500 a month for the next three months|-1|-1
uCBw3V57R-Q--32|Signer01|12 during the press conference the finance minister was asked|12 during the press conference the finance minister was asked|-1|-1
QSOFvTNT0zQ--8|Signer01|the reason being the covid-19 outbreak|the reason being the covid-19 outbreak|-1|-1
QSOFvTNT0zQ--11|Signer01|however no information has been given about the interest rate|however no information has been given about the interest rate|-1|-1
g4GfKC7z-2M--0|Signer01|a man who died on a bus in china|a man who died on a bus in china|-1|-1
g4GfKC7z-2M--1|Signer01|has tested positive for a virus more dangerous than covid-19|has tested positive for a virus more dangerous than covid-19|-1|-1
g4GfKC7z-2M--3|Signer01|the man died while he was on a bus with 30 other people|the man died while he was on a bus with 30 other people|-1|-1
g4GfKC7z-2M--4|Signer01|china had recently lifted the lockdown that had been implemented to contain covid-19|china had recently lifted the lockdown that had been implemented to contain covid-19|-1|-1
g4GfKC7z-2M--6|Signer01|experts say that this is not a new virus|experts say that this is not a new virus|-1|-1
MZRKO4W314E--2|Signer01|officials are being told to prepare for a 6 month lockdown|officials are being told to prepare for a 6 month lockdown|-1|-1
MZRKO4W314E--12|Signer01|this is to protect against the covid-19|this is to protect against the covid-19|-1|-1
cBMWn2Jj1rc--5|Signer01|all over the world 10 000 people have died due to coronavirus|all over the world 10 000 people have died due to coronavirus|-1|-1
cBMWn2Jj1rc--6|Signer01|this is because there are no vaccines or treatment still available|this is because there are no vaccines or treatment still available|-1|-1
cBMWn2Jj1rc--8|Signer01|in india the number of infections from 400 has quickly shot upto 500|in india the number of infections from 400 has quickly shot upto 500|-1|-1
cBMWn2Jj1rc--10|Signer01|this government is trying really hard to contain the coronavirus|this government is trying really hard to contain the coronavirus|-1|-1
cBMWn2Jj1rc--16|Signer01|and about 20 lakh construction workers in the state of up|and about 20 lakh construction workers in the state of up|-1|-1
ZCBew8Fv0qA--4|Signer01|currently the disease that has spread all over the world is the coronavirus|currently the disease that has spread all over the world is the coronavirus|-1|-1
ZCBew8Fv0qA--10|Signer01|would for disease|would for disease|-1|-1
ZCBew8Fv0qA--12|Signer01|but why was the name changed according to international rules|but why was the name changed according to international rules|-1|-1
BX9WDn5dSt4--0|Signer01|in india around 400 people have been infected by the coronavirus|in india around 400 people have been infected by the coronavirus|-1|-1
BX9WDn5dSt4--2|Signer01|do you think the coronavirus can be contained in a day no its extremely difficult|do you think the coronavirus can be contained in a day no its extremely difficult|-1|-1
BX9WDn5dSt4--5|Signer01|what is a lockdown|what is a lockdown|-1|-1
BX9WDn5dSt4--7|Signer01|the indian railways has decided to stop all trains in india|the indian railways has decided to stop all trains in india|-1|-1
BX9WDn5dSt4--13|Signer01|a lockdown has been implemented in the following states|a lockdown has been implemented in the following states|-1|-1
fsPKGXNQcmA--1|Signer01|you may feel something is different in today video|you may feel something is different in today video|-1|-1
fsPKGXNQcmA--3|Signer01|till now there are more than 400 infected in india|till now there are more than 400 infected in india|-1|-1
fsPKGXNQcmA--5|Signer01|ish news team members has decided to stop work and remain at home|ish news team members has decided to stop work and remain at home|-1|-1
fsPKGXNQcmA--8|Signer01|our videos might not be the same like before|our videos might not be the same like before|-1|-1
fsPKGXNQcmA--11|Signer01|so please do share these videos with your friends and family|so please do share these videos with your friends and family|-1|-1
gYFynC8_7Lo--9|Signer01|he informed his family that he wanted to leave his food delivery job|he informed his family that he wanted to leave his food delivery job|-1|-1
gYFynC8_7Lo--12|Signer01|his family was shocked|his family was shocked|-1|-1
gYFynC8_7Lo--21|Signer01|it was very difficult to sell and no body was buying from him|it was very difficult to sell and no body was buying from him|-1|-1
gYFynC8_7Lo--26|Signer01|he sales increased and so did his profit|he sales increased and so did his profit|-1|-1
v7gDFmNLePU--13|Signer01|modi has asked people not to panic|modi has asked people not to panic|-1|-1
v7gDFmNLePU--19|Signer01|this is why all the south asian countries must be united ”|this is why all the south asian countries must be united ”|-1|-1
kcfslsRcK2o--2|Signer01|but they continue to remain close|but they continue to remain close|-1|-1
kcfslsRcK2o--12|Signer01|recently they went to france to enjoy some family time|recently they went to france to enjoy some family time|-1|-1
kcfslsRcK2o--13|Signer01|they even celebrated the new year with their families|they even celebrated the new year with their families|-1|-1
yXdtLFzVrR4--0|Signer01|on 11th march 2020 the state bank of india made an announcement regarding certain changes|on 11th march 2020 the state bank of india made an announcement regarding certain changes|-1|-1
yXdtLFzVrR4--4|Signer01|this rule has now changed|this rule has now changed|-1|-1
yXdtLFzVrR4--10|Signer01|these services were implemented on 10th march 2020|these services were implemented on 10th march 2020|-1|-1
yXdtLFzVrR4--12|Signer01|they have provided such free services so that everyone benefits|they have provided such free services so that everyone benefits|-1|-1
d9U5mk58EIw--10|Signer01|still he agreed to do the procedure|still he agreed to do the procedure|-1|-1
d9U5mk58EIw--11|Signer01|in such a procedure many things can do wrong|in such a procedure many things can do wrong|-1|-1
d9U5mk58EIw--23|Signer01|the girl was very sad|the girl was very sad|-1|-1
d9U5mk58EIw--25|Signer01|i will go out and continue to live my life even though i am sad|i will go out and continue to live my life even though i am sad|-1|-1
VPSPWcG4MWA--0|Signer01|very soon the ipl will start from 29th march 2020|very soon the ipl will start from 29th march 2020|-1|-1
VPSPWcG4MWA--2|Signer01|however the maharashtra government has decided to ban the sale of tickets|however the maharashtra government has decided to ban the sale of tickets|-1|-1
Fvg2Zlxxybk--0|Signer01|the coronavirus is quickly spreading all over the world|the coronavirus is quickly spreading all over the world|-1|-1
Fvg2Zlxxybk--1|Signer01|now the who has officially declared the coronavirus to be pandemic|now the who has officially declared the coronavirus to be pandemic|-1|-1
Fvg2Zlxxybk--13|Signer01|italy has announced 200 deaths|italy has announced 200 deaths|-1|-1
Fvg2Zlxxybk--15|Signer01|more than 16 countries have closed their schools|more than 16 countries have closed their schools|-1|-1
3y7aqxlA0EY--6|Signer01|this video has gone viral|this video has gone viral|-1|-1
3y7aqxlA0EY--19|Signer01|he said there was nothing wrong with the food|he said there was nothing wrong with the food|-1|-1
YjVwBC6ezgU--0|Signer01|yes bank is in a very big financial crisis|yes bank is in a very big financial crisis|-1|-1
YjVwBC6ezgU--4|Signer01|friday night the ed raided kapoor house the ed officials said that|friday night the ed raided kapoor house the ed officials said that|-1|-1
YjVwBC6ezgU--9|Signer01|giving out loans like this is completely illegal|giving out loans like this is completely illegal|-1|-1
YjVwBC6ezgU--11|Signer01|officials say that the entire family is involved in this scam|officials say that the entire family is involved in this scam|-1|-1
YjVwBC6ezgU--14|Signer01|however she was stopped from leaving the country|however she was stopped from leaving the country|-1|-1
yTHBrH3vtv8--0|Signer01|the ipl 2020 is scheduled to start on 29th march 2020|the ipl 2020 is scheduled to start on 29th march 2020|-1|-1
yTHBrH3vtv8--1|Signer01|it will be played between mumbai indians and chennai super kings|it will be played between mumbai indians and chennai super kings|-1|-1
yTHBrH3vtv8--4|Signer01|however the government has implemented strict rules|however the government has implemented strict rules|-1|-1
yTHBrH3vtv8--10|Signer01|the government said in the last few weeks coronavirus has spread and infected many|the government said in the last few weeks coronavirus has spread and infected many|-1|-1
b7qjo_Yuliw--0|Signer01|on 24 february there was a lot of violence between hindus & muslim in delhi|on 24 february there was a lot of violence between hindus & muslim in delhi|-1|-1
b7qjo_Yuliw--3|Signer01|during the violence many muslims were very afraid and wanted to escape|during the violence many muslims were very afraid and wanted to escape|-1|-1
b7qjo_Yuliw--9|Signer01|they were all afraid of being shot by the mob|they were all afraid of being shot by the mob|-1|-1
b7qjo_Yuliw--19|Signer01|i only saw that they were human like me|i only saw that they were human like me|-1|-1
b7qjo_Yuliw--21|Signer01|there is nothing more to say i just felt it was important to save everyone|there is nothing more to say i just felt it was important to save everyone|-1|-1
joPkVNxOfAQ--1|Signer01|pakistan was actually supposed to host the asia cup|pakistan was actually supposed to host the asia cup|-1|-1
joPkVNxOfAQ--4|Signer01|this is why the event has been moved to dubai|this is why the event has been moved to dubai|-1|-1
joPkVNxOfAQ--6|Signer01|the asia cup will be held in dubai where both india and pakistan will play|the asia cup will be held in dubai where both india and pakistan will play|-1|-1
joPkVNxOfAQ--10|Signer01|they have only met in major tournaments|they have only met in major tournaments|-1|-1
X2cNsnOxt20--0|Signer01|many hospitals in mumbai are very worried about the coronavirus spreading|many hospitals in mumbai are very worried about the coronavirus spreading|-1|-1
X2cNsnOxt20--3|Signer01|the price has increased 24 times|the price has increased 24 times|-1|-1
X2cNsnOxt20--5|Signer01|they had no option but to pay rs 25 to protect everyone|they had no option but to pay rs 25 to protect everyone|-1|-1
X2cNsnOxt20--9|Signer01|due to this india is facing a severe shortage and the price has shot up|due to this india is facing a severe shortage and the price has shot up|-1|-1
fhiLE7DqT2o--0|Signer01|the spread of coronavirus has led to panic around the world|the spread of coronavirus has led to panic around the world|-1|-1
fhiLE7DqT2o--10|Signer01|many flights from india were not allowed to land in saudi on 26th february 2020|many flights from india were not allowed to land in saudi on 26th february 2020|-1|-1
fhiLE7DqT2o--17|Signer01|the coronavirus has spread to italy as well and till now 17 people have died|the coronavirus has spread to italy as well and till now 17 people have died|-1|-1
fhiLE7DqT2o--18|Signer01|which is why people were in a hurry to leave italy|which is why people were in a hurry to leave italy|-1|-1
fhiLE7DqT2o--24|Signer01|doctor tested his blood and it tested negative he died due to another disease|doctor tested his blood and it tested negative he died due to another disease|-1|-1
mBf8J1fsRMw--19|Signer01|the movie forces men to think about women issues|the movie forces men to think about women issues|-1|-1
E6UBFvjPojg--8|Signer01|it is set to be released in india on 10th april 2020|it is set to be released in india on 10th april 2020|-1|-1
oiV1jy_sprw--2|Signer01|weight loss medicines|weight loss medicines|-1|-1
oiV1jy_sprw--3|Signer01|medicines for hair growth inorder to find a suitable partner|medicines for hair growth inorder to find a suitable partner|-1|-1
oiV1jy_sprw--8|Signer01|the ministry of health and family welfare made a proposal to update this law|the ministry of health and family welfare made a proposal to update this law|-1|-1
oiV1jy_sprw--12|Signer01|this is why law has been updated to keep up with the times|this is why law has been updated to keep up with the times|-1|-1
cnOqaCV7TwM--4|Signer01|passengers were made to remain in their room it was a difficult situation|passengers were made to remain in their room it was a difficult situation|-1|-1
cnOqaCV7TwM--6|Signer01|the food was sent to the rooms and everyone was suffering|the food was sent to the rooms and everyone was suffering|-1|-1
cnOqaCV7TwM--7|Signer01|the video has gone viral|the video has gone viral|-1|-1
cnOqaCV7TwM--11|Signer01|they were all safely brought back to new delhi today morning|they were all safely brought back to new delhi today morning|-1|-1
o-RSmJfZXGk--0|Signer01|bollywood actress shilpa shetty and her husband raj kundra|bollywood actress shilpa shetty and her husband raj kundra|-1|-1
o-RSmJfZXGk--1|Signer01|welcomed their second child a baby girl|welcomed their second child a baby girl|-1|-1
o-RSmJfZXGk--8|Signer01|shilpa and raj kundra did not birth the baby|shilpa and raj kundra did not birth the baby|-1|-1
o-RSmJfZXGk--13|Signer01|but had to keep it a secret and was waiting for long|but had to keep it a secret and was waiting for long|-1|-1
I9EjR51FVE4--5|Signer01|the violence started on saturday and continued till sunday|the violence started on saturday and continued till sunday|-1|-1
I9EjR51FVE4--21|Signer01|however four people were shot dead|however four people were shot dead|-1|-1
GPJ-1l9CR1A--8|Signer01|teams from all over india are invited to participate|teams from all over india are invited to participate|-1|-1
GPJ-1l9CR1A--11|Signer01|2nd winner will get rs 65 000 -|2nd winner will get rs 65 000 -|-1|-1
GPJ-1l9CR1A--17|Signer01|man of the series will get a prize rs 10 000 - and a mobile|man of the series will get a prize rs 10 000 - and a mobile|-1|-1
GPJ-1l9CR1A--21|Signer01|the entry form must be filled by sunday 15th march 2020|the entry form must be filled by sunday 15th march 2020|-1|-1
GPJ-1l9CR1A--23|Signer01|breakfast lunch tea and dinner will be provided|breakfast lunch tea and dinner will be provided|-1|-1
C2QyiKTiX24--10|Signer01|for this they need to pay the central government|for this they need to pay the central government|-1|-1
C2QyiKTiX24--25|Signer01|they have already paid rs 10 000 crore|they have already paid rs 10 000 crore|-1|-1
C2QyiKTiX24--27|Signer01|if companies are forced to pay they may all have to shut down|if companies are forced to pay they may all have to shut down|-1|-1
C2QyiKTiX24--31|Signer01|then the prices will shoot up|then the prices will shoot up|-1|-1
C2QyiKTiX24--37|Signer01|there is no clear answer about what will happen now|there is no clear answer about what will happen now|-1|-1
0ox5ohcu7jg--7|Signer01|when you participate in a dance competition and perform|when you participate in a dance competition and perform|-1|-1
0ox5ohcu7jg--10|Signer01|the brain stores various skills|the brain stores various skills|-1|-1
0ox5ohcu7jg--31|Signer01|if she continue playing it means all is well|if she continue playing it means all is well|-1|-1
0ox5ohcu7jg--34|Signer01|she went home to her husband and son three days after the procedure|she went home to her husband and son three days after the procedure|-1|-1
0I7qATQgHCQ--1|Signer01|poor people fail to find food in a day that is free|poor people fail to find food in a day that is free|-1|-1
0I7qATQgHCQ--5|Signer01|provide free food to poor people|provide free food to poor people|-1|-1
0I7qATQgHCQ--8|Signer01|500 poor people visit him daily|500 poor people visit him daily|-1|-1
0I7qATQgHCQ--10|Signer01|many come here to eat|many come here to eat|-1|-1
0I7qATQgHCQ--18|Signer01|and in sector 29 it is open from 12 pm – 2 pm|and in sector 29 it is open from 12 pm – 2 pm|-1|-1
nocF-t3HfAE--10|Signer01|they make the products you just saw i am very happy|they make the products you just saw i am very happy|-1|-1
nocF-t3HfAE--12|Signer01|did you see those what are these|did you see those what are these|-1|-1
nocF-t3HfAE--19|Signer01|instead of making it hot you can even use it cold|instead of making it hot you can even use it cold|-1|-1
nocF-t3HfAE--50|Signer01|understood till here|understood till here|-1|-1
nocF-t3HfAE--143|Signer01|so go to her|so go to her|-1|-1
5vQOomiY-50--15|Signer01|he is coming to india just to meet modi|he is coming to india just to meet modi|-1|-1
skoppQ21zn8--1|Signer01|he started playing for them in october 2018|he started playing for them in october 2018|-1|-1
7nx0L1mTUIY--3|Signer01|there are award given all over the world|there are award given all over the world|-1|-1
7nx0L1mTUIY--5|Signer01|let me tell you which movies and actors received awards|let me tell you which movies and actors received awards|-1|-1
oTLixVmEcxI--0|Signer01|in the delhi state assembly there are a|in the delhi state assembly there are a|-1|-1
oTLixVmEcxI--9|Signer01|during the looks of her elections they|during the looks of her elections they|-1|-1
oTLixVmEcxI--17|Signer01|attend the ceremony after winning the|attend the ceremony after winning the|-1|-1
oTLixVmEcxI--18|Signer01|election kejriwal met prime minister|election kejriwal met prime minister|-1|-1
oTLixVmEcxI--27|Signer01|killing was due to a political or|killing was due to a political or|-1|-1
_7YogxBRrJw--2|Signer01|this includes lunch time of 30 minutes|this includes lunch time of 30 minutes|-1|-1
_7YogxBRrJw--6|Signer01|it will start from 29th february 2020|it will start from 29th february 2020|-1|-1
_7YogxBRrJw--14|Signer01|the decision was taken by the state cabinet|the decision was taken by the state cabinet|-1|-1
_7YogxBRrJw--19|Signer01|people expenses will reduce and they will save money|people expenses will reduce and they will save money|-1|-1
_7YogxBRrJw--22|Signer01|punjab west bengal and tamil nadu|punjab west bengal and tamil nadu|-1|-1
4-0fWeMcfgE--12|Signer01|icc said the five of them will be suspended from international cricket|icc said the five of them will be suspended from international cricket|-1|-1
zbPEWSHGX7I--10|Signer01|an executive member of slad was also present|an executive member of slad was also present|-1|-1
zbPEWSHGX7I--14|Signer01|it will inform the deaf of the decisions taken by the government|it will inform the deaf of the decisions taken by the government|-1|-1
zbPEWSHGX7I--17|Signer01|so that they receive quality education|so that they receive quality education|-1|-1
zbPEWSHGX7I--21|Signer01|interpreters must be posted here|interpreters must be posted here|-1|-1
OtwmbWhCYjU--2|Signer01|this has been going on since december 2019 and has continued through february as well|this has been going on since december 2019 and has continued through february as well|-1|-1
OtwmbWhCYjU--11|Signer01|his parents live in poor conditions and said they have lost everything|his parents live in poor conditions and said they have lost everything|-1|-1
OtwmbWhCYjU--16|Signer01|my family might not support my decision but i will continue protesting|my family might not support my decision but i will continue protesting|-1|-1
OtwmbWhCYjU--23|Signer01|she wrote a letter to the cji and|she wrote a letter to the cji and|-1|-1
OtwmbWhCYjU--24|Signer01|said just like we all have rights even a baby has rights|said just like we all have rights even a baby has rights|-1|-1
jqYnfrvVOcE--0|Signer01|on tuesday 4th february 2020 was world cancer day|on tuesday 4th february 2020 was world cancer day|-1|-1
jqYnfrvVOcE--2|Signer01|the video went viral on facebook instagram and twitter|the video went viral on facebook instagram and twitter|-1|-1
jqYnfrvVOcE--3|Signer01|living with cancer she has learned a lot of things|living with cancer she has learned a lot of things|-1|-1
jqYnfrvVOcE--5|Signer01|these two years i was patient and remained positive|these two years i was patient and remained positive|-1|-1
jqYnfrvVOcE--12|Signer01|you will then feel better|you will then feel better|-1|-1
5oGU-O7U3Bs--0|Signer01|all over india hearing as well as deaf people hate waiting in traffic|all over india hearing as well as deaf people hate waiting in traffic|-1|-1
5oGU-O7U3Bs--36|Signer01|people were very confused|people were very confused|-1|-1
5oGU-O7U3Bs--38|Signer01|people started to look around at each other with a confused look|people started to look around at each other with a confused look|-1|-1
5oGU-O7U3Bs--45|Signer01|everyone understood because of the sign|everyone understood because of the sign|-1|-1
5oGU-O7U3Bs--48|Signer01|video of this has gone viral all over social media|video of this has gone viral all over social media|-1|-1
a8z9jBlDlM4--8|Signer01|however the family were easily able to catch this|however the family were easily able to catch this|-1|-1
a8z9jBlDlM4--12|Signer01|the hospital has sent them a warning|the hospital has sent them a warning|-1|-1
zxmXQPUHPyg--3|Signer01|for a long time she never told anyone and suffered a lot|for a long time she never told anyone and suffered a lot|-1|-1
zxmXQPUHPyg--6|Signer01|her sister was shocked that she was raped by 17 people|her sister was shocked that she was raped by 17 people|-1|-1
zxmXQPUHPyg--7|Signer01|they immediately placed a complaint and the 17 men were arrested by the police|they immediately placed a complaint and the 17 men were arrested by the police|-1|-1
zxmXQPUHPyg--12|Signer01|1 was sentenced to 7 years in jail|1 was sentenced to 7 years in jail|-1|-1
zxmXQPUHPyg--13|Signer01|and 9 others were sentenced to 5 years in jail|and 9 others were sentenced to 5 years in jail|-1|-1
AJ7zHEnt6UM--7|Signer01|the government is not providing them anything for cold|the government is not providing them anything for cold|-1|-1
AJ7zHEnt6UM--8|Signer01|the defence ministry has not given them anything for the last four years|the defence ministry has not given them anything for the last four years|-1|-1
AJ7zHEnt6UM--12|Signer01|it is sad that the indian government is not providing them their basic needs|it is sad that the indian government is not providing them their basic needs|-1|-1
-PqvpqhDygk--4|Signer01|the kerala government has announced that there is a huge crisis|the kerala government has announced that there is a huge crisis|-1|-1
-PqvpqhDygk--8|Signer01|we do not want the virus to spread|we do not want the virus to spread|-1|-1
-PqvpqhDygk--17|Signer01|since a month china has been working hard to control the virus|since a month china has been working hard to control the virus|-1|-1
-PqvpqhDygk--18|Signer01|last week the world health organisation|last week the world health organisation|-1|-1
-PqvpqhDygk--21|Signer01|in an emergency the beds will be ready for patients|in an emergency the beds will be ready for patients|-1|-1
0Z5d6D2vBbc--3|Signer01|he is famous for acting in many films|he is famous for acting in many films|-1|-1
0Z5d6D2vBbc--18|Signer01|and gets the love of his life as well|and gets the love of his life as well|-1|-1
Ettr19OKSME--4|Signer01|pakistan has suffered a huge loss|pakistan has suffered a huge loss|-1|-1
IvCQm4Ql1c0--0|Signer01|did you watch the video|did you watch the video|-1|-1
IvCQm4Ql1c0--7|Signer01|she performed this exercise very well and did it 21 times in one minute|she performed this exercise very well and did it 21 times in one minute|-1|-1
IvCQm4Ql1c0--8|Signer01|she has created a new world record|she has created a new world record|-1|-1
IvCQm4Ql1c0--11|Signer01|she did not used her hands as support is not it amazing|she did not used her hands as support is not it amazing|-1|-1
IvCQm4Ql1c0--18|Signer01|this is why it was easy|this is why it was easy|-1|-1
oD8s51PFSaE--1|Signer01|which aims to send three indians in space by 2022|which aims to send three indians in space by 2022|-1|-1
oD8s51PFSaE--4|Signer01|do you know who will be the first indian to go to space|do you know who will be the first indian to go to space|-1|-1
oD8s51PFSaE--14|Signer01|however isro has not given up hope and are working very hard|however isro has not given up hope and are working very hard|-1|-1
DyS3k_CsCbs--20|Signer01|he had committed suicide in 2016|he had committed suicide in 2016|-1|-1
DyS3k_CsCbs--26|Signer01|i did not trouble the passengers as well|i did not trouble the passengers as well|-1|-1
DyS3k_CsCbs--30|Signer01|after investigating they can ban him they can not ban him its completely wrong|after investigating they can ban him they can not ban him its completely wrong|-1|-1
sQrgTD2lVOs--4|Signer01|most of them who were killed were muslims|most of them who were killed were muslims|-1|-1
sQrgTD2lVOs--6|Signer01|23 muslims were burnt alive|23 muslims were burnt alive|-1|-1
sQrgTD2lVOs--9|Signer01|these 14 individuals have been in jail for more than six years|these 14 individuals have been in jail for more than six years|-1|-1
sQrgTD2lVOs--13|Signer01|these 14 individuals then approached the supreme court|these 14 individuals then approached the supreme court|-1|-1
sQrgTD2lVOs--19|Signer01|the officials have to sent reports on a daily basis to the supreme court|the officials have to sent reports on a daily basis to the supreme court|-1|-1
bBDyaoE5qho--4|Signer01|compared to them very few cars are sold in india|compared to them very few cars are sold in india|-1|-1
bBDyaoE5qho--5|Signer01|but there is a lot of traffic in india|but there is a lot of traffic in india|-1|-1
bBDyaoE5qho--13|Signer01|which are bengaluru mumbai delhi and pune|which are bengaluru mumbai delhi and pune|-1|-1
4-FsFVrkYTg--1|Signer01|he will be visiting in february 2020|he will be visiting in february 2020|-1|-1
4-BrQM711fw--5|Signer01|he has achieved many awards and has created many records|he has achieved many awards and has created many records|-1|-1
4-BrQM711fw--12|Signer01|people across the world are shocked at losing such a talented player|people across the world are shocked at losing such a talented player|-1|-1
9qM2lB-sxwk--0|Signer01|president donald trump has announced a new visa rule for the usa|president donald trump has announced a new visa rule for the usa|-1|-1
9qM2lB-sxwk--4|Signer01|for this many are visiting the us|for this many are visiting the us|-1|-1
9qM2lB-sxwk--5|Signer01|according to the law when couples give birth in the usa|according to the law when couples give birth in the usa|-1|-1
9qM2lB-sxwk--6|Signer01|they automatically get permanent us citizenship that is the law|they automatically get permanent us citizenship that is the law|-1|-1
9qM2lB-sxwk--10|Signer01|if pregnant women deliver and gain american citizenship it will lead to more problems|if pregnant women deliver and gain american citizenship it will lead to more problems|-1|-1
rIAx3FPvjhg--0|Signer01|you all know about the problems between the usa and iran|you all know about the problems between the usa and iran|-1|-1
rIAx3FPvjhg--7|Signer01|this is the second time iran has threatened to kill trump|this is the second time iran has threatened to kill trump|-1|-1
vbq8QbOwOt4--1|Signer01|there are many in india who decide not to have children after getting married|there are many in india who decide not to have children after getting married|-1|-1
vbq8QbOwOt4--8|Signer01|they are a family of 4 which includes their 2 dogs and are very happy|they are a family of 4 which includes their 2 dogs and are very happy|-1|-1
vbq8QbOwOt4--15|Signer01|this is why people decide not to have children|this is why people decide not to have children|-1|-1
vbq8QbOwOt4--20|Signer01|this is why he decided to live his life with his wife|this is why he decided to live his life with his wife|-1|-1
vbq8QbOwOt4--23|Signer01|india has a population of 1 3 billion people|india has a population of 1 3 billion people|-1|-1
AVAL7rVfrIw--0|Signer01|in mumbai the maharashtra government has decided to allow|in mumbai the maharashtra government has decided to allow|-1|-1
AVAL7rVfrIw--9|Signer01|it means that in mumbai continue to go out late at night and enjoy themselves|it means that in mumbai continue to go out late at night and enjoy themselves|-1|-1
AVAL7rVfrIw--10|Signer01|but this has reduced a lot in the last few years|but this has reduced a lot in the last few years|-1|-1
AVAL7rVfrIw--15|Signer01|even ahmedabad city has made some changes in its policy last year|even ahmedabad city has made some changes in its policy last year|-1|-1
AVAL7rVfrIw--17|Signer01|he said the move will increase tourism improve the economy|he said the move will increase tourism improve the economy|-1|-1
SIJfNDEbF34--14|Signer01|in japan 1 person was detected with the virus|in japan 1 person was detected with the virus|-1|-1
SIJfNDEbF34--15|Signer01|in south korea 1 person was detected with the virus|in south korea 1 person was detected with the virus|-1|-1
SIJfNDEbF34--18|Signer01|since the virus is new there no vaccine or treatment available for the coronavirus|since the virus is new there no vaccine or treatment available for the coronavirus|-1|-1
SIJfNDEbF34--19|Signer01|people are advised to avoid close contact with dead or living animals|people are advised to avoid close contact with dead or living animals|-1|-1
SIJfNDEbF34--23|Signer01|indian government has ordered all the airlines having flights from china & hong kong|indian government has ordered all the airlines having flights from china & hong kong|-1|-1
Bq0DXNX5T1I--10|Signer01|their personal details have not been revealed|their personal details have not been revealed|-1|-1
Bq0DXNX5T1I--11|Signer01|once they return their aim is to complete and launch the project by 2022|once they return their aim is to complete and launch the project by 2022|-1|-1
Bq0DXNX5T1I--12|Signer01|if india is successful then for the first time indians will be in space|if india is successful then for the first time indians will be in space|-1|-1
eBMaTvuzxuM--1|Signer01|thousands including women and children have been protesting on the road|thousands including women and children have been protesting on the road|-1|-1
eBMaTvuzxuM--2|Signer01|the protest has been going on for a month now|the protest has been going on for a month now|-1|-1
eBMaTvuzxuM--5|Signer01|buses are facing severe traffic on various routes due to the protest|buses are facing severe traffic on various routes due to the protest|-1|-1
eBMaTvuzxuM--17|Signer01|to open roads for school buses & students during exam time|to open roads for school buses & students during exam time|-1|-1
eBMaTvuzxuM--18|Signer01|but their protest would continue|but their protest would continue|-1|-1
9BB5MLMJZUE--5|Signer01|everyone including all the youngsters are very excited have a look|everyone including all the youngsters are very excited have a look|-1|-1
9BB5MLMJZUE--8|Signer01|it is very nice to meet them while we walk|it is very nice to meet them while we walk|-1|-1
9BB5MLMJZUE--14|Signer01|we do this through ish news|we do this through ish news|-1|-1
9BB5MLMJZUE--18|Signer01|so that anything that happens in the world they will understand|so that anything that happens in the world they will understand|-1|-1
9BB5MLMJZUE--20|Signer01|and has founded this company i am very happy for the deaf community|and has founded this company i am very happy for the deaf community|-1|-1
Hl6EF30eYfg--3|Signer01|at the talk modi told students who are stressed due to exams to calm down|at the talk modi told students who are stressed due to exams to calm down|-1|-1
Hl6EF30eYfg--7|Signer01|what should students do if they feel stressed during their exams|what should students do if they feel stressed during their exams|-1|-1
Hl6EF30eYfg--9|Signer01|during exams having stress and problems are very common|during exams having stress and problems are very common|-1|-1
Hl6EF30eYfg--15|Signer01|let me give an example|let me give an example|-1|-1
Hl6EF30eYfg--22|Signer01|there was another example as well|there was another example as well|-1|-1
iN46J9rYeJw--5|Signer01|the doctor said that they will not be able to see clearly again|the doctor said that they will not be able to see clearly again|-1|-1
1tobm_VazO0--7|Signer01|which means they will be hanged on 1st february 2020|which means they will be hanged on 1st february 2020|-1|-1
e53kElwmxOg--0|Signer01|in the india vs australia odi series india lost the first match|in the india vs australia odi series india lost the first match|-1|-1
e53kElwmxOg--1|Signer01|however india managed to win the second match|however india managed to win the second match|-1|-1
e53kElwmxOg--2|Signer01|the third and final match was held in bengaluru|the third and final match was held in bengaluru|-1|-1
e53kElwmxOg--4|Signer01|at the india vs australia match australia won the toss and chose to bat|at the india vs australia match australia won the toss and chose to bat|-1|-1
e53kElwmxOg--13|Signer01|as a odi captain kohli now has scored more than 5 000 runs|as a odi captain kohli now has scored more than 5 000 runs|-1|-1
8yQgQw550Q8--1|Signer01|she was extremely smart and was a very good student|she was extremely smart and was a very good student|-1|-1
8yQgQw550Q8--2|Signer01|this young girl died on the day of her 16th birthday|this young girl died on the day of her 16th birthday|-1|-1
8yQgQw550Q8--13|Signer01|the right side of her body burnt due to hot water|the right side of her body burnt due to hot water|-1|-1
8yQgQw550Q8--14|Signer01|they immediately took her to the hospital|they immediately took her to the hospital|-1|-1
OC_2CAtv7VY--12|Signer01|let me tell you what the article said|let me tell you what the article said|-1|-1
OC_2CAtv7VY--25|Signer01|the reason was that he loved to watch news daily and read the newspapers|the reason was that he loved to watch news daily and read the newspapers|-1|-1
OC_2CAtv7VY--32|Signer01|ish news is available on youtube instagram facebook and also on other social media platforms|ish news is available on youtube instagram facebook and also on other social media platforms|-1|-1
OC_2CAtv7VY--50|Signer01|his team aim is of getting 30 million views|his team aim is of getting 30 million views|-1|-1
OC_2CAtv7VY--51|Signer01|mr kejriwal wanted to set up ish news because|mr kejriwal wanted to set up ish news because|-1|-1
xiCedldurhU--1|Signer01|in india there are awards such as the padma shri and other awards|in india there are awards such as the padma shri and other awards|-1|-1
xiCedldurhU--14|Signer01|this video went viral all over social media|this video went viral all over social media|-1|-1
xiCedldurhU--15|Signer01|did you see the video it has gone viral|did you see the video it has gone viral|-1|-1
xiCedldurhU--18|Signer01|just like her even her son has learnt sign language|just like her even her son has learnt sign language|-1|-1
xiCedldurhU--21|Signer01|that is exactly how a royal must act|that is exactly how a royal must act|-1|-1
WCWuKipQGKU--3|Signer01|and the number is expected to rise further|and the number is expected to rise further|-1|-1
WCWuKipQGKU--9|Signer01|now due to the fires all of this is completely destroyed and very few survived|now due to the fires all of this is completely destroyed and very few survived|-1|-1
WCWuKipQGKU--12|Signer01|they wanted to save their lives|they wanted to save their lives|-1|-1
WCWuKipQGKU--16|Signer01|to save the animals as all their natural food sources burnt away|to save the animals as all their natural food sources burnt away|-1|-1
UIJqOOy7mmw--2|Signer01|he was hanged in 2015|he was hanged in 2015|-1|-1
UIJqOOy7mmw--3|Signer01|after that in 2016 & 2017 nobody was hanged|after that in 2016 & 2017 nobody was hanged|-1|-1
UIJqOOy7mmw--5|Signer01|he was involved in mumbai terrorist attack for which he was hanged|he was involved in mumbai terrorist attack for which he was hanged|-1|-1
Rzh28ZLZ_i4--2|Signer01|this is the sign name|this is the sign name|-1|-1
Rzh28ZLZ_i4--4|Signer01|10 years ago they came to india|10 years ago they came to india|-1|-1
Ufip1R-oA8c--2|Signer01|this was by the order of the central government|this was by the order of the central government|-1|-1
Ufip1R-oA8c--5|Signer01|but in j&k the internet is still down|but in j&k the internet is still down|-1|-1
Ufip1R-oA8c--11|Signer01|the decision was given by three sc judges|the decision was given by three sc judges|-1|-1
Ufip1R-oA8c--28|Signer01|this is very wrong of the government|this is very wrong of the government|-1|-1
4KcrnKcjoSE--1|Signer01|but that has gone by now what|but that has gone by now what|-1|-1
4KcrnKcjoSE--3|Signer01|to link pan & aadhar|to link pan & aadhar|-1|-1
4KcrnKcjoSE--4|Signer01|in september 2019 the supreme court announced that|in september 2019 the supreme court announced that|-1|-1
bm5Stcw6M2Y--0|Signer01|on 4th january 2020 in india on twitter people were talking about|on 4th january 2020 in india on twitter people were talking about|-1|-1
bm5Stcw6M2Y--5|Signer01|it was completely fake|it was completely fake|-1|-1
bm5Stcw6M2Y--10|Signer01|another tweet on twitter offered a very special offer for calling on the number|another tweet on twitter offered a very special offer for calling on the number|-1|-1
bm5Stcw6M2Y--14|Signer01|however netflix tweeted and said that this is completely fake|however netflix tweeted and said that this is completely fake|-1|-1
RS_699-Gu2w--4|Signer01|she was taken to singapore for treatment however she died on 29th december 2012|she was taken to singapore for treatment however she died on 29th december 2012|-1|-1
RS_699-Gu2w--7|Signer01|these men were immediately arrested by the police|these men were immediately arrested by the police|-1|-1
RS_699-Gu2w--8|Signer01|and the court gave them the death sentence in 2013|and the court gave them the death sentence in 2013|-1|-1
RS_699-Gu2w--11|Signer01|however its been so long they have still not been hanged|however its been so long they have still not been hanged|-1|-1
RS_699-Gu2w--20|Signer01|on 22nd january 2020 at 7 00am|on 22nd january 2020 at 7 00am|-1|-1
iU_bakMBJrw--2|Signer01|2 000 homes have been destroyed and people were evacuated to safe houses|2 000 homes have been destroyed and people were evacuated to safe houses|-1|-1
iU_bakMBJrw--7|Signer01|this smoke is extremely dangerous|this smoke is extremely dangerous|-1|-1
iU_bakMBJrw--23|Signer01|what is the cause for these fires in australia|what is the cause for these fires in australia|-1|-1
iU_bakMBJrw--25|Signer01|a fire can be easily started by adding fuel to leaves wood branches etc|a fire can be easily started by adding fuel to leaves wood branches etc|-1|-1
iU_bakMBJrw--26|Signer01|but here no fuel was added then how did the fire spread so fast|but here no fuel was added then how did the fire spread so fast|-1|-1
Z80R2yX43NQ--1|Signer01|he was extremely famous and powerful|he was extremely famous and powerful|-1|-1
Z80R2yX43NQ--7|Signer01|president donald trump was extremely angry|president donald trump was extremely angry|-1|-1
lXq2Od5xsHw--2|Signer01|after her wedding she moved to mumbai|after her wedding she moved to mumbai|-1|-1
lXq2Od5xsHw--15|Signer01|just like the environment gives us resources and keeps us safe|just like the environment gives us resources and keeps us safe|-1|-1
lXq2Od5xsHw--17|Signer01|their electricity bill would touch rs 10 000 per month|their electricity bill would touch rs 10 000 per month|-1|-1
lXq2Od5xsHw--23|Signer01|they paid rs 2 5 lakh for all the solar equipment|they paid rs 2 5 lakh for all the solar equipment|-1|-1
lXq2Od5xsHw--24|Signer01|you may feel its very expensive right|you may feel its very expensive right|-1|-1
gomqPNQ3QHY--10|Signer01|their son and children of two relatives are dead as well|their son and children of two relatives are dead as well|-1|-1
gomqPNQ3QHY--13|Signer01|the police are currently investigating the crash and we will inform you with the updates|the police are currently investigating the crash and we will inform you with the updates|-1|-1
Lc7vv3pzwpU--11|Signer01|crew members said they know she had booked the seat but requested her to move|crew members said they know she had booked the seat but requested her to move|-1|-1
Lc7vv3pzwpU--12|Signer01|this argument lasted 45 minutes|this argument lasted 45 minutes|-1|-1
Lc7vv3pzwpU--16|Signer01|this video went viral let me tell you what they spoke|this video went viral let me tell you what they spoke|-1|-1
Lc7vv3pzwpU--18|Signer01|now 50 people on this flight are waiting because of your argument|now 50 people on this flight are waiting because of your argument|-1|-1
Lc7vv3pzwpU--27|Signer01|she finally accepted and moved to a different seat|she finally accepted and moved to a different seat|-1|-1
fP3tUmuFPxI--3|Signer01|and shared it twitter which went viral|and shared it twitter which went viral|-1|-1
fP3tUmuFPxI--9|Signer01|however there is one positive point|however there is one positive point|-1|-1
fP3tUmuFPxI--11|Signer01|earlier it was very difficult for deaf individuals to communicate|earlier it was very difficult for deaf individuals to communicate|-1|-1
fP3tUmuFPxI--13|Signer01|this is what mr mahindra wanted to say|this is what mr mahindra wanted to say|-1|-1
YAZDuW6kEWk--5|Signer01|he was then released and was back at home|he was then released and was back at home|-1|-1
YAZDuW6kEWk--8|Signer01|however the police stopped them for questioning priyanka got fed up of the questions and|however the police stopped them for questioning priyanka got fed up of the questions and|-1|-1
YAZDuW6kEWk--16|Signer01|she said the up police were extremely bad|she said the up police were extremely bad|-1|-1
eWndPJm4Iy8--6|Signer01|timings are 8 00am to 7 00pm|timings are 8 00am to 7 00pm|-1|-1
eWndPJm4Iy8--13|Signer01|from 1 00pm to 2 00pm lunch will be served|from 1 00pm to 2 00pm lunch will be served|-1|-1
eWndPJm4Iy8--18|Signer01|are you excited for the programme there are two types of entry fees|are you excited for the programme there are two types of entry fees|-1|-1
eWndPJm4Iy8--25|Signer01|please remember there is 400 person limit|please remember there is 400 person limit|-1|-1
eWndPJm4Iy8--26|Signer01|a special gift will be given to everyone|a special gift will be given to everyone|-1|-1
BfgJ0f1k7nk--2|Signer01|both of them went to dubai to celebrate the new year|both of them went to dubai to celebrate the new year|-1|-1
BfgJ0f1k7nk--8|Signer01|hardik then posted pictures and videos on instagram which went viral|hardik then posted pictures and videos on instagram which went viral|-1|-1
BfgJ0f1k7nk--11|Signer01|did you that video he gave his girlfriend flowers and she accepted|did you that video he gave his girlfriend flowers and she accepted|-1|-1
BfgJ0f1k7nk--17|Signer01|indian cricket captain virat kohli commented on hardik instagram post|indian cricket captain virat kohli commented on hardik instagram post|-1|-1
BfgJ0f1k7nk--23|Signer01|everyone is very surprised and happy|everyone is very surprised and happy|-1|-1
9IZODS5NogE--6|Signer01|a report by the financial express has said that|a report by the financial express has said that|-1|-1
9IZODS5NogE--13|Signer01|this year they recieved a lot more|this year they recieved a lot more|-1|-1
cSyeRv73mos--8|Signer01|they have achieved this after being married for so long|they have achieved this after being married for so long|-1|-1
cSyeRv73mos--15|Signer01|did you see the pictures are not they beautiful|did you see the pictures are not they beautiful|-1|-1
cSyeRv73mos--16|Signer01|oh my they have been married for 80 years|oh my they have been married for 80 years|-1|-1
cSyeRv73mos--20|Signer01|however one must accept it|however one must accept it|-1|-1
19Vf1LlXjO8--5|Signer01|the results of the jharkhand assembly elections were announced on 24th december 2019|the results of the jharkhand assembly elections were announced on 24th december 2019|-1|-1
19Vf1LlXjO8--9|Signer01|he has worked hard for peace and development in jharkhand|he has worked hard for peace and development in jharkhand|-1|-1
H5XG9lGV4fQ--5|Signer01|plus it is very safe for women|plus it is very safe for women|-1|-1
H5XG9lGV4fQ--19|Signer01|you all know that mumbai is considered the economic capital of india|you all know that mumbai is considered the economic capital of india|-1|-1
tzHCbXhcARY--5|Signer01|every year people spend lakhs and crores of rupees|every year people spend lakhs and crores of rupees|-1|-1
tzHCbXhcARY--6|Signer01|do not you think this is a waste of money|do not you think this is a waste of money|-1|-1
tzHCbXhcARY--7|Signer01|and it must be used for something useful|and it must be used for something useful|-1|-1
tzHCbXhcARY--13|Signer01|the money will be used to build schools instead|the money will be used to build schools instead|-1|-1
tzHCbXhcARY--15|Signer01|most of the money will be used to build schools|most of the money will be used to build schools|-1|-1
e1N2C9Qh8n4--5|Signer01|the language of the heart is related to a deaf person identity|the language of the heart is related to a deaf person identity|-1|-1
e1N2C9Qh8n4--8|Signer01|now the same movie will be made in sign language|now the same movie will be made in sign language|-1|-1
e1N2C9Qh8n4--10|Signer01|this is why he called it heart language|this is why he called it heart language|-1|-1
e1N2C9Qh8n4--14|Signer01|when they watch the movie the will connect to the story|when they watch the movie the will connect to the story|-1|-1
e1N2C9Qh8n4--21|Signer01|they are currently looking for funds|they are currently looking for funds|-1|-1
fZLbpzvBpsE--0|Signer01|now uttar pradesh has started india first university only for transgender people|now uttar pradesh has started india first university only for transgender people|-1|-1
fZLbpzvBpsE--4|Signer01|dr krishna mohan mishra president of the trust said|dr krishna mohan mishra president of the trust said|-1|-1
fZLbpzvBpsE--6|Signer01|and from february and march other classes will start|and from february and march other classes will start|-1|-1
fZLbpzvBpsE--11|Signer01|i am happy that transgender people will receive education|i am happy that transgender people will receive education|-1|-1
KPw4xi3IZ5w--5|Signer01|9 people have died in the crash out of which 6 were children|9 people have died in the crash out of which 6 were children|-1|-1
KPw4xi3IZ5w--6|Signer01|images of the crash show the plane was damaged into several parts|images of the crash show the plane was damaged into several parts|-1|-1
KPw4xi3IZ5w--9|Signer01|when the flight crashed there was no fire as well|when the flight crashed there was no fire as well|-1|-1
KPw4xi3IZ5w--12|Signer01|the person responsible for the crash would face severe punishment under the law|the person responsible for the crash would face severe punishment under the law|-1|-1
ZuJkZxt8Law--6|Signer01|this year all of this has severely reduced|this year all of this has severely reduced|-1|-1
ZuJkZxt8Law--7|Signer01|since these have reduced the financial development of india has stopped|since these have reduced the financial development of india has stopped|-1|-1
hkflnjjzdzE--2|Signer01|whereas some are completely against it & there are many arguments|whereas some are completely against it & there are many arguments|-1|-1
hkflnjjzdzE--15|Signer01|all those who have entered india before 31st december 2014 will be given indian citizenship|all those who have entered india before 31st december 2014 will be given indian citizenship|-1|-1
hkflnjjzdzE--18|Signer01|the government will give them fast track indian citizenship in six years|the government will give them fast track indian citizenship in six years|-1|-1
hkflnjjzdzE--23|Signer01|and if that person is a muslim he will not be given indian citizenship|and if that person is a muslim he will not be given indian citizenship|-1|-1
hkflnjjzdzE--34|Signer01|to make sure assam culture is protected|to make sure assam culture is protected|-1|-1
vCzUKcY_Ocg--12|Signer01|this is because it is their right|this is because it is their right|-1|-1
Y8icZs4hIAE--2|Signer01|11 people have died in the last 2 days|11 people have died in the last 2 days|-1|-1
Y8icZs4hIAE--5|Signer01|the police have implemented heavy security in the area|the police have implemented heavy security in the area|-1|-1
Y8icZs4hIAE--9|Signer01|police said that the protest can be dangerous in future|police said that the protest can be dangerous in future|-1|-1
Y8icZs4hIAE--15|Signer01|internet was shut down in 21 districts including lucknow and varanasi|internet was shut down in 21 districts including lucknow and varanasi|-1|-1
Y8icZs4hIAE--20|Signer01|if you want us to suffer a loss we will make sure you suffer to|if you want us to suffer a loss we will make sure you suffer to|-1|-1
Y7FiVp0ya0g--0|Signer01|banks may soon start questioning customers who wish to open bank accounts|banks may soon start questioning customers who wish to open bank accounts|-1|-1
Y7FiVp0ya0g--2|Signer01|then they can open a bank account|then they can open a bank account|-1|-1
Y7FiVp0ya0g--3|Signer01|what the need for such questions|what the need for such questions|-1|-1
Y7FiVp0ya0g--13|Signer01|they are also permitted to own property|they are also permitted to own property|-1|-1
Y7FiVp0ya0g--20|Signer01|people are saying that banks are asking people religion for the first time|people are saying that banks are asking people religion for the first time|-1|-1
zNAkSBWNleI--1|Signer01|and will issue new rs 1 000 notes|and will issue new rs 1 000 notes|-1|-1
zNAkSBWNleI--5|Signer01|from 1st january new rs 1 000 notes will be issued|from 1st january new rs 1 000 notes will be issued|-1|-1
zNAkSBWNleI--6|Signer01|this message confused many people|this message confused many people|-1|-1
qYKOWJdx37c--4|Signer01|the men then burnt her alive|the men then burnt her alive|-1|-1
qYKOWJdx37c--11|Signer01|he has now been arrested|he has now been arrested|-1|-1
qYKOWJdx37c--15|Signer01|the court said that the case took so long because|the court said that the case took so long because|-1|-1
qYKOWJdx37c--17|Signer01|when questioned about the details about the rape they find it very difficult to answer|when questioned about the details about the rape they find it very difficult to answer|-1|-1
2bhuzXiE1Y4--4|Signer01|however now times have changed|however now times have changed|-1|-1
2bhuzXiE1Y4--8|Signer01|this is because women say that|this is because women say that|-1|-1
2bhuzXiE1Y4--9|Signer01|a baby feels hungry at any time their schedule is not fixed|a baby feels hungry at any time their schedule is not fixed|-1|-1
2bhuzXiE1Y4--11|Signer01|or is the baby the baby is always the priority finding a room is not|or is the baby the baby is always the priority finding a room is not|-1|-1
2bhuzXiE1Y4--19|Signer01|you may think that this is a very bad|you may think that this is a very bad|-1|-1
2iYlY1duzvc--3|Signer01|however hardik wants to rest some more|however hardik wants to rest some more|-1|-1
2iYlY1duzvc--9|Signer01|his surgery was successful and took complete rest|his surgery was successful and took complete rest|-1|-1
2iYlY1duzvc--14|Signer01|he will play for the mumbai indians in the 2020 ipl next year|he will play for the mumbai indians in the 2020 ipl next year|-1|-1
BJSJ0dIH6rg--5|Signer01|but they could not score enough runs|but they could not score enough runs|-1|-1
BJSJ0dIH6rg--7|Signer01|now india won 2 matches and west indies won just one match|now india won 2 matches and west indies won just one match|-1|-1
BJSJ0dIH6rg--8|Signer01|in yesterday match india created many records|in yesterday match india created many records|-1|-1
BJSJ0dIH6rg--11|Signer01|virat kohli scored 70 runs|virat kohli scored 70 runs|-1|-1
T6in5LrQNEU--10|Signer01|everyone is working to save the victims|everyone is working to save the victims|-1|-1
-a1ujoD7OUs--8|Signer01|she was raised by a single mother and her family was very poor|she was raised by a single mother and her family was very poor|-1|-1
-a1ujoD7OUs--14|Signer01|there are many young female pm all over the world|there are many young female pm all over the world|-1|-1
-a1ujoD7OUs--15|Signer01|lets hope india next pm is also young|lets hope india next pm is also young|-1|-1
fjmZH2OZW2o--7|Signer01|he showed to the people and said this was his art work which he created|he showed to the people and said this was his art work which he created|-1|-1
7fqvJk4iyak--6|Signer01|the bill was then passed|the bill was then passed|-1|-1
7fqvJk4iyak--9|Signer01|the cab will not give citizenship to muslims|the cab will not give citizenship to muslims|-1|-1
7fqvJk4iyak--15|Signer01|amit shah said the law was because|amit shah said the law was because|-1|-1
7fqvJk4iyak--21|Signer01|this is because the states have their own culture|this is because the states have their own culture|-1|-1
7fqvJk4iyak--23|Signer01|they are afraid of this and are protesting|they are afraid of this and are protesting|-1|-1
2YtLIuC5srI--10|Signer01|also a materials from the factories were stored|also a materials from the factories were stored|-1|-1
2YtLIuC5srI--13|Signer01|the fire started on the second floor of the building|the fire started on the second floor of the building|-1|-1
2YtLIuC5srI--18|Signer01|factory materials such as school bags water bottles etc were all stored inside|factory materials such as school bags water bottles etc were all stored inside|-1|-1
2YtLIuC5srI--21|Signer01|union minister amit shah said this was a very shocking incident|union minister amit shah said this was a very shocking incident|-1|-1
2YtLIuC5srI--23|Signer01|delhi chief minister arvind kejriwal said he will help to investigate the matter|delhi chief minister arvind kejriwal said he will help to investigate the matter|-1|-1
YBXFp0tI62I--5|Signer01|this is why the fire spread all over|this is why the fire spread all over|-1|-1
YBXFp0tI62I--7|Signer01|the victims are from bihar delhi uttar pradesh|the victims are from bihar delhi uttar pradesh|-1|-1
YBXFp0tI62I--8|Signer01|haryana gujarat and tamil nadu|haryana gujarat and tamil nadu|-1|-1
YBXFp0tI62I--11|Signer01|can call on this number|can call on this number|-1|-1
Fapv_Egd0F4--0|Signer01|the ed is responsible to handle financial crimes they had filed a case against|the ed is responsible to handle financial crimes they had filed a case against|-1|-1
Fapv_Egd0F4--8|Signer01|he had to pay rs 2 lakh for the bail|he had to pay rs 2 lakh for the bail|-1|-1
TvYfLZJkg_Q--5|Signer01|she will then be dropped home|she will then be dropped home|-1|-1
TvYfLZJkg_Q--7|Signer01|and this is the second|and this is the second|-1|-1
TvYfLZJkg_Q--18|Signer01|this will make sure she can be rescued in time|this will make sure she can be rescued in time|-1|-1
EYO0ko9YnNU--3|Signer01|he is 47 years old and is an indian|he is 47 years old and is an indian|-1|-1
EYO0ko9YnNU--11|Signer01|they said they have no interest in holding management posts|they said they have no interest in holding management posts|-1|-1
EYO0ko9YnNU--17|Signer01|to a middle class family his family faced many financial problems|to a middle class family his family faced many financial problems|-1|-1
EYO0ko9YnNU--21|Signer01|now he is successful|now he is successful|-1|-1
EYO0ko9YnNU--25|Signer01|this is why he was made the ceo in 2015|this is why he was made the ceo in 2015|-1|-1
wjXvu6_62ps--1|Signer01|on a bus six men raped a woman who was with a friend|on a bus six men raped a woman who was with a friend|-1|-1
wjXvu6_62ps--5|Signer01|how dangerous people in india were very angry|how dangerous people in india were very angry|-1|-1
wjXvu6_62ps--6|Signer01|the six men were arrested and sent to jail|the six men were arrested and sent to jail|-1|-1
wjXvu6_62ps--8|Signer01|it was given to her by the media|it was given to her by the media|-1|-1
wjXvu6_62ps--17|Signer01|the remaining four were sentenced to death penalty and would be hanged|the remaining four were sentenced to death penalty and would be hanged|-1|-1
JKkcqYohksM--5|Signer01|like we have isro in india america has nasa|like we have isro in india america has nasa|-1|-1
JKkcqYohksM--8|Signer01|nasa released these images and requested experts to help find the lander|nasa released these images and requested experts to help find the lander|-1|-1
JKkcqYohksM--19|Signer01|he encouraged people interested in space to keep working|he encouraged people interested in space to keep working|-1|-1
JKkcqYohksM--21|Signer01|similarly you all must follow your interest|similarly you all must follow your interest|-1|-1
8unmk0ERRNY--15|Signer01|the central government on 1st december announced that|the central government on 1st december announced that|-1|-1
5gXrpshJ_yU--1|Signer01|the scheme was launched in odisha various hospitals|the scheme was launched in odisha various hospitals|-1|-1
5gXrpshJ_yU--18|Signer01|the odisha government had also announced a number of healthcare projects|the odisha government had also announced a number of healthcare projects|-1|-1
zWrK10Oiu-Y--1|Signer01|till now the government has fired a total of 85 income tax officials|till now the government has fired a total of 85 income tax officials|-1|-1
qEjgC7BM_68--7|Signer01|deaf individuals are suffering a lot|deaf individuals are suffering a lot|-1|-1
qEjgC7BM_68--15|Signer01|do you know he is a businessman|do you know he is a businessman|-1|-1
qEjgC7BM_68--18|Signer01|i manage my business my family food etc|i manage my business my family food etc|-1|-1
qEjgC7BM_68--23|Signer01|how did you think of becoming the general secretary|how did you think of becoming the general secretary|-1|-1
qEjgC7BM_68--38|Signer01|there are 50 gifts in the lucky draw|there are 50 gifts in the lucky draw|-1|-1
gBSn9us5lF4--7|Signer01|students informed the teacher to take her to the hospital|students informed the teacher to take her to the hospital|-1|-1
gBSn9us5lF4--19|Signer01|a strict investigation will be conducted regarding this|a strict investigation will be conducted regarding this|-1|-1
gBSn9us5lF4--21|Signer01|and strict action will be taken against them|and strict action will be taken against them|-1|-1
gBSn9us5lF4--23|Signer01|he said the government needs to provide the funds for development and infrastructure of school|he said the government needs to provide the funds for development and infrastructure of school|-1|-1
gcsKu4NtYEY--0|Signer01|you all have seen the movie iron man and his iron suit|you all have seen the movie iron man and his iron suit|-1|-1
gcsKu4NtYEY--1|Signer01|i know you all have enjoyed watching the movie and his acting as well|i know you all have enjoyed watching the movie and his acting as well|-1|-1
gcsKu4NtYEY--16|Signer01|was the first person to create iron man suit|was the first person to create iron man suit|-1|-1
XZSaV4nRYdQ--10|Signer01|this is to show the world that persons with disabilities can do anything|this is to show the world that persons with disabilities can do anything|-1|-1
XZSaV4nRYdQ--15|Signer01|so that we can show the world the power of deaf individuals|so that we can show the world the power of deaf individuals|-1|-1
XZSaV4nRYdQ--23|Signer01|you can register on the following online link|you can register on the following online link|-1|-1
XZSaV4nRYdQ--50|Signer01|so submit your forms in advance|so submit your forms in advance|-1|-1
XZSaV4nRYdQ--64|Signer01|so please come|so please come|-1|-1
zh1V_GEAwc0--2|Signer01|they have been fighting about this for a long time since 2017|they have been fighting about this for a long time since 2017|-1|-1
zh1V_GEAwc0--9|Signer01|looking at this a war may happen again|looking at this a war may happen again|-1|-1
zh1V_GEAwc0--11|Signer01|he requested leaders of all political parties and media to take action against china|he requested leaders of all political parties and media to take action against china|-1|-1
gEgwa0Yx9aA--2|Signer01|all the world and in india karnataka is known as a beautiful tourist spot|all the world and in india karnataka is known as a beautiful tourist spot|-1|-1
gEgwa0Yx9aA--4|Signer01|went to visit cities and villages of karnataka|went to visit cities and villages of karnataka|-1|-1
gEgwa0Yx9aA--13|Signer01|the villagers have a case with the police|the villagers have a case with the police|-1|-1
5Mu76VUHiI4--3|Signer01|well no it was not because he was a bad person|well no it was not because he was a bad person|-1|-1
5Mu76VUHiI4--5|Signer01|the students and other teachers are protesting because the sanskrit teacher is muslim|the students and other teachers are protesting because the sanskrit teacher is muslim|-1|-1
5Mu76VUHiI4--8|Signer01|he was appointed as the teacher on 7th november|he was appointed as the teacher on 7th november|-1|-1
5Mu76VUHiI4--19|Signer01|dr khan said he started learning sanskrit from class 2|dr khan said he started learning sanskrit from class 2|-1|-1
5Mu76VUHiI4--22|Signer01|he said that teaching sanskrit has nothing to do with religion|he said that teaching sanskrit has nothing to do with religion|-1|-1
1iLh4Sop3Fs--1|Signer01|where women between the age of 10 - 50 years are not allowed|where women between the age of 10 - 50 years are not allowed|-1|-1
1iLh4Sop3Fs--3|Signer01|women are now allowed to enter the temple|women are now allowed to enter the temple|-1|-1
1iLh4Sop3Fs--8|Signer01|the kerala government has now decided not to allow women to enter the temple|the kerala government has now decided not to allow women to enter the temple|-1|-1
VNHW667F9z8--1|Signer01|this is a very famous place|this is a very famous place|-1|-1
VNHW667F9z8--3|Signer01|an interesting fact about this place is that there are no road|an interesting fact about this place is that there are no road|-1|-1
VNHW667F9z8--17|Signer01|people in italy are suffering due to the floods|people in italy are suffering due to the floods|-1|-1
sNpB6aQvTfg--1|Signer01|most of the deaf children find it difficult to communicate|most of the deaf children find it difficult to communicate|-1|-1
sNpB6aQvTfg--15|Signer01|here have a look|here have a look|-1|-1
sNpB6aQvTfg--38|Signer01|sign language in schools is very important|sign language in schools is very important|-1|-1
sNpB6aQvTfg--60|Signer01|write and share any of your experiences|write and share any of your experiences|-1|-1
sNpB6aQvTfg--65|Signer01|if schools switch to sign language education|if schools switch to sign language education|-1|-1
1fwC-OTCSx8--4|Signer01|they are not at all happy with the sc decision|they are not at all happy with the sc decision|-1|-1
1fwC-OTCSx8--6|Signer01|filed a petition|filed a petition|-1|-1
1fwC-OTCSx8--8|Signer01|but it is their right to file a petition|but it is their right to file a petition|-1|-1
GxnjBSbZuSk--4|Signer01|many cases were filed in the supreme court|many cases were filed in the supreme court|-1|-1
GxnjBSbZuSk--5|Signer01|the supreme court then said that women must be allowed to enter|the supreme court then said that women must be allowed to enter|-1|-1
GxnjBSbZuSk--10|Signer01|since 2018 amidst severe protests with the help of the police and government|since 2018 amidst severe protests with the help of the police and government|-1|-1
GxnjBSbZuSk--11|Signer01|many women managed to enter the temple|many women managed to enter the temple|-1|-1
GxnjBSbZuSk--21|Signer01|there are many temples in india that does not allow women|there are many temples in india that does not allow women|-1|-1
r73RqnteABE--0|Signer01|in india there is a lot of air pollution|in india there is a lot of air pollution|-1|-1
r73RqnteABE--2|Signer01|it is the same in china there is a lot of air pollution|it is the same in china there is a lot of air pollution|-1|-1
r73RqnteABE--6|Signer01|but china is the first to create such a large machine|but china is the first to create such a large machine|-1|-1
p8A713rpAQg--5|Signer01|in this programme deaf individuals interested in finding marriage partners are most welcome|in this programme deaf individuals interested in finding marriage partners are most welcome|-1|-1
p8A713rpAQg--7|Signer01|the timings are 9 00am to 5 00pm|the timings are 9 00am to 5 00pm|-1|-1
p8A713rpAQg--11|Signer01|to attend the programme there are two forms|to attend the programme there are two forms|-1|-1
p8A713rpAQg--15|Signer01|for the programme the registration fees are rs 800 per person|for the programme the registration fees are rs 800 per person|-1|-1
p8A713rpAQg--28|Signer01|last day to submit the form is 23rd november 2019|last day to submit the form is 23rd november 2019|-1|-1
kPFKX85NHME--10|Signer01|the governor then asked if the ncp could form the new government|the governor then asked if the ncp could form the new government|-1|-1
kPFKX85NHME--13|Signer01|let me tell you about five things that can happen|let me tell you about five things that can happen|-1|-1
kPFKX85NHME--20|Signer01|this is why the shiv sena and ncp are not supporting each other|this is why the shiv sena and ncp are not supporting each other|-1|-1
kPFKX85NHME--22|Signer01|it will face the same problem as the various parties will not support each other|it will face the same problem as the various parties will not support each other|-1|-1
kPFKX85NHME--25|Signer01|4 many say there is still hope for the bjp to form a government|4 many say there is still hope for the bjp to form a government|-1|-1
3gKelnCwuj8--2|Signer01|let me tell you about it in short|let me tell you about it in short|-1|-1
3gKelnCwuj8--14|Signer01|the main parties were fighting over the land were|the main parties were fighting over the land were|-1|-1
3gKelnCwuj8--17|Signer01|the supreme court decision has to be accepted by all|the supreme court decision has to be accepted by all|-1|-1
3gKelnCwuj8--19|Signer01|will be given to the hindus|will be given to the hindus|-1|-1
3gKelnCwuj8--22|Signer01|the supreme court has told the central government to make a trust|the supreme court has told the central government to make a trust|-1|-1
sJlOxY0Rxdo--6|Signer01|that is why vehicles were not allowed|that is why vehicles were not allowed|-1|-1
sJlOxY0Rxdo--8|Signer01|the uttar pradesh pollution control board and|the uttar pradesh pollution control board and|-1|-1
sJlOxY0Rxdo--14|Signer01|caused pollution due to their construction work|caused pollution due to their construction work|-1|-1
0pga_pmRLgs--5|Signer01|this is why the up government is afraid|this is why the up government is afraid|-1|-1
0pga_pmRLgs--6|Signer01|the up government has created list of strict rules|the up government has created list of strict rules|-1|-1
0pga_pmRLgs--19|Signer01|no discussion about the case will be allowed|no discussion about the case will be allowed|-1|-1
0pga_pmRLgs--23|Signer01|has ordered his ministers to not talk about the ayodhya issue|has ordered his ministers to not talk about the ayodhya issue|-1|-1
0pga_pmRLgs--24|Signer01|all over the country states are on high alert|all over the country states are on high alert|-1|-1
eh7rtUMUeu8--1|Signer01|after the 2019 world cup ms dhoni has not participated in any cricket match|after the 2019 world cup ms dhoni has not participated in any cricket match|-1|-1
eh7rtUMUeu8--2|Signer01|now india and bangladesh will be playing two test matches|now india and bangladesh will be playing two test matches|-1|-1
eh7rtUMUeu8--3|Signer01|the first will be in indore|the first will be in indore|-1|-1
eh7rtUMUeu8--5|Signer01|now that dhoni is playing again you must be so excited right|now that dhoni is playing again you must be so excited right|-1|-1
eh7rtUMUeu8--8|Signer01|for the test matches in indore and kolkata|for the test matches in indore and kolkata|-1|-1
nAl55M3lez0--5|Signer01|it will then hit many cities in gujarat|it will then hit many cities in gujarat|-1|-1
nAl55M3lez0--6|Signer01|there will be heavy rainfall as well|there will be heavy rainfall as well|-1|-1
nAl55M3lez0--7|Signer01|these are the various places|these are the various places|-1|-1
nAl55M3lez0--16|Signer01|on 5th november 2019 pm narendra modi attended a meeting|on 5th november 2019 pm narendra modi attended a meeting|-1|-1
nAl55M3lez0--24|Signer01|the cyclone will come to the coast of odisha west bengal and bangladesh|the cyclone will come to the coast of odisha west bengal and bangladesh|-1|-1
eO3-ar8pnbI--2|Signer01|a police vehicle was also set on fire by the lawyers|a police vehicle was also set on fire by the lawyers|-1|-1
eO3-ar8pnbI--4|Signer01|let me tell you about this shocking incident|let me tell you about this shocking incident|-1|-1
eO3-ar8pnbI--14|Signer01|suspended two officers and transferred two police officers|suspended two officers and transferred two police officers|-1|-1
eO3-ar8pnbI--23|Signer01|higher police authorities promised to investigate their problems|higher police authorities promised to investigate their problems|-1|-1
eO3-ar8pnbI--24|Signer01|after that the protestors went back home|after that the protestors went back home|-1|-1
yQSelZLtsu8--1|Signer01|officials found proof that trump spoke to the president of ukraine on 25th july 2019|officials found proof that trump spoke to the president of ukraine on 25th july 2019|-1|-1
yQSelZLtsu8--3|Signer01|trump wanted to use details about biden past to win the elections|trump wanted to use details about biden past to win the elections|-1|-1
yQSelZLtsu8--11|Signer01|approved and will begin the process soon|approved and will begin the process soon|-1|-1
yQSelZLtsu8--12|Signer01|the power higher that the lok sabha is the rajya sabha|the power higher that the lok sabha is the rajya sabha|-1|-1
yQSelZLtsu8--18|Signer01|however we will have to wait and watch|however we will have to wait and watch|-1|-1
kZGEiYmfrkE--1|Signer01|there have been many rumours about his retirement|there have been many rumours about his retirement|-1|-1
kZGEiYmfrkE--2|Signer01|dhoni has made no statement about his retirement|dhoni has made no statement about his retirement|-1|-1
kZGEiYmfrkE--12|Signer01|it took 15 years for dhoni to become famous|it took 15 years for dhoni to become famous|-1|-1
kZGEiYmfrkE--15|Signer01|he did not participate in the west indies and south africa matches|he did not participate in the west indies and south africa matches|-1|-1
kZGEiYmfrkE--18|Signer01|he will most likely play the t20 match against west indies in december|he will most likely play the t20 match against west indies in december|-1|-1
5nV8h34HFsg--2|Signer01|people were unable to step out of their homes they stay at home only|people were unable to step out of their homes they stay at home only|-1|-1
5nV8h34HFsg--9|Signer01|the delhi government has blamed the states of haryana and punjab|the delhi government has blamed the states of haryana and punjab|-1|-1
5nV8h34HFsg--15|Signer01|this will ensure crops grow well|this will ensure crops grow well|-1|-1
5nV8h34HFsg--16|Signer01|in delhi there is a lot of air pollution|in delhi there is a lot of air pollution|-1|-1
5nV8h34HFsg--24|Signer01|now you have to control the situation|now you have to control the situation|-1|-1
J12VOr4ph_A--0|Signer01|prime minister narendra modi met many bollywood stars|prime minister narendra modi met many bollywood stars|-1|-1
J12VOr4ph_A--7|Signer01|pm modi said that he met all these film stars|pm modi said that he met all these film stars|-1|-1
J12VOr4ph_A--9|Signer01|this is very important and will help the country develop|this is very important and will help the country develop|-1|-1
J12VOr4ph_A--11|Signer01|and he shared many of his ideas meeting them made him very happy|and he shared many of his ideas meeting them made him very happy|-1|-1
J12VOr4ph_A--15|Signer01|aamir khan said that he was very happy to meet pm modi|aamir khan said that he was very happy to meet pm modi|-1|-1
ewfwZAqk2jY--1|Signer01|there is a lot of terrorist activities in pakistan that attack india|there is a lot of terrorist activities in pakistan that attack india|-1|-1
ewfwZAqk2jY--7|Signer01|now that its converted into a union territory|now that its converted into a union territory|-1|-1
ewfwZAqk2jY--21|Signer01|and such weapons are used it will be very dangerous|and such weapons are used it will be very dangerous|-1|-1
ewfwZAqk2jY--22|Signer01|nine countries in the world have nuclear weapons|nine countries in the world have nuclear weapons|-1|-1
ewfwZAqk2jY--27|Signer01|a nuclear war between india and pakistan|a nuclear war between india and pakistan|-1|-1
DGFV09kGX0Y--5|Signer01|however the bjp have won the elections|however the bjp have won the elections|-1|-1
DGFV09kGX0Y--13|Signer01|now bjp and shiv sena will form the government|now bjp and shiv sena will form the government|-1|-1
DGFV09kGX0Y--22|Signer01|this means that if a new minister is elected from bjp|this means that if a new minister is elected from bjp|-1|-1
DGFV09kGX0Y--25|Signer01|however they want that once the bjp 2 5 years are over|however they want that once the bjp 2 5 years are over|-1|-1
DGFV09kGX0Y--27|Signer01|yesterday pm modi announced that|yesterday pm modi announced that|-1|-1
7eHHrGZZufs--2|Signer01|there was a huge crowd of angry protestors let me give you all the details|there was a huge crowd of angry protestors let me give you all the details|-1|-1
7eHHrGZZufs--4|Signer01|he had a 17 year old daughter who was missing for the last 6 months|he had a 17 year old daughter who was missing for the last 6 months|-1|-1
7eHHrGZZufs--6|Signer01|but for the last 6 months the police did nothing to find his daughter|but for the last 6 months the police did nothing to find his daughter|-1|-1
7eHHrGZZufs--12|Signer01|this is why he committed suicide|this is why he committed suicide|-1|-1
O5LH3EOKa3M--3|Signer01|the picture went viral and was shared by everyone|the picture went viral and was shared by everyone|-1|-1
O5LH3EOKa3M--4|Signer01|everyone one was shocked by the picture & started talking about it|everyone one was shocked by the picture & started talking about it|-1|-1
O5LH3EOKa3M--6|Signer01|the front of the box was cut so that they could see and write|the front of the box was cut so that they could see and write|-1|-1
O5LH3EOKa3M--12|Signer01|he said that they did not force the students|he said that they did not force the students|-1|-1
O5LH3EOKa3M--15|Signer01|they are testing it for now|they are testing it for now|-1|-1
CwLjfKurRnA--4|Signer01|five others were injured|five others were injured|-1|-1
CwLjfKurRnA--5|Signer01|during pakistan firing six indian homes were damaged and set on fire|during pakistan firing six indian homes were damaged and set on fire|-1|-1
CwLjfKurRnA--7|Signer01|two cars were damaged as well|two cars were damaged as well|-1|-1
_BS2jSXdK_E--2|Signer01|so that they can sell it all over the country|so that they can sell it all over the country|-1|-1
_BS2jSXdK_E--15|Signer01|because people do not have food to eat|because people do not have food to eat|-1|-1
_BS2jSXdK_E--20|Signer01|many countries will benefit from this|many countries will benefit from this|-1|-1
Xh1OnZOV9qk--2|Signer01|the flight left on 18th october|the flight left on 18th october|-1|-1
Xh1OnZOV9qk--15|Signer01|in order to avoid failure they will keep trying|in order to avoid failure they will keep trying|-1|-1
Xh1OnZOV9qk--16|Signer01|the flight will carry only 50 passengers|the flight will carry only 50 passengers|-1|-1
Xh1OnZOV9qk--19|Signer01|for example during day time they will be fresh but when the time zone changes|for example during day time they will be fresh but when the time zone changes|-1|-1
yCGbMMl-w3Y--4|Signer01|if you do not agree then let me tell you a true story|if you do not agree then let me tell you a true story|-1|-1
yCGbMMl-w3Y--18|Signer01|after they got married they had five children|after they got married they had five children|-1|-1
yCGbMMl-w3Y--38|Signer01|it was very sweet to see their love|it was very sweet to see their love|-1|-1
yCGbMMl-w3Y--45|Signer01|now they died 14 hours apart as well|now they died 14 hours apart as well|-1|-1
yCGbMMl-w3Y--46|Signer01|their love for each other was so strong|their love for each other was so strong|-1|-1
LqonzASANm8--0|Signer01|in india haryana transport office department|in india haryana transport office department|-1|-1
LqonzASANm8--1|Signer01|has started a new training programme for the different districts of haryana|has started a new training programme for the different districts of haryana|-1|-1
LqonzASANm8--13|Signer01|they all will be encouraged to be positive|they all will be encouraged to be positive|-1|-1
p0R9C7VTn1w--0|Signer01|getting a us visa is very difficult you all know that|getting a us visa is very difficult you all know that|-1|-1
p0R9C7VTn1w--11|Signer01|her mother had gone to look for water while the child was by herself|her mother had gone to look for water while the child was by herself|-1|-1
p0R9C7VTn1w--15|Signer01|there are many such cases|there are many such cases|-1|-1
n_1vARp28dI--1|Signer01|everyone loves the show and it is very popular|everyone loves the show and it is very popular|-1|-1
n_1vARp28dI--5|Signer01|two years ago she left the show as she became pregnant|two years ago she left the show as she became pregnant|-1|-1
n_1vARp28dI--6|Signer01|many people were very sad and really missed her|many people were very sad and really missed her|-1|-1
n_1vARp28dI--8|Signer01|director and producer of the tv series said that|director and producer of the tv series said that|-1|-1
n_1vARp28dI--12|Signer01|all the viewers are very excited and can not wait for the show|all the viewers are very excited and can not wait for the show|-1|-1
6OlSDCcwM10--2|Signer01|communication would be very difficult|communication would be very difficult|-1|-1
6OlSDCcwM10--3|Signer01|earlier when a deaf person went to the police station to file a complaint|earlier when a deaf person went to the police station to file a complaint|-1|-1
6OlSDCcwM10--5|Signer01|police want to help but communication is difficult|police want to help but communication is difficult|-1|-1
6OlSDCcwM10--8|Signer01|however if they cannot even write it becomes even more difficult|however if they cannot even write it becomes even more difficult|-1|-1
6OlSDCcwM10--10|Signer01|because they are not trained in sign language|because they are not trained in sign language|-1|-1
eozqS4jnsqQ--3|Signer01|coach and the children had gone to delhi to participate in a shooting competition|coach and the children had gone to delhi to participate in a shooting competition|-1|-1
eozqS4jnsqQ--9|Signer01|at the same time incident happen & child was being rushed to the hospital|at the same time incident happen & child was being rushed to the hospital|-1|-1
mpf9SWdRi24--3|Signer01|on the same day three hindi movies were released|on the same day three hindi movies were released|-1|-1
mpf9SWdRi24--8|Signer01|that what he said|that what he said|-1|-1
mpf9SWdRi24--12|Signer01|india has a lot of economic problems|india has a lot of economic problems|-1|-1
mpf9SWdRi24--20|Signer01|how could he say such a thing|how could he say such a thing|-1|-1
mpf9SWdRi24--23|Signer01|he was completely wrong|he was completely wrong|-1|-1
PsfFprZbyao--11|Signer01|on saturday morning he went for a walk|on saturday morning he went for a walk|-1|-1
PsfFprZbyao--15|Signer01|when he saw garbage at the beach he would pick it up|when he saw garbage at the beach he would pick it up|-1|-1
PsfFprZbyao--16|Signer01|here have a look at the video|here have a look at the video|-1|-1
PsfFprZbyao--17|Signer01|pm modi then tweeted and said|pm modi then tweeted and said|-1|-1
PsfFprZbyao--24|Signer01|it will help you stay in shape|it will help you stay in shape|-1|-1
N1w6AeQjm7M--1|Signer01|after the elections results will be announced on the same day|after the elections results will be announced on the same day|-1|-1
N1w6AeQjm7M--4|Signer01|the congress said that they will not take part in the elections|the congress said that they will not take part in the elections|-1|-1
N1w6AeQjm7M--9|Signer01|while their leaders are all under arrest how can they take part in the election|while their leaders are all under arrest how can they take part in the election|-1|-1
N1w6AeQjm7M--12|Signer01|none of that was done|none of that was done|-1|-1
N1w6AeQjm7M--14|Signer01|last week the state administration said that political leaders under house arrest|last week the state administration said that political leaders under house arrest|-1|-1
nyZL5MfKPKE--0|Signer01|in the first week of august 2019|in the first week of august 2019|-1|-1
nyZL5MfKPKE--6|Signer01|thousands of military personnel were sent to j&k to secure the state|thousands of military personnel were sent to j&k to secure the state|-1|-1
nyZL5MfKPKE--20|Signer01|during the summer months of march to may many people visit j&k|during the summer months of march to may many people visit j&k|-1|-1
nyZL5MfKPKE--23|Signer01|plus if they want to book hotels there is no internet for communication|plus if they want to book hotels there is no internet for communication|-1|-1
nyZL5MfKPKE--28|Signer01|many businesses have shut down in j&k|many businesses have shut down in j&k|-1|-1
2qJPrdGK3No--7|Signer01|they informed the parents that their daughter was missing|they informed the parents that their daughter was missing|-1|-1
2qJPrdGK3No--12|Signer01|that when the police immediately went and found her|that when the police immediately went and found her|-1|-1
2qJPrdGK3No--14|Signer01|the police were shocked to see them both and took them to the police station|the police were shocked to see them both and took them to the police station|-1|-1
2qJPrdGK3No--21|Signer01|however his parents did not give him permission|however his parents did not give him permission|-1|-1
2qJPrdGK3No--27|Signer01|both men were presented in court on 8th october for a hearing|both men were presented in court on 8th october for a hearing|-1|-1
YrNpgpusPJc--6|Signer01|earlier in the month of january 2019 pm modi had released|earlier in the month of january 2019 pm modi had released|-1|-1
feitW9XDKjw--8|Signer01|many even think that women have many rules and limited freedom|many even think that women have many rules and limited freedom|-1|-1
feitW9XDKjw--9|Signer01|when the tourism chief was told all this he said that|when the tourism chief was told all this he said that|-1|-1
feitW9XDKjw--22|Signer01|however in saudi alcohol is still banned|however in saudi alcohol is still banned|-1|-1
feitW9XDKjw--23|Signer01|because of this rule some tourists who want to drink may avoid visiting saudi|because of this rule some tourists who want to drink may avoid visiting saudi|-1|-1
feitW9XDKjw--24|Signer01|now let see what happens|now let see what happens|-1|-1
vTUhXaor1XY--6|Signer01|her relatives then informed the police|her relatives then informed the police|-1|-1
vTUhXaor1XY--9|Signer01|technology experts found that|technology experts found that|-1|-1
vTUhXaor1XY--12|Signer01|the brand of the phone is not known neither is the company|the brand of the phone is not known neither is the company|-1|-1
jb38Z85P6H8--0|Signer01|in india thousands of people were very worried|in india thousands of people were very worried|-1|-1
jb38Z85P6H8--19|Signer01|people are extremely worried|people are extremely worried|-1|-1
jb38Z85P6H8--24|Signer01|police had to be called to manage the crowd|police had to be called to manage the crowd|-1|-1
jb38Z85P6H8--26|Signer01|but there is a rs 1 000 limit|but there is a rs 1 000 limit|-1|-1
jb38Z85P6H8--27|Signer01|this is why people are very worried|this is why people are very worried|-1|-1
2alnSEFa_rY--0|Signer01|a bank strike was supposed to take place on 26th & 27th september|a bank strike was supposed to take place on 26th & 27th september|-1|-1
2alnSEFa_rY--7|Signer01|people were very worried as 28th september is 4th saturday which is a bank holiday|people were very worried as 28th september is 4th saturday which is a bank holiday|-1|-1
2alnSEFa_rY--9|Signer01|also 2nd october the banks will remain shut|also 2nd october the banks will remain shut|-1|-1
2alnSEFa_rY--12|Signer01|however there is good news|however there is good news|-1|-1
2alnSEFa_rY--13|Signer01|the strike has now been cancelled|the strike has now been cancelled|-1|-1
tdo0OEPW9dE--12|Signer01|they do not know how it got stolen and they are investigating the matter|they do not know how it got stolen and they are investigating the matter|-1|-1
tdo0OEPW9dE--14|Signer01|they will investigate the matter|they will investigate the matter|-1|-1
tdo0OEPW9dE--16|Signer01|they do not know who and they are investigating the matter|they do not know who and they are investigating the matter|-1|-1
ImfeEQ9KUuc--0|Signer01|prime minister narendra modi went to america on sunday 23rd september 2019|prime minister narendra modi went to america on sunday 23rd september 2019|-1|-1
ImfeEQ9KUuc--9|Signer01|in front of president trump and various political leaders pm modi strongly said that|in front of president trump and various political leaders pm modi strongly said that|-1|-1
ImfeEQ9KUuc--10|Signer01|pakistan has been helping terrorists group and terrorists leaders|pakistan has been helping terrorists group and terrorists leaders|-1|-1
ImfeEQ9KUuc--14|Signer01|pm modi did not mention pakistan by name|pm modi did not mention pakistan by name|-1|-1
ImfeEQ9KUuc--24|Signer01|so that both india and usa develop|so that both india and usa develop|-1|-1
cAVbOQE5hvA--0|Signer01|on wednesday 18th september 2019 after a meeting between the cabinet minister|on wednesday 18th september 2019 after a meeting between the cabinet minister|-1|-1
cAVbOQE5hvA--2|Signer01|the railway ministry will give its 11 lakh employees|the railway ministry will give its 11 lakh employees|-1|-1
cAVbOQE5hvA--11|Signer01|in india so many people use the railways this helps the economy grow|in india so many people use the railways this helps the economy grow|-1|-1
JqYder5vRP4--0|Signer01|recently nirmala sitharaman the finance minister|recently nirmala sitharaman the finance minister|-1|-1
JqYder5vRP4--6|Signer01|it has been reduced to encourage businesses to grow and also help the economy develop|it has been reduced to encourage businesses to grow and also help the economy develop|-1|-1
JqYder5vRP4--7|Signer01|on 20th september 2019 finance minister sitharaman announced that|on 20th september 2019 finance minister sitharaman announced that|-1|-1
Buo5js0xrUk--2|Signer01|because of this win she has now confirmed her place in the 2020 tokyo olympics|because of this win she has now confirmed her place in the 2020 tokyo olympics|-1|-1
CTo15dG9Hjc--4|Signer01|do you all think this is true not at all|do you all think this is true not at all|-1|-1
CTo15dG9Hjc--18|Signer01|the decision was made by the cabinet ministers|the decision was made by the cabinet ministers|-1|-1
CTo15dG9Hjc--19|Signer01|it will be put in front of the parliament soon|it will be put in front of the parliament soon|-1|-1
yF2hZHPHulk--5|Signer01|it was captured by them all this while|it was captured by them all this while|-1|-1
yF2hZHPHulk--9|Signer01|is spread over 13 300 square kilometers|is spread over 13 300 square kilometers|-1|-1
yF2hZHPHulk--11|Signer01|and 45 lakh people live here|and 45 lakh people live here|-1|-1
yF2hZHPHulk--18|Signer01|one day a time will come when india will have full control over it|one day a time will come when india will have full control over it|-1|-1
yF2hZHPHulk--19|Signer01|india has welcomed talks with pakistan|india has welcomed talks with pakistan|-1|-1
sGPq906r0rM--0|Signer01|currently india has no national language|currently india has no national language|-1|-1
sGPq906r0rM--4|Signer01|on this day home minister amit shah tweeted and said that|on this day home minister amit shah tweeted and said that|-1|-1
sGPq906r0rM--10|Signer01|on the same day amit shah encouraged indian citizens to talk in their mother tongue|on the same day amit shah encouraged indian citizens to talk in their mother tongue|-1|-1
sGPq906r0rM--18|Signer01|many political leaders said that india has many languages|many political leaders said that india has many languages|-1|-1
sGPq906r0rM--19|Signer01|and everyone has their own mother tongue|and everyone has their own mother tongue|-1|-1
N8aBoRiTBEE--3|Signer01|the tourists were informed that the boat services were stopped because of the floods|the tourists were informed that the boat services were stopped because of the floods|-1|-1
N8aBoRiTBEE--13|Signer01|and the boat authorities to rescue and save people|and the boat authorities to rescue and save people|-1|-1
N8aBoRiTBEE--17|Signer01|and they will check details such as their documents as well|and they will check details such as their documents as well|-1|-1
N8aBoRiTBEE--18|Signer01|pm modi said that he is very shocked and feels very bad|pm modi said that he is very shocked and feels very bad|-1|-1
N8aBoRiTBEE--20|Signer01|he even said that officials must work hard to rescue people|he even said that officials must work hard to rescue people|-1|-1
FK7alMJX24I--7|Signer01|every year there are heavy rains and floods in mumbai|every year there are heavy rains and floods in mumbai|-1|-1
FK7alMJX24I--11|Signer01|people cannot even get out of their homes because of the floods|people cannot even get out of their homes because of the floods|-1|-1
FK7alMJX24I--12|Signer01|there are many problems|there are many problems|-1|-1
FK7alMJX24I--27|Signer01|this place has 2 700 trees|this place has 2 700 trees|-1|-1
FK7alMJX24I--35|Signer01|the report has even given some advice to improve the situation|the report has even given some advice to improve the situation|-1|-1
7byz3fdI-Ss--10|Signer01|on 10th september 2019 was his birthday and he officially retired|on 10th september 2019 was his birthday and he officially retired|-1|-1
us7lmosBgkc--9|Signer01|their prices are so less compared to the price of milk|their prices are so less compared to the price of milk|-1|-1
us7lmosBgkc--10|Signer01|this has never happened before|this has never happened before|-1|-1
us7lmosBgkc--11|Signer01|pakistani residents say that ministers did not do anything to control the prices|pakistani residents say that ministers did not do anything to control the prices|-1|-1
us7lmosBgkc--12|Signer01|the residents say that milk was never cheap in pakistan|the residents say that milk was never cheap in pakistan|-1|-1
us7lmosBgkc--14|Signer01|this shows the economic condition of pakistan|this shows the economic condition of pakistan|-1|-1
cfWQAVA2K1Y--1|Signer01|now prime minister narendra modi and|now prime minister narendra modi and|-1|-1
cfWQAVA2K1Y--3|Signer01|met on 10th september 2019 and discussed|met on 10th september 2019 and discussed|-1|-1
cfWQAVA2K1Y--6|Signer01|this will reduce petrol prices in nepal by rs 2|this will reduce petrol prices in nepal by rs 2|-1|-1
cfWQAVA2K1Y--11|Signer01|the prime minister said that india and nepal have a very close relationship|the prime minister said that india and nepal have a very close relationship|-1|-1
UOGnsmA2tzM--4|Signer01|the finance minister said that this is the youth fault|the finance minister said that this is the youth fault|-1|-1
UOGnsmA2tzM--13|Signer01|it is because of the economy|it is because of the economy|-1|-1
UOGnsmA2tzM--14|Signer01|if the youth want to buy a new car they have to think twice|if the youth want to buy a new car they have to think twice|-1|-1
UOGnsmA2tzM--21|Signer01|as you all know about the bad traffic in indian cities|as you all know about the bad traffic in indian cities|-1|-1
UOGnsmA2tzM--22|Signer01|they do not want to be stuck in that situation|they do not want to be stuck in that situation|-1|-1
XIYVemtyOYQ--2|Signer01|however no accessibility is given to us|however no accessibility is given to us|-1|-1
XIYVemtyOYQ--4|Signer01|all tv channels must provide accessibility|all tv channels must provide accessibility|-1|-1
XIYVemtyOYQ--5|Signer01|how great is that|how great is that|-1|-1
XIYVemtyOYQ--12|Signer01|and they enjoy watching tv|and they enjoy watching tv|-1|-1
FBLQbeZ1Sa0--3|Signer01|terrorist groups have warned the sri lankan cricket board|terrorist groups have warned the sri lankan cricket board|-1|-1
FBLQbeZ1Sa0--6|Signer01|sri lanka pm has said|sri lanka pm has said|-1|-1
FBLQbeZ1Sa0--15|Signer01|6 pakistani policemen were killed|6 pakistani policemen were killed|-1|-1
FBLQbeZ1Sa0--16|Signer01|and 2 civilians were killed as well|and 2 civilians were killed as well|-1|-1
FBLQbeZ1Sa0--17|Signer01|after this incident international cricket teams have refused to visit pakistan to play matches|after this incident international cricket teams have refused to visit pakistan to play matches|-1|-1
BEubZ6zHB0o--5|Signer01|by a spicejet flight on 9th september monday|by a spicejet flight on 9th september monday|-1|-1
BEubZ6zHB0o--14|Signer01|she can not stand|she can not stand|-1|-1
BEubZ6zHB0o--24|Signer01|and make sure this does not happen to anyone else|and make sure this does not happen to anyone else|-1|-1
Mg-rxTgDsYs--4|Signer01|and made j&k a union territory|and made j&k a union territory|-1|-1
Mg-rxTgDsYs--15|Signer01|by following the constitution step by step|by following the constitution step by step|-1|-1
Mg-rxTgDsYs--17|Signer01|and then made it a union territory to keep the people safe|and then made it a union territory to keep the people safe|-1|-1
Mg-rxTgDsYs--20|Signer01|pakistan government has allowed them to remain there|pakistan government has allowed them to remain there|-1|-1
Mg-rxTgDsYs--33|Signer01|the united nations general assembly will be held in new york on 27th september|the united nations general assembly will be held in new york on 27th september|-1|-1
9_edQ7-oj5k--5|Signer01|however he was not sitting in the audience in the stadium|however he was not sitting in the audience in the stadium|-1|-1
9_edQ7-oj5k--8|Signer01|the bcci was furious and sent him a notice saying|the bcci was furious and sent him a notice saying|-1|-1
9_edQ7-oj5k--9|Signer01|that he can not participate in cricket events like that|that he can not participate in cricket events like that|-1|-1
9_edQ7-oj5k--17|Signer01|he said that he did not participate in any cricket related activities|he said that he did not participate in any cricket related activities|-1|-1
9_edQ7-oj5k--20|Signer01|he would sit in the general stands to watch the match|he would sit in the general stands to watch the match|-1|-1
1WEsh91hlf0--0|Signer01|for being healthy you need to first have strong bones|for being healthy you need to first have strong bones|-1|-1
1WEsh91hlf0--1|Signer01|after this you will remain healthy this is very important in life|after this you will remain healthy this is very important in life|-1|-1
1WEsh91hlf0--4|Signer01|do not worry|do not worry|-1|-1
1WEsh91hlf0--21|Signer01|if you eat these you will remain healthy|if you eat these you will remain healthy|-1|-1
1WEsh91hlf0--36|Signer01|1 exercise on a regular basis|1 exercise on a regular basis|-1|-1
6P8QhX5Ct_Q--3|Signer01|she was awarded a medal as well as a certificate|she was awarded a medal as well as a certificate|-1|-1
6P8QhX5Ct_Q--12|Signer01|they can do anything they decide|they can do anything they decide|-1|-1
bQXimeAF4hw--4|Signer01|this is why people were very excited|this is why people were very excited|-1|-1
bQXimeAF4hw--15|Signer01|no one knew what had happened|no one knew what had happened|-1|-1
bQXimeAF4hw--19|Signer01|they will research and find out how the connection was lost|they will research and find out how the connection was lost|-1|-1
bQXimeAF4hw--24|Signer01|isro was supposed to attend a press conference and provide answers|isro was supposed to attend a press conference and provide answers|-1|-1
bQXimeAF4hw--40|Signer01|isro scientists say that|isro scientists say that|-1|-1
C7lS5d47tVY--8|Signer01|she said that she had a very bad experience with him|she said that she had a very bad experience with him|-1|-1
C7lS5d47tVY--10|Signer01|the girl kept quiet because she was afraid|the girl kept quiet because she was afraid|-1|-1
C7lS5d47tVY--15|Signer01|and tried to find him but he was missing|and tried to find him but he was missing|-1|-1
C7lS5d47tVY--16|Signer01|the girl post on social media has gone viral|the girl post on social media has gone viral|-1|-1
bpMwuPkq8A0--13|Signer01|he was fined a total of rs 23 000|he was fined a total of rs 23 000|-1|-1
bpMwuPkq8A0--15|Signer01|now he would have to pay a fine of rs 23 000|now he would have to pay a fine of rs 23 000|-1|-1
bpMwuPkq8A0--16|Signer01|there was a big argument|there was a big argument|-1|-1
bpMwuPkq8A0--20|Signer01|he said since he did not break any rules would not pay the large amount|he said since he did not break any rules would not pay the large amount|-1|-1
bpMwuPkq8A0--25|Signer01|let see if they follow or ignore the rules|let see if they follow or ignore the rules|-1|-1
J384YzT4yHc--3|Signer01|he has always travelled alone by using the train flight bus and by foot|he has always travelled alone by using the train flight bus and by foot|-1|-1
J384YzT4yHc--15|Signer01|they must change their policies|they must change their policies|-1|-1
J384YzT4yHc--30|Signer01|he decided to continue fighting and would not give up|he decided to continue fighting and would not give up|-1|-1
J384YzT4yHc--32|Signer01|this is why he wants to work and make sure it does not happen again|this is why he wants to work and make sure it does not happen again|-1|-1
J384YzT4yHc--43|Signer01|then they can travel by themselves|then they can travel by themselves|-1|-1
T0jQlhAwP3M--9|Signer01|the crowd threw hundreds of eggs tomatoes stones|the crowd threw hundreds of eggs tomatoes stones|-1|-1
T0jQlhAwP3M--12|Signer01|this is not the first time it has happened twice before|this is not the first time it has happened twice before|-1|-1
T0jQlhAwP3M--14|Signer01|at that time as well people threw eggs shoes bottles glass etc|at that time as well people threw eggs shoes bottles glass etc|-1|-1
T0jQlhAwP3M--15|Signer01|the incident on 3rd september was the second|the incident on 3rd september was the second|-1|-1
T0jQlhAwP3M--19|Signer01|and have shared images of the damage|and have shared images of the damage|-1|-1
XC0Cq2E55p4--2|Signer01|for the first time in 6 years the economy is in such a state|for the first time in 6 years the economy is in such a state|-1|-1
XC0Cq2E55p4--6|Signer01|growth in the indian manufacturing sector has reduced as well|growth in the indian manufacturing sector has reduced as well|-1|-1
XC0Cq2E55p4--8|Signer01|this made it very difficult to carry out business|this made it very difficult to carry out business|-1|-1
XC0Cq2E55p4--16|Signer01|are getting a very low price in return|are getting a very low price in return|-1|-1
XC0Cq2E55p4--20|Signer01|let see how they manage the economy now|let see how they manage the economy now|-1|-1
C1V3buZGsR8--4|Signer01|this was the main source of income for the family|this was the main source of income for the family|-1|-1
C1V3buZGsR8--18|Signer01|sharma will now find a job|sharma will now find a job|-1|-1
xFEQrtosric--1|Signer01|his death is a big loss to the country|his death is a big loss to the country|-1|-1
xFEQrtosric--4|Signer01|it being used for matches for more than 100 years|it being used for matches for more than 100 years|-1|-1
xFEQrtosric--9|Signer01|famous cricketers such as virat kohli|famous cricketers such as virat kohli|-1|-1
xFEQrtosric--13|Signer01|this is why they are so successful|this is why they are so successful|-1|-1
5FVCXq2SQkw--11|Signer01|which are the four banks|which are the four banks|-1|-1
5FVCXq2SQkw--19|Signer01|and the process of loans must not be affected|and the process of loans must not be affected|-1|-1
5FVCXq2SQkw--20|Signer01|the government has promised that the staff will not be fired|the government has promised that the staff will not be fired|-1|-1
5FVCXq2SQkw--24|Signer01|across the world international banks have set a standard for growth and quality work|across the world international banks have set a standard for growth and quality work|-1|-1
5FVCXq2SQkw--25|Signer01|they want india to meet this standard|they want india to meet this standard|-1|-1
7lEr7fhgYy4--6|Signer01|in phase 2 18 colleges have been approved the construction is in still process|in phase 2 18 colleges have been approved the construction is in still process|-1|-1
7lEr7fhgYy4--7|Signer01|the new medical colleges will be set up in areas that have no medical colleges|the new medical colleges will be set up in areas that have no medical colleges|-1|-1
7lEr7fhgYy4--8|Signer01|and in government hospitals that have at least 200 beds|and in government hospitals that have at least 200 beds|-1|-1
7lEr7fhgYy4--10|Signer01|the increase in doctors will help provide better medical care in government hospitals|the increase in doctors will help provide better medical care in government hospitals|-1|-1
KsUWLN4hEvo--10|Signer01|communication was completely blocked|communication was completely blocked|-1|-1
KsUWLN4hEvo--15|Signer01|they said that changes in j&k could be made by asking the j&k state assembly|they said that changes in j&k could be made by asking the j&k state assembly|-1|-1
KsUWLN4hEvo--21|Signer01|they were not given access to cover meetings as well they were constantly denied|they were not given access to cover meetings as well they were constantly denied|-1|-1
KsUWLN4hEvo--25|Signer01|j&k is a part of india as well|j&k is a part of india as well|-1|-1
KsUWLN4hEvo--34|Signer01|they have asked details regarding these restrictions within seven days|they have asked details regarding these restrictions within seven days|-1|-1
bgAhZLTLRfs--25|Signer01|and placed it inside his car|and placed it inside his car|-1|-1
bgAhZLTLRfs--30|Signer01|this is why he used the rock to kill him|this is why he used the rock to kill him|-1|-1
bgAhZLTLRfs--48|Signer01|she thanked everyone for their information|she thanked everyone for their information|-1|-1
bgAhZLTLRfs--56|Signer01|she took a picture of the baby signing i love you|she took a picture of the baby signing i love you|-1|-1
bgAhZLTLRfs--57|Signer01|there was no reply|there was no reply|-1|-1
u4Yz3mmIjxk--5|Signer01|this is the same problem|this is the same problem|-1|-1
u4Yz3mmIjxk--23|Signer01|it is good for your health and safe as well|it is good for your health and safe as well|-1|-1
u4Yz3mmIjxk--27|Signer01|the price is the same|the price is the same|-1|-1
u4Yz3mmIjxk--28|Signer01|the taste is the same|the taste is the same|-1|-1
u4Yz3mmIjxk--34|Signer01|this will ensure the environment is protected|this will ensure the environment is protected|-1|-1
QfrjNCRduU0--3|Signer01|during the finals she lost|during the finals she lost|-1|-1
QfrjNCRduU0--5|Signer01|she is the first woman to win so many medals|she is the first woman to win so many medals|-1|-1
Tx5LxJmDViE--3|Signer01|in 2016 he was admitted in the hospital where he was detected with kidney failure|in 2016 he was admitted in the hospital where he was detected with kidney failure|-1|-1
Tx5LxJmDViE--13|Signer01|he died 24th august 2019 in the afternoon|he died 24th august 2019 in the afternoon|-1|-1
Tx5LxJmDViE--14|Signer01|the modi government and the bjp party|the modi government and the bjp party|-1|-1
Tx5LxJmDViE--28|Signer01|he was then arrested and sent to jail for 19 months|he was then arrested and sent to jail for 19 months|-1|-1
Tx5LxJmDViE--41|Signer01|this is why he refused|this is why he refused|-1|-1
39at7Lxu6Yo--13|Signer01|the ed arrested him in one case|the ed arrested him in one case|-1|-1
39at7Lxu6Yo--16|Signer01|this is the company sign name|this is the company sign name|-1|-1
QNIFAKLNnxc--5|Signer01|the people of j&k were not happy with the bjp government decision|the people of j&k were not happy with the bjp government decision|-1|-1
QNIFAKLNnxc--7|Signer01|to ensure the safety of the citizens of j&k|to ensure the safety of the citizens of j&k|-1|-1
QNIFAKLNnxc--9|Signer01|the government also had information that pakistani terrorists wanted to create trouble in j&k|the government also had information that pakistani terrorists wanted to create trouble in j&k|-1|-1
QNIFAKLNnxc--10|Signer01|since the laws were implemented no one has died|since the laws were implemented no one has died|-1|-1
QNIFAKLNnxc--11|Signer01|if the laws were not implemented there would have been more deaths|if the laws were not implemented there would have been more deaths|-1|-1
6TsqqzGlBSU--9|Signer01|they will try to solve these problems|they will try to solve these problems|-1|-1
6TsqqzGlBSU--11|Signer01|they will provide great technology and quality service|they will provide great technology and quality service|-1|-1
vV8aMpnErig--0|Signer01|for the past few days there have been dangerous floods in kerala|for the past few days there have been dangerous floods in kerala|-1|-1
vV8aMpnErig--2|Signer01|volunteers and ngos from kerala helped to distribute water|volunteers and ngos from kerala helped to distribute water|-1|-1
vV8aMpnErig--15|Signer01|did you see the video the man really has a big heart|did you see the video the man really has a big heart|-1|-1
vV8aMpnErig--17|Signer01|he said that if he died he would not take the clothes along with him|he said that if he died he would not take the clothes along with him|-1|-1
vV8aMpnErig--21|Signer01|he said that not everyone is bad there are some people who are very good|he said that not everyone is bad there are some people who are very good|-1|-1
xgb3hDoDt9Y--0|Signer01|in his independence day speech pm modi said that|in his independence day speech pm modi said that|-1|-1
xgb3hDoDt9Y--1|Signer01|the three forces which are the army air force and the navy|the three forces which are the army air force and the navy|-1|-1
xgb3hDoDt9Y--5|Signer01|pm modi said that this will make the indian army more strong|pm modi said that this will make the indian army more strong|-1|-1
xgb3hDoDt9Y--11|Signer01|a committee was set up to find out why and how this happened|a committee was set up to find out why and how this happened|-1|-1
xgb3hDoDt9Y--13|Signer01|however due to politics this decision was never made|however due to politics this decision was never made|-1|-1
C6rxhu5ICwI--5|Signer01|it starts towards the end of may|it starts towards the end of may|-1|-1
C6rxhu5ICwI--6|Signer01|however this year it began at the start of may|however this year it began at the start of may|-1|-1
C6rxhu5ICwI--14|Signer01|this is a big problem|this is a big problem|-1|-1
C6rxhu5ICwI--15|Signer01|it is dangerous for people living near the coast|it is dangerous for people living near the coast|-1|-1
dk43PRTkMBU--1|Signer01|people do not even think before they do this why is this|people do not even think before they do this why is this|-1|-1
dk43PRTkMBU--5|Signer01|however in return we do not care for them at all|however in return we do not care for them at all|-1|-1
dk43PRTkMBU--8|Signer01|recently the ocean has sent back all the plastic garbage back to us|recently the ocean has sent back all the plastic garbage back to us|-1|-1
dk43PRTkMBU--18|Signer01|plastic bottles and waste will remain as is|plastic bottles and waste will remain as is|-1|-1
dk43PRTkMBU--21|Signer01|people were shocked and afraid to see this|people were shocked and afraid to see this|-1|-1
Ohq8C9E-nAo--8|Signer01|the government has also taken many decisions for the people|the government has also taken many decisions for the people|-1|-1
Ohq8C9E-nAo--13|Signer01|in his speech pm modi said that the population is increasing a lot|in his speech pm modi said that the population is increasing a lot|-1|-1
Ohq8C9E-nAo--17|Signer01|people must create awareness for this in india|people must create awareness for this in india|-1|-1
Ohq8C9E-nAo--19|Signer01|the government wants businesses to develop in india|the government wants businesses to develop in india|-1|-1
Ohq8C9E-nAo--27|Signer01|who create jobs for the people and money for the development of the country|who create jobs for the people and money for the development of the country|-1|-1
c9RrRbqmcIU--0|Signer01|for the first time madhya pradesh has created a new laws|for the first time madhya pradesh has created a new laws|-1|-1
c9RrRbqmcIU--7|Signer01|the app will send a message to the police control room|the app will send a message to the police control room|-1|-1
c9RrRbqmcIU--16|Signer01|this new law is very good idea|this new law is very good idea|-1|-1
c9RrRbqmcIU--17|Signer01|it will make sure companies follow the rules|it will make sure companies follow the rules|-1|-1
c9RrRbqmcIU--18|Signer01|it will start from september|it will start from september|-1|-1
KcsS94CxNDk--0|Signer01|you all know asia richest man is mukesh ambani the famous businessman|you all know asia richest man is mukesh ambani the famous businessman|-1|-1
KcsS94CxNDk--2|Signer01|you all know he is the number one businessman|you all know he is the number one businessman|-1|-1
KcsS94CxNDk--7|Signer01|reliance is planning to bring this company to india|reliance is planning to bring this company to india|-1|-1
KcsS94CxNDk--8|Signer01|they will set up stores in new delhi towards the end of 2019|they will set up stores in new delhi towards the end of 2019|-1|-1
KcsS94CxNDk--16|Signer01|since reliance business is doing very well in india|since reliance business is doing very well in india|-1|-1
tmzcR6oMI6w--2|Signer01|these are products that are sold on amazon|these are products that are sold on amazon|-1|-1
tmzcR6oMI6w--4|Signer01|many people like products and want to buy it|many people like products and want to buy it|-1|-1
tmzcR6oMI6w--6|Signer01|however there is one problem|however there is one problem|-1|-1
tmzcR6oMI6w--22|Signer01|so next time please be careful|so next time please be careful|-1|-1
oGMWbEXAHcQ--3|Signer01|we do not eat at time and eat very late|we do not eat at time and eat very late|-1|-1
oGMWbEXAHcQ--4|Signer01|we drink very little water and hardly exercise|we drink very little water and hardly exercise|-1|-1
oGMWbEXAHcQ--20|Signer01|will really help to improve your health|will really help to improve your health|-1|-1
oGMWbEXAHcQ--31|Signer01|however are you following it|however are you following it|-1|-1
oGMWbEXAHcQ--32|Signer01|people must try to follow these and eat on time as it is very important|people must try to follow these and eat on time as it is very important|-1|-1
S_N_5VDIaXs--2|Signer01|till 2018 saudi women were not even permitted to drive|till 2018 saudi women were not even permitted to drive|-1|-1
S_N_5VDIaXs--3|Signer01|the had many strict laws|the had many strict laws|-1|-1
S_N_5VDIaXs--9|Signer01|because of this in 2017 many women ran away from saudi|because of this in 2017 many women ran away from saudi|-1|-1
S_N_5VDIaXs--10|Signer01|more than 800 people ran away from saudi and asked the un for help|more than 800 people ran away from saudi and asked the un for help|-1|-1
S_N_5VDIaXs--30|Signer01|saudi women suffered a lot as they had to follow laws|saudi women suffered a lot as they had to follow laws|-1|-1
wl7Emx6E07A--6|Signer01|the court has told them to stop this|the court has told them to stop this|-1|-1
wl7Emx6E07A--10|Signer01|and it is not good for health as well|and it is not good for health as well|-1|-1
wl7Emx6E07A--13|Signer01|they have to take permission from the bmc|they have to take permission from the bmc|-1|-1
wl7Emx6E07A--15|Signer01|if any of these rules are broken a heavy fine will be imposed|if any of these rules are broken a heavy fine will be imposed|-1|-1
zCCTCFO6gjE--1|Signer01|pm modi gave a 40 minute speech|pm modi gave a 40 minute speech|-1|-1
zCCTCFO6gjE--4|Signer01|all these years there have been many problems in j&k|all these years there have been many problems in j&k|-1|-1
zCCTCFO6gjE--6|Signer01|people of j&k could not develop|people of j&k could not develop|-1|-1
zCCTCFO6gjE--13|Signer01|making this change was not easy|making this change was not easy|-1|-1
zCCTCFO6gjE--21|Signer01|and now j&k has a bright future|and now j&k has a bright future|-1|-1
FzK58dbi0_E--2|Signer01|20 people have been killed and 26 others were injured|20 people have been killed and 26 others were injured|-1|-1
FzK58dbi0_E--7|Signer01|this was very wrong|this was very wrong|-1|-1
FzK58dbi0_E--19|Signer01|the police are now investigating to see who else was involved in the shooting|the police are now investigating to see who else was involved in the shooting|-1|-1
FzK58dbi0_E--23|Signer01|3 people died and 13 were injured|3 people died and 13 were injured|-1|-1
FzK58dbi0_E--29|Signer01|in an interview trump said that|in an interview trump said that|-1|-1
74fXyi-W_xY--10|Signer01|finally they passed the law the law came|finally they passed the law the law came|-1|-1
74fXyi-W_xY--14|Signer01|given the drugs the law is for patients|given the drugs the law is for patients|-1|-1
74fXyi-W_xY--18|Signer01|why they would not want to live due to|why they would not want to live due to|-1|-1
74fXyi-W_xY--21|Signer01|the drugs if they have more than six|the drugs if they have more than six|-1|-1
74fXyi-W_xY--31|Signer01|supported her western australia and|supported her western australia and|-1|-1
wk8aeqJJP-o--7|Signer01|what is a union territory|what is a union territory|-1|-1
wk8aeqJJP-o--22|Signer01|once the president signs the bill j&k will no longer be a state|once the president signs the bill j&k will no longer be a state|-1|-1
wk8aeqJJP-o--24|Signer01|has been brought about quickly in a single day|has been brought about quickly in a single day|-1|-1
wk8aeqJJP-o--26|Signer01|in the future it will go back to being a state|in the future it will go back to being a state|-1|-1
wk8aeqJJP-o--37|Signer01|now this has changed they will only be citizens of india|now this has changed they will only be citizens of india|-1|-1
E0-WpfUgwzo--4|Signer01|he would never stop and think he would immediately go and help|he would never stop and think he would immediately go and help|-1|-1
E0-WpfUgwzo--9|Signer01|to offer help becomes difficult|to offer help becomes difficult|-1|-1
E0-WpfUgwzo--13|Signer01|so we must help them|so we must help them|-1|-1
E0-WpfUgwzo--25|Signer01|since then he has not stopped helping people|since then he has not stopped helping people|-1|-1
E0-WpfUgwzo--36|Signer01|what is the point of living|what is the point of living|-1|-1
aQ9xeIgRCkI--1|Signer01|ordered food from zomato|ordered food from zomato|-1|-1
aQ9xeIgRCkI--6|Signer01|this is why he can not accept food from the person and cancelled his order|this is why he can not accept food from the person and cancelled his order|-1|-1
aQ9xeIgRCkI--7|Signer01|he then wrote a post on twitter and|he then wrote a post on twitter and|-1|-1
aQ9xeIgRCkI--15|Signer01|people supported zomato and said that they were right|people supported zomato and said that they were right|-1|-1
6_e2UEx1Qms--3|Signer01|many people believe in this temple|many people believe in this temple|-1|-1
6_e2UEx1Qms--9|Signer01|what is the process|what is the process|-1|-1
6_e2UEx1Qms--13|Signer01|after that they have to submit the passport and it will get approved|after that they have to submit the passport and it will get approved|-1|-1
6_e2UEx1Qms--14|Signer01|they have to again visit the temple and offer thanks|they have to again visit the temple and offer thanks|-1|-1
0N86SjtMC34--4|Signer01|when he saw the bill he was shocked|when he saw the bill he was shocked|-1|-1
0N86SjtMC34--19|Signer01|the fine imposed by income tax officials was completely wrong|the fine imposed by income tax officials was completely wrong|-1|-1
0N86SjtMC34--22|Signer01|and restaurant services|and restaurant services|-1|-1
0N86SjtMC34--23|Signer01|when fruits are ordered you get very good quality|when fruits are ordered you get very good quality|-1|-1
0N86SjtMC34--26|Signer01|hotels provide this the quality is very different|hotels provide this the quality is very different|-1|-1
0QeGPMBwdwE--3|Signer01|doctors in states across india will protest|doctors in states across india will protest|-1|-1
0QeGPMBwdwE--5|Signer01|why are they on a strike|why are they on a strike|-1|-1
0QeGPMBwdwE--7|Signer01|they passed this law|they passed this law|-1|-1
0QeGPMBwdwE--8|Signer01|doctors are all protesting this|doctors are all protesting this|-1|-1
0QeGPMBwdwE--14|Signer01|and hardly any for government colleges|and hardly any for government colleges|-1|-1
bgq_A5UEun0--3|Signer01|why is this rule in place|why is this rule in place|-1|-1
bgq_A5UEun0--7|Signer01|better to be natural this is the rule|better to be natural this is the rule|-1|-1
bgq_A5UEun0--26|Signer01|the ban will start from 16th march 2019|the ban will start from 16th march 2019|-1|-1
bgq_A5UEun0--28|Signer01|since he had accepted it he can start training for the bcci from 15th september|since he had accepted it he can start training for the bcci from 15th september|-1|-1
bgq_A5UEun0--30|Signer01|for the first time he participated in the match and scored 100 runs|for the first time he participated in the match and scored 100 runs|-1|-1
fLOGqJzIL44--5|Signer01|she worked hard and took in the president cup|she worked hard and took in the president cup|-1|-1
fLOGqJzIL44--13|Signer01|india in total won a total of seven gold and two silver medals|india in total won a total of seven gold and two silver medals|-1|-1
fLOGqJzIL44--14|Signer01|the indian women won all 4 gold medals|the indian women won all 4 gold medals|-1|-1
fLOGqJzIL44--17|Signer01|they were given the best team award as well|they were given the best team award as well|-1|-1
WC6aZwTwrKU--5|Signer01|they have decided to investigate to find out why did this happened|they have decided to investigate to find out why did this happened|-1|-1
WC6aZwTwrKU--6|Signer01|the rescue operation took 8 hours to rescue the passengers|the rescue operation took 8 hours to rescue the passengers|-1|-1
WC6aZwTwrKU--9|Signer01|from the train 9 pregnant women were rescued|from the train 9 pregnant women were rescued|-1|-1
WC6aZwTwrKU--15|Signer01|the investigation is going on|the investigation is going on|-1|-1
WC6aZwTwrKU--18|Signer01|people are very angry with them|people are very angry with them|-1|-1
kUZOrMLxSNg--5|Signer01|there are a total of 1 5 lakh cases|there are a total of 1 5 lakh cases|-1|-1
kUZOrMLxSNg--6|Signer01|and the work is not fast the process is very slow|and the work is not fast the process is very slow|-1|-1
kUZOrMLxSNg--9|Signer01|in a year 33 000 cases are registered|in a year 33 000 cases are registered|-1|-1
kUZOrMLxSNg--11|Signer01|the supreme courts have said that new courts will receive funds from the central government|the supreme courts have said that new courts will receive funds from the central government|-1|-1
kUZOrMLxSNg--16|Signer01|once the results come the evidence becomes old and is of no use|once the results come the evidence becomes old and is of no use|-1|-1
ib9amTj-jVU--11|Signer01|here it does not matter they can break any rule many are doing this|here it does not matter they can break any rule many are doing this|-1|-1
ib9amTj-jVU--22|Signer01|i am very happy because we killed the king of all animals|i am very happy because we killed the king of all animals|-1|-1
ib9amTj-jVU--31|Signer01|people did not agree with this|people did not agree with this|-1|-1
ib9amTj-jVU--38|Signer01|if they continue fighting businesses and governments will understand|if they continue fighting businesses and governments will understand|-1|-1
ib9amTj-jVU--41|Signer01|more than half of it takes place in africa|more than half of it takes place in africa|-1|-1
Dsk9l3O9Sp8--0|Signer01|on 23rd july 2019 the government informed the lok sabha|on 23rd july 2019 the government informed the lok sabha|-1|-1
Dsk9l3O9Sp8--9|Signer01|this is very difficult and is not easy why|this is very difficult and is not easy why|-1|-1
Dsk9l3O9Sp8--11|Signer01|it is very difficult to keep watch in such areas|it is very difficult to keep watch in such areas|-1|-1
Dsk9l3O9Sp8--12|Signer01|this is why people from bangladesh easily enter into the country|this is why people from bangladesh easily enter into the country|-1|-1
Dsk9l3O9Sp8--15|Signer01|the government has promised to complete the work 2020|the government has promised to complete the work 2020|-1|-1
9WKuUy988do--3|Signer01|a few people caught him and took a video which went viral|a few people caught him and took a video which went viral|-1|-1
9WKuUy988do--4|Signer01|in kolkata another boy was working with zomato|in kolkata another boy was working with zomato|-1|-1
9WKuUy988do--9|Signer01|when people placed an order how did he deliver it|when people placed an order how did he deliver it|-1|-1
9WKuUy988do--11|Signer01|people saw this and recorded a video and posted it on twitter|people saw this and recorded a video and posted it on twitter|-1|-1
aqvDCv3qhww--0|Signer01|you all know that the earth is facing a big problem what is it about|you all know that the earth is facing a big problem what is it about|-1|-1
aqvDCv3qhww--4|Signer01|there is a severe rise in temperature|there is a severe rise in temperature|-1|-1
aqvDCv3qhww--18|Signer01|however last week on 14th july 2019 when the temperature was checked everyone was shocked|however last week on 14th july 2019 when the temperature was checked everyone was shocked|-1|-1
aqvDCv3qhww--32|Signer01|we might not be able to change what has already happened|we might not be able to change what has already happened|-1|-1
aqvDCv3qhww--34|Signer01|we need to reduce pollution from vehicles factories reduce garbage and keep everything clean|we need to reduce pollution from vehicles factories reduce garbage and keep everything clean|-1|-1
amK8P41Rj6E--8|Signer01|this was highest rainfall received this year|this was highest rainfall received this year|-1|-1
epYVatSd1Ww--1|Signer01|the mountains are extremely high|the mountains are extremely high|-1|-1
epYVatSd1Ww--4|Signer01|people want to go to such places but they cannot because of the dangerous weather|people want to go to such places but they cannot because of the dangerous weather|-1|-1
epYVatSd1Ww--7|Signer01|once it is complete people can then easily visit these places|once it is complete people can then easily visit these places|-1|-1
epYVatSd1Ww--16|Signer01|the mountain is very dangerous and it is 11 500 feet high|the mountain is very dangerous and it is 11 500 feet high|-1|-1
epYVatSd1Ww--25|Signer01|this is very difficult|this is very difficult|-1|-1
3yRMXRQ0w1Y--7|Signer01|did not have rules for terrorists and allowed them to do anything they want|did not have rules for terrorists and allowed them to do anything they want|-1|-1
3yRMXRQ0w1Y--8|Signer01|just like always these terrorists have continuously attacked india|just like always these terrorists have continuously attacked india|-1|-1
3yRMXRQ0w1Y--13|Signer01|imran khan has a habit of lying|imran khan has a habit of lying|-1|-1
3yRMXRQ0w1Y--17|Signer01|he was taken into custody by pakistan right before imran khan left for the usa|he was taken into custody by pakistan right before imran khan left for the usa|-1|-1
3yRMXRQ0w1Y--18|Signer01|he was asked about the process now|he was asked about the process now|-1|-1
PX8-5iT2fgU--4|Signer01|in europe the first was held on 2nd july in poland|in europe the first was held on 2nd july in poland|-1|-1
PX8-5iT2fgU--6|Signer01|the second was held on july 7 in poland again|the second was held on july 7 in poland again|-1|-1
PX8-5iT2fgU--11|Signer01|she has won 5 gold medals this is amazing|she has won 5 gold medals this is amazing|-1|-1
PX8-5iT2fgU--16|Signer01|prime minister narendra modi|prime minister narendra modi|-1|-1
PX8-5iT2fgU--21|Signer01|the girl has donated 50% of her salary to help this cause|the girl has donated 50% of her salary to help this cause|-1|-1
C1yQj2MhtZE--0|Signer01|pakistan prime minister imran khan flew to the usa|pakistan prime minister imran khan flew to the usa|-1|-1
C1yQj2MhtZE--2|Signer01|they all gathered in a large number to welcome imran khan|they all gathered in a large number to welcome imran khan|-1|-1
C1yQj2MhtZE--20|Signer01|when imran khan heard this he said that if he helped to solve the problems|when imran khan heard this he said that if he helped to solve the problems|-1|-1
C1yQj2MhtZE--22|Signer01|the external affairs ministry of india|the external affairs ministry of india|-1|-1
C1yQj2MhtZE--27|Signer01|pakistan has always asked the help of various international organisations and countries|pakistan has always asked the help of various international organisations and countries|-1|-1
OU3xra_HcoY--5|Signer01|they have created really famous movies with amazing story lines|they have created really famous movies with amazing story lines|-1|-1
OU3xra_HcoY--7|Signer01|these films are very popular|these films are very popular|-1|-1
OU3xra_HcoY--11|Signer01|this story is not easy it is very difficult|this story is not easy it is very difficult|-1|-1
OU3xra_HcoY--14|Signer01|she is deaf and is an american she is a talented actress|she is deaf and is an american she is a talented actress|-1|-1
OU3xra_HcoY--17|Signer01|she has also worked in the tv show the walking dead|she has also worked in the tv show the walking dead|-1|-1
MKz__7rdS8c--6|Signer01|when the cricket teams goes for tournaments like the world cup|when the cricket teams goes for tournaments like the world cup|-1|-1
MKz__7rdS8c--9|Signer01|this is what the rule said|this is what the rule said|-1|-1
MKz__7rdS8c--30|Signer01|to decide if and when families are allowed to stay with the players|to decide if and when families are allowed to stay with the players|-1|-1
MKz__7rdS8c--33|Signer01|they could come after 26th june|they could come after 26th june|-1|-1
MKz__7rdS8c--45|Signer01|he is taking a two month break|he is taking a two month break|-1|-1
4snO8fi09Kk--1|Signer01|people are very excited to see this|people are very excited to see this|-1|-1
4snO8fi09Kk--6|Signer01|have used the app and shared pictures of them looking old on instagram and facebook|have used the app and shared pictures of them looking old on instagram and facebook|-1|-1
4snO8fi09Kk--8|Signer01|this app was launched by a russian company|this app was launched by a russian company|-1|-1
4snO8fi09Kk--16|Signer01|once the link is made they can see all your images|once the link is made they can see all your images|-1|-1
4snO8fi09Kk--21|Signer01|said that they have privacy laws in place and no data is being transferred|said that they have privacy laws in place and no data is being transferred|-1|-1
KHL0wkbu0-s--11|Signer01|at the india vs new zealand match new zealand won and india lost|at the india vs new zealand match new zealand won and india lost|-1|-1
KHL0wkbu0-s--15|Signer01|groups of two teams will play with each other|groups of two teams will play with each other|-1|-1
KHL0wkbu0-s--20|Signer01|or if they should change|or if they should change|-1|-1
KHL0wkbu0-s--24|Signer01|there was a lot of controversy during the india vs new zealand match as well|there was a lot of controversy during the india vs new zealand match as well|-1|-1
KHL0wkbu0-s--27|Signer01|the 7th is ms dhoni|the 7th is ms dhoni|-1|-1
ukwKITgBZko--1|Signer01|in maharashtra she has now become the first female best bus driver|in maharashtra she has now become the first female best bus driver|-1|-1
ukwKITgBZko--9|Signer01|now it was a perfect situation|now it was a perfect situation|-1|-1
ukwKITgBZko--12|Signer01|they kept wondering if she would be able to drive the bus|they kept wondering if she would be able to drive the bus|-1|-1
ukwKITgBZko--21|Signer01|she has inspired everyone|she has inspired everyone|-1|-1
ukwKITgBZko--24|Signer01|everyone is very inspired by her|everyone is very inspired by her|-1|-1
XJ8pS3s9DhM--0|Signer01|in bihar out of 33 districts 12 are flooded|in bihar out of 33 districts 12 are flooded|-1|-1
XJ8pS3s9DhM--11|Signer01|on tuesday announced in bihar state assembly|on tuesday announced in bihar state assembly|-1|-1
0wsJ_ARtFe4--3|Signer01|she was extremely sick and was taken to the hospital|she was extremely sick and was taken to the hospital|-1|-1
0wsJ_ARtFe4--7|Signer01|this year in mumbai four people died|this year in mumbai four people died|-1|-1
0wsJ_ARtFe4--11|Signer01|doctors say that water is extremely important|doctors say that water is extremely important|-1|-1
0wsJ_ARtFe4--24|Signer01|however it is all being managed by giving medicines|however it is all being managed by giving medicines|-1|-1
0wsJ_ARtFe4--25|Signer01|everyone must be responsible and safe|everyone must be responsible and safe|-1|-1
-Oh__ltGnVA--7|Signer01|nobody knew her|nobody knew her|-1|-1
-Oh__ltGnVA--17|Signer01|the husband said that they got married only seven months back|the husband said that they got married only seven months back|-1|-1
-Oh__ltGnVA--19|Signer01|so they ran away and got married|so they ran away and got married|-1|-1
-Oh__ltGnVA--32|Signer01|he then confessed|he then confessed|-1|-1
-Oh__ltGnVA--41|Signer01|he killed her at 8 00 pm near her house|he killed her at 8 00 pm near her house|-1|-1
0bd_WDPgU9k--1|Signer01|on monday out 33 districts in assam 30 are flooded|on monday out 33 districts in assam 30 are flooded|-1|-1
0bd_WDPgU9k--3|Signer01|45 lakh people in the different villages of assam are suffering|45 lakh people in the different villages of assam are suffering|-1|-1
0bd_WDPgU9k--8|Signer01|the assam state disaster management authority said that|the assam state disaster management authority said that|-1|-1
0bd_WDPgU9k--15|Signer01|forest officials are on high alert|forest officials are on high alert|-1|-1
0bd_WDPgU9k--19|Signer01|have sent 26 groups|have sent 26 groups|-1|-1
aaJqJ3qOaMY--7|Signer01|it was then england turn to bat they started playing very badly|it was then england turn to bat they started playing very badly|-1|-1
aaJqJ3qOaMY--14|Signer01|they needed 9 runs in two balls|they needed 9 runs in two balls|-1|-1
aaJqJ3qOaMY--25|Signer01|now it was new zealand turn to bat|now it was new zealand turn to bat|-1|-1
aaJqJ3qOaMY--26|Signer01|england first delivery was a wide|england first delivery was a wide|-1|-1
aaJqJ3qOaMY--33|Signer01|however england won the match and new zealand lost|however england won the match and new zealand lost|-1|-1
5MaYOJ4Lwe4--7|Signer01|it fell on the people who were waiting in a line for the ride|it fell on the people who were waiting in a line for the ride|-1|-1
5MaYOJ4Lwe4--8|Signer01|it fell on all of them|it fell on all of them|-1|-1
5MaYOJ4Lwe4--12|Signer01|they found that two people had died|they found that two people had died|-1|-1
5MaYOJ4Lwe4--14|Signer01|out of these 29 3 are in a critical condition|out of these 29 3 are in a critical condition|-1|-1
5MaYOJ4Lwe4--17|Signer01|they have brought them in for questioning but have not arrested them yet|they have brought them in for questioning but have not arrested them yet|-1|-1
0Me7LI_VUfI--4|Signer01|she was in the lead from start to finish|she was in the lead from start to finish|-1|-1
0Me7LI_VUfI--11|Signer01|she said that i am female|she said that i am female|-1|-1
0Me7LI_VUfI--14|Signer01|everyone started making fun of her|everyone started making fun of her|-1|-1
0Me7LI_VUfI--16|Signer01|they were very negative towards her|they were very negative towards her|-1|-1
0Me7LI_VUfI--25|Signer01|she said that her hard work has got her gold medal|she said that her hard work has got her gold medal|-1|-1
Hh2w2tUtJkE--2|Signer01|on wednesday night his grandmother fed him dinner and went to her room|on wednesday night his grandmother fed him dinner and went to her room|-1|-1
Hh2w2tUtJkE--9|Signer01|her heart stopped when she understood what had happened|her heart stopped when she understood what had happened|-1|-1
Hh2w2tUtJkE--15|Signer01|there was a big argument between the locals and the bmc|there was a big argument between the locals and the bmc|-1|-1
Hh2w2tUtJkE--18|Signer01|but the bmc says that is not true|but the bmc says that is not true|-1|-1
Hh2w2tUtJkE--22|Signer01|it is very sad that this happened|it is very sad that this happened|-1|-1
pUh2zclj-cQ--6|Signer01|how did they die|how did they die|-1|-1
pUh2zclj-cQ--9|Signer01|when the man saw this he got very angry and decided to kill the dog|when the man saw this he got very angry and decided to kill the dog|-1|-1
pUh2zclj-cQ--18|Signer01|madhya pradesh has the highest tiger deaths with 18 deaths|madhya pradesh has the highest tiger deaths with 18 deaths|-1|-1
pUh2zclj-cQ--19|Signer01|in maharashtra there were 14 tiger deaths|in maharashtra there were 14 tiger deaths|-1|-1
pUh2zclj-cQ--20|Signer01|in 2019 there have been many tiger deaths this is very bad|in 2019 there have been many tiger deaths this is very bad|-1|-1
Cbaxz37wABw--8|Signer01|they broke the door and removed his body|they broke the door and removed his body|-1|-1
Cbaxz37wABw--9|Signer01|however he was dead|however he was dead|-1|-1
48couwymlMM--3|Signer01|all his life he suffered a lot|all his life he suffered a lot|-1|-1
48couwymlMM--9|Signer01|roshan carried him on her back and went to meet the doctor|roshan carried him on her back and went to meet the doctor|-1|-1
48couwymlMM--16|Signer01|he was so happy as he could now go to school|he was so happy as he could now go to school|-1|-1
48couwymlMM--18|Signer01|when roshan touched his face the doctor started crying and became very emotional|when roshan touched his face the doctor started crying and became very emotional|-1|-1
48couwymlMM--28|Signer01|but he never feels tired|but he never feels tired|-1|-1
_lSVsHd9Wy8--2|Signer01|new zealand won the toss and chose to bat india had to ball|new zealand won the toss and chose to bat india had to ball|-1|-1
_lSVsHd9Wy8--4|Signer01|new zealand did not score a single run till the 2 5th over|new zealand did not score a single run till the 2 5th over|-1|-1
_lSVsHd9Wy8--6|Signer01|new zealand were playing very slowly|new zealand were playing very slowly|-1|-1
_lSVsHd9Wy8--12|Signer01|india would have easily achieve this score|india would have easily achieve this score|-1|-1
_lSVsHd9Wy8--19|Signer01|what is a super over|what is a super over|-1|-1
jr_2r0noJq8--11|Signer01|he agreed and told them to hurry|he agreed and told them to hurry|-1|-1
jr_2r0noJq8--16|Signer01|the court in pune found the hotel and zomato guilty|the court in pune found the hotel and zomato guilty|-1|-1
jr_2r0noJq8--17|Signer01|this has never happened this is the first time|this has never happened this is the first time|-1|-1
jr_2r0noJq8--18|Signer01|they would surely be fined but not rs 6 lakh|they would surely be fined but not rs 6 lakh|-1|-1
jr_2r0noJq8--19|Signer01|they would be fined rs 50 000 for bad service|they would be fined rs 50 000 for bad service|-1|-1
wOFo6Vw2jgE--13|Signer01|a special investigation team carried out an investigation they caught 10 policemen|a special investigation team carried out an investigation they caught 10 policemen|-1|-1
wOFo6Vw2jgE--14|Signer01|and two others there were 12 people and on questioning they confessed their crime|and two others there were 12 people and on questioning they confessed their crime|-1|-1
uOhMmvX_DIU--9|Signer01|spicejet will have to pay rs 1 1 crore to remove the aircraft|spicejet will have to pay rs 1 1 crore to remove the aircraft|-1|-1
uOhMmvX_DIU--16|Signer01|in 2015 a similar situation had occured|in 2015 a similar situation had occured|-1|-1
uOhMmvX_DIU--17|Signer01|since then it has happened now for the second time|since then it has happened now for the second time|-1|-1
uOhMmvX_DIU--20|Signer01|this was spicejet 5th landing related incident in 3 days|this was spicejet 5th landing related incident in 3 days|-1|-1
tsnXJ8LWU9g--3|Signer01|the ed and the punjab national bank are currently looking to catch him|the ed and the punjab national bank are currently looking to catch him|-1|-1
tsnXJ8LWU9g--15|Signer01|the assets were worth rs 2 500 crore|the assets were worth rs 2 500 crore|-1|-1
tsnXJ8LWU9g--16|Signer01|however their price was extremely less the jewellery were of of very low very quality|however their price was extremely less the jewellery were of of very low very quality|-1|-1
PCGHgHT-E0Y--6|Signer01|for the first time in india such a big amount of drugs have been seized|for the first time in india such a big amount of drugs have been seized|-1|-1
PCGHgHT-E0Y--8|Signer01|they were coming from pakistan|they were coming from pakistan|-1|-1
PCGHgHT-E0Y--9|Signer01|it was detected on saturday|it was detected on saturday|-1|-1
VIpRrUuZ_A4--3|Signer01|she has won a national award for her acting as well|she has won a national award for her acting as well|-1|-1
VIpRrUuZ_A4--7|Signer01|she said that she was not happy|she said that she was not happy|-1|-1
VIpRrUuZ_A4--10|Signer01|she knows she is loved and supported by everyone|she knows she is loved and supported by everyone|-1|-1
VIpRrUuZ_A4--14|Signer01|it is her life and she will whatever makes her happy|it is her life and she will whatever makes her happy|-1|-1
VIpRrUuZ_A4--17|Signer01|does she mean that these actors do not know their religion|does she mean that these actors do not know their religion|-1|-1
MJBVNRxVhyE--0|Signer01|yesterday the india vs bangladesh match was held|yesterday the india vs bangladesh match was held|-1|-1
MJBVNRxVhyE--1|Signer01|india won the toss and chose to bat|india won the toss and chose to bat|-1|-1
MJBVNRxVhyE--9|Signer01|after sharma & rahul wicket the indian team lost many wickets|after sharma & rahul wicket the indian team lost many wickets|-1|-1
MJBVNRxVhyE--30|Signer01|the india vs sri lanka match will be held on 6th july|the india vs sri lanka match will be held on 6th july|-1|-1
MJBVNRxVhyE--37|Signer01|virat kohli tweeted pictures with her and thanked her for her support|virat kohli tweeted pictures with her and thanked her for her support|-1|-1
q89HAo46ZRI--0|Signer01|the icc has passed new rules for the world cup matches|the icc has passed new rules for the world cup matches|-1|-1
q89HAo46ZRI--5|Signer01|yesterday at the india vs england match|yesterday at the india vs england match|-1|-1
q89HAo46ZRI--26|Signer01|it has gone viral all over social media|it has gone viral all over social media|-1|-1
IgdmTr-1enE--0|Signer01|yesterday on 30th june 2019 the india vs england match was held|yesterday on 30th june 2019 the india vs england match was held|-1|-1
IgdmTr-1enE--4|Signer01|at the england vs india match england won the toss and chose to bat|at the england vs india match england won the toss and chose to bat|-1|-1
IgdmTr-1enE--10|Signer01|they gave away many runs|they gave away many runs|-1|-1
IgdmTr-1enE--25|Signer01|hardik pandya and ms dhoni were on the field and managed to increase india score|hardik pandya and ms dhoni were on the field and managed to increase india score|-1|-1
IgdmTr-1enE--29|Signer01|dhoni scored a six in the end but it was of no use|dhoni scored a six in the end but it was of no use|-1|-1
WqzJXwCjJr4--3|Signer01|the three flights were|the three flights were|-1|-1
WqzJXwCjJr4--9|Signer01|however two flights had landed safely|however two flights had landed safely|-1|-1
WqzJXwCjJr4--10|Signer01|the air india flight was still in the air|the air india flight was still in the air|-1|-1
WqzJXwCjJr4--20|Signer01|on instagram facebook etc everybody was talking about this|on instagram facebook etc everybody was talking about this|-1|-1
WqzJXwCjJr4--27|Signer01|however no bombs were found|however no bombs were found|-1|-1
hwBhFIyxC6c--1|Signer01|this is the law in the state but many schools do not follow it|this is the law in the state but many schools do not follow it|-1|-1
hwBhFIyxC6c--2|Signer01|mr fadnavis said that marathi is an important and ancient language|mr fadnavis said that marathi is an important and ancient language|-1|-1
hwBhFIyxC6c--5|Signer01|the mother tongue for example the language spoken in tamil nadu kerala west bengal etc|the mother tongue for example the language spoken in tamil nadu kerala west bengal etc|-1|-1
hwBhFIyxC6c--12|Signer01|several schools know they have to teach marathi|several schools know they have to teach marathi|-1|-1
hwBhFIyxC6c--13|Signer01|however they ignore it|however they ignore it|-1|-1
ZZ7QTi7zYDw--7|Signer01|all you have to do is go to the airport and go through security|all you have to do is go to the airport and go through security|-1|-1
ZZ7QTi7zYDw--11|Signer01|he wants to increase this number|he wants to increase this number|-1|-1
ZZ7QTi7zYDw--14|Signer01|now he wants to increase the number|now he wants to increase the number|-1|-1
ZZ7QTi7zYDw--19|Signer01|earlier the process to get a passport was very difficult|earlier the process to get a passport was very difficult|-1|-1
ZZ7QTi7zYDw--23|Signer01|now it has changed|now it has changed|-1|-1
vduH6mjEDCw--15|Signer01|he has to pay taxes for a year which he has not paid|he has to pay taxes for a year which he has not paid|-1|-1
vduH6mjEDCw--16|Signer01|mukesh has accepted all of this|mukesh has accepted all of this|-1|-1
vduH6mjEDCw--19|Signer01|nobody told him about it as well|nobody told him about it as well|-1|-1
vduH6mjEDCw--25|Signer01|they even questioned him about his raw materials|they even questioned him about his raw materials|-1|-1
vduH6mjEDCw--28|Signer01|he has accepted to complete the process|he has accepted to complete the process|-1|-1
OqnV764ChEI--2|Signer01|near it there are three families that stay|near it there are three families that stay|-1|-1
OqnV764ChEI--3|Signer01|these three families started fighting and there was a big argument|these three families started fighting and there was a big argument|-1|-1
OqnV764ChEI--8|Signer01|he was posted in hyderabad|he was posted in hyderabad|-1|-1
SUXv--0AyBo--10|Signer01|during their investigation they found that there were no medicines and materials|during their investigation they found that there were no medicines and materials|-1|-1
SUXv--0AyBo--11|Signer01|they gave medicines to doctors in hospitals|they gave medicines to doctors in hospitals|-1|-1
SUXv--0AyBo--18|Signer01|whose mistake was it the doctors or the nurses they began investigating this|whose mistake was it the doctors or the nurses they began investigating this|-1|-1
SUXv--0AyBo--19|Signer01|they gave advice and began making changes to help solve the problem|they gave advice and began making changes to help solve the problem|-1|-1
SUXv--0AyBo--23|Signer01|however only 25 000 are registered with them|however only 25 000 are registered with them|-1|-1
UcUuiypEQLU--2|Signer01|for many years this has been going on|for many years this has been going on|-1|-1
UcUuiypEQLU--8|Signer01|however it was up to the banks to decide|however it was up to the banks to decide|-1|-1
UcUuiypEQLU--11|Signer01|other banks like state bank of india and central bank will soon start as well|other banks like state bank of india and central bank will soon start as well|-1|-1
2Jo6ne2ukvU--2|Signer01|they have paid approximately rs 13 000 crore for this|they have paid approximately rs 13 000 crore for this|-1|-1
2Jo6ne2ukvU--5|Signer01|one advertisement for the india vs pakistan match was so expensive|one advertisement for the india vs pakistan match was so expensive|-1|-1
2Jo6ne2ukvU--6|Signer01|a ten second advertisement cost rs 20 - rs 22 lakh|a ten second advertisement cost rs 20 - rs 22 lakh|-1|-1
2Jo6ne2ukvU--8|Signer01|they have to pay for each and every advertisement|they have to pay for each and every advertisement|-1|-1
2Jo6ne2ukvU--13|Signer01|star will make back some of the money through insurance companies|star will make back some of the money through insurance companies|-1|-1
48jw74ujIz0--17|Signer01|in new york|in new york|-1|-1
48jw74ujIz0--20|Signer01|this auction started in the year 2000|this auction started in the year 2000|-1|-1
48jw74ujIz0--26|Signer01|as there is a lot to learn|as there is a lot to learn|-1|-1
48jw74ujIz0--27|Signer01|it is many people dream to meet him|it is many people dream to meet him|-1|-1
48jw74ujIz0--29|Signer01|he has already given away rs 2 400 crore|he has already given away rs 2 400 crore|-1|-1
XTtbEFC3QDU--1|Signer01|more than 100 children have died over the past 3 weeks|more than 100 children have died over the past 3 weeks|-1|-1
XTtbEFC3QDU--8|Signer01|there were 44 000 cases of the disease|there were 44 000 cases of the disease|-1|-1
XTtbEFC3QDU--15|Signer01|however there is no proof or report about this|however there is no proof or report about this|-1|-1
XTtbEFC3QDU--17|Signer01|the health authorities have said all the children had low blood sugar|the health authorities have said all the children had low blood sugar|-1|-1
XTtbEFC3QDU--19|Signer01|children are at higher risk as their body can not protect itself from the infection|children are at higher risk as their body can not protect itself from the infection|-1|-1
zeTI65Q5DO4--0|Signer01|do you remember what prime minister modi had said about the income tax officials|do you remember what prime minister modi had said about the income tax officials|-1|-1
zeTI65Q5DO4--7|Signer01|all of these officers were involved in corruption|all of these officers were involved in corruption|-1|-1
zeTI65Q5DO4--10|Signer01|and many other things|and many other things|-1|-1
zeTI65Q5DO4--12|Signer01|pm modi decided to fire all of them|pm modi decided to fire all of them|-1|-1
W4YzurwHpfw--0|Signer01|in jammu & kashmir j&k security forces had received information|in jammu & kashmir j&k security forces had received information|-1|-1
W4YzurwHpfw--7|Signer01|the army kept following them|the army kept following them|-1|-1
W4YzurwHpfw--9|Signer01|in the end the two terrorists were killed|in the end the two terrorists were killed|-1|-1
W4YzurwHpfw--19|Signer01|8 civilians were hurt in the attack on 18th june|8 civilians were hurt in the attack on 18th june|-1|-1
Rq4G9jvrxrE--1|Signer01|bihar has now implemented strict rules|bihar has now implemented strict rules|-1|-1
Rq4G9jvrxrE--9|Signer01|people will have to remain at home|people will have to remain at home|-1|-1
Rq4G9jvrxrE--13|Signer01|this is to save their lives|this is to save their lives|-1|-1
Rq4G9jvrxrE--19|Signer01|in places like delhi|in places like delhi|-1|-1
Rq4G9jvrxrE--21|Signer01|and cities in uttar pradesh|and cities in uttar pradesh|-1|-1
nkxHOsI81Wk--4|Signer01|at the pakistan vs india world cup match|at the pakistan vs india world cup match|-1|-1
nkxHOsI81Wk--30|Signer01|however at the very next bowl they lost a wicket|however at the very next bowl they lost a wicket|-1|-1
nkxHOsI81Wk--33|Signer01|however their run rate was very slow|however their run rate was very slow|-1|-1
nkxHOsI81Wk--37|Signer01|pakistan were extremely surprised|pakistan were extremely surprised|-1|-1
nkxHOsI81Wk--39|Signer01|pakistan did not have enough time and had to stop playing at 40 overs|pakistan did not have enough time and had to stop playing at 40 overs|-1|-1
1DQqNrpdLBg--2|Signer01|died in the hospital|died in the hospital|-1|-1
1DQqNrpdLBg--4|Signer01|and said the body was not released on time|and said the body was not released on time|-1|-1
1DQqNrpdLBg--5|Signer01|a mob of angry people assaulted the doctors|a mob of angry people assaulted the doctors|-1|-1
1DQqNrpdLBg--8|Signer01|the doctors demanded more security and protection|the doctors demanded more security and protection|-1|-1
1DQqNrpdLBg--11|Signer01|and said that the government will not support the doctors in their protest|and said that the government will not support the doctors in their protest|-1|-1
_311N5220lI--0|Signer01|since the beginning of the indian railways for the first time|since the beginning of the indian railways for the first time|-1|-1
_311N5220lI--2|Signer01|how did they decide this the indian railways asked|how did they decide this the indian railways asked|-1|-1
_311N5220lI--3|Signer01|different zones such as north south east and west|different zones such as north south east and west|-1|-1
_311N5220lI--4|Signer01|to come up with new ideas to help better the railways|to come up with new ideas to help better the railways|-1|-1
_311N5220lI--6|Signer01|the railways loved the idea and started working on it|the railways loved the idea and started working on it|-1|-1
3QM8X40ihe4--1|Signer01|they are very well known|they are very well known|-1|-1
3QM8X40ihe4--8|Signer01|these four hindu temples are very famous|these four hindu temples are very famous|-1|-1
3QM8X40ihe4--19|Signer01|when people go there it is extremely cold this is very dangerous|when people go there it is extremely cold this is very dangerous|-1|-1
3QM8X40ihe4--20|Signer01|the director general of health advised that|the director general of health advised that|-1|-1
3QM8X40ihe4--29|Signer01|last year it was not very cold|last year it was not very cold|-1|-1
2PD6WQLA63s--2|Signer01|he planned and wrote a letter which said that|he planned and wrote a letter which said that|-1|-1
2PD6WQLA63s--11|Signer01|they saw that there were only three people in business class|they saw that there were only three people in business class|-1|-1
2PD6WQLA63s--14|Signer01|they conducted an investigation and went to his office|they conducted an investigation and went to his office|-1|-1
2PD6WQLA63s--18|Signer01|they asked him why did he do this|they asked him why did he do this|-1|-1
2PD6WQLA63s--21|Signer01|and got a job with jet airways|and got a job with jet airways|-1|-1
vtM0YBDBNKg--5|Signer01|yesterday india vs new zealand was cancelled the teams were equally given one point each|yesterday india vs new zealand was cancelled the teams were equally given one point each|-1|-1
vtM0YBDBNKg--10|Signer01|india and london are on different time zones|india and london are on different time zones|-1|-1
vtM0YBDBNKg--14|Signer01|the icc have said that ticket money will be returned to everyone|the icc have said that ticket money will be returned to everyone|-1|-1
vtM0YBDBNKg--16|Signer01|if none of it takes place then the money will be returned|if none of it takes place then the money will be returned|-1|-1
vtM0YBDBNKg--40|Signer01|the weather is bad there as well lets hope for the best|the weather is bad there as well lets hope for the best|-1|-1
iwYL-ivQm6o--8|Signer01|and one woman was injured as well|and one woman was injured as well|-1|-1
iwYL-ivQm6o--11|Signer01|they said that they had ordered the two terrorists to do this|they said that they had ordered the two terrorists to do this|-1|-1
iwYL-ivQm6o--12|Signer01|the police did not believe this|the police did not believe this|-1|-1
iwYL-ivQm6o--19|Signer01|after the pulwama attack this was the first attack of this kind|after the pulwama attack this was the first attack of this kind|-1|-1
iwYL-ivQm6o--21|Signer01|will begin on 1st july and end on 15th august|will begin on 1st july and end on 15th august|-1|-1
OJ5l_lMUIXA--3|Signer01|and was 75 feet long|and was 75 feet long|-1|-1
OJ5l_lMUIXA--12|Signer01|the river was completely clean|the river was completely clean|-1|-1
OJ5l_lMUIXA--13|Signer01|the police are wondering how this could happen|the police are wondering how this could happen|-1|-1
OJ5l_lMUIXA--14|Signer01|they are still investigating this|they are still investigating this|-1|-1
OJ5l_lMUIXA--16|Signer01|the police say that the bridge was very strong|the police say that the bridge was very strong|-1|-1
F0pxdGKkPFI--0|Signer01|today on 12th june there is an important information for all the citizens of mumbai|today on 12th june there is an important information for all the citizens of mumbai|-1|-1
F0pxdGKkPFI--10|Signer01|delayed trains and many flights from mumbai were cancelled as well|delayed trains and many flights from mumbai were cancelled as well|-1|-1
F0pxdGKkPFI--17|Signer01|this is because the cyclone will cause heavy rainfall in districts of gujarat|this is because the cyclone will cause heavy rainfall in districts of gujarat|-1|-1
F0pxdGKkPFI--22|Signer01|all the help in these places are ready|all the help in these places are ready|-1|-1
F0pxdGKkPFI--23|Signer01|the navy coast guard air force and the army|the navy coast guard air force and the army|-1|-1
bLrakkOIbds--2|Signer01|india won the match and australia lost|india won the match and australia lost|-1|-1
bLrakkOIbds--5|Signer01|india was a strong team|india was a strong team|-1|-1
bLrakkOIbds--10|Signer01|in the match against south africa virat kohli got out and scored only 18 runs|in the match against south africa virat kohli got out and scored only 18 runs|-1|-1
bLrakkOIbds--13|Signer01|and scored 48 runs|and scored 48 runs|-1|-1
bLrakkOIbds--28|Signer01|new zealand had won and india had lost|new zealand had won and india had lost|-1|-1
XujR0fdC6kA--0|Signer01|in the icc world cup match between india and south africa|in the icc world cup match between india and south africa|-1|-1
XujR0fdC6kA--13|Signer01|they all supported him|they all supported him|-1|-1
XujR0fdC6kA--15|Signer01|was not related to the military|was not related to the military|-1|-1
XujR0fdC6kA--19|Signer01|they have done this earlier as well|they have done this earlier as well|-1|-1
NRE8mQloOyM--2|Signer01|have all decided to shut down their factories for five to 13 days|have all decided to shut down their factories for five to 13 days|-1|-1
NRE8mQloOyM--5|Signer01|their production had increased but their sales did not|their production had increased but their sales did not|-1|-1
NRE8mQloOyM--10|Signer01|all the companies have given the same reason|all the companies have given the same reason|-1|-1
NRE8mQloOyM--14|Signer01|this why they have stopped their production|this why they have stopped their production|-1|-1
NRE8mQloOyM--17|Signer01|if the cars are not being sold then the factories should remain shut|if the cars are not being sold then the factories should remain shut|-1|-1
F9qGDEI3Xzk--1|Signer01|we have the rbi and different types of banks|we have the rbi and different types of banks|-1|-1
F9qGDEI3Xzk--2|Signer01|many people take a loan from these banks and pay interest on it|many people take a loan from these banks and pay interest on it|-1|-1
F9qGDEI3Xzk--3|Signer01|when the banks have a shortage of funds they then turn to the rbi|when the banks have a shortage of funds they then turn to the rbi|-1|-1
F9qGDEI3Xzk--19|Signer01|this is very important the second very important point is that|this is very important the second very important point is that|-1|-1
F9qGDEI3Xzk--20|Signer01|the bjp victory in the elections|the bjp victory in the elections|-1|-1
ZULDiOObeKk--4|Signer01|at 1 00pm it stopped sending messages|at 1 00pm it stopped sending messages|-1|-1
ZULDiOObeKk--10|Signer01|this helps to know what has happened|this helps to know what has happened|-1|-1
ZULDiOObeKk--12|Signer01|the aircraft has sent no message at all|the aircraft has sent no message at all|-1|-1
ZULDiOObeKk--24|Signer01|the families of the 13 crew members are extremely worried|the families of the 13 crew members are extremely worried|-1|-1
_r1S90f_nsM--2|Signer01|the prime minister has promised to pay each farmer rs 6 000 every year|the prime minister has promised to pay each farmer rs 6 000 every year|-1|-1
_r1S90f_nsM--7|Signer01|will also be paid|will also be paid|-1|-1
_r1S90f_nsM--9|Signer01|they had announced that it would cost around rs 75 000 crore|they had announced that it would cost around rs 75 000 crore|-1|-1
_r1S90f_nsM--11|Signer01|this is because they would have to pay more people now|this is because they would have to pay more people now|-1|-1
_r1S90f_nsM--13|Signer01|then the government would pay them the same amount as well|then the government would pay them the same amount as well|-1|-1
o_nij7O70Ms--5|Signer01|what does this mean for example|what does this mean for example|-1|-1
o_nij7O70Ms--12|Signer01|the other cities in the top 5 are|the other cities in the top 5 are|-1|-1
o_nij7O70Ms--16|Signer01|new delhi and many others|new delhi and many others|-1|-1
o_nij7O70Ms--19|Signer01|there are no restrictions on the number of cars a person can purchase|there are no restrictions on the number of cars a person can purchase|-1|-1
o_nij7O70Ms--23|Signer01|this will help to solve the traffic problem as well|this will help to solve the traffic problem as well|-1|-1
0-OkQwU0Yl0--0|Signer01|last week amit shah was made the home minister this is his sign name|last week amit shah was made the home minister this is his sign name|-1|-1
0-OkQwU0Yl0--1|Signer01|he was included in prime minister narendra modi cabinet|he was included in prime minister narendra modi cabinet|-1|-1
0-OkQwU0Yl0--7|Signer01|they were from organisations like|they were from organisations like|-1|-1
0-OkQwU0Yl0--18|Signer01|people in j&k as well as people all over india have said that|people in j&k as well as people all over india have said that|-1|-1
0-OkQwU0Yl0--19|Signer01|now that narendra modi has come to power he will solve the problem of j&k|now that narendra modi has come to power he will solve the problem of j&k|-1|-1
7BvdIDVWPUE--2|Signer01|where they had to fill personal details like name age and phone number|where they had to fill personal details like name age and phone number|-1|-1
7BvdIDVWPUE--13|Signer01|similarly another website was trying to scam the public|similarly another website was trying to scam the public|-1|-1
7BvdIDVWPUE--15|Signer01|so please be careful|so please be careful|-1|-1
ckGC5hUffDU--5|Signer01|they told them that they were very worried for mental and physical health|they told them that they were very worried for mental and physical health|-1|-1
ckGC5hUffDU--11|Signer01|he was still alive and was taken to the hospital|he was still alive and was taken to the hospital|-1|-1
ckGC5hUffDU--12|Signer01|however his heart stopped and he died|however his heart stopped and he died|-1|-1
ckGC5hUffDU--15|Signer01|police say they do not know why he died|police say they do not know why he died|-1|-1
DF4fto_X1Y4--1|Signer01|his family and relatives had gone out for a marriage|his family and relatives had gone out for a marriage|-1|-1
DF4fto_X1Y4--6|Signer01|and suddenly he lost|and suddenly he lost|-1|-1
DF4fto_X1Y4--8|Signer01|he was very angry since he lost and started crying|he was very angry since he lost and started crying|-1|-1
DF4fto_X1Y4--13|Signer01|when his family came they took him to the hospital|when his family came they took him to the hospital|-1|-1
DF4fto_X1Y4--26|Signer01|after a month it started again|after a month it started again|-1|-1
Z_Bc3OJaTeo--1|Signer01|and all of his cabinet ministers are ready as well|and all of his cabinet ministers are ready as well|-1|-1
Z_Bc3OJaTeo--6|Signer01|the congress are not given equal treatment|the congress are not given equal treatment|-1|-1
Z_Bc3OJaTeo--16|Signer01|the congress want to test and go off all the new channels|the congress want to test and go off all the new channels|-1|-1
Z_Bc3OJaTeo--19|Signer01|the news channels will get very confused|the news channels will get very confused|-1|-1
Z_Bc3OJaTeo--20|Signer01|the congress said that this is a test and they will see what happens now|the congress said that this is a test and they will see what happens now|-1|-1
SthBBAt2TSU--20|Signer01|here he was being more careful|here he was being more careful|-1|-1
SthBBAt2TSU--25|Signer01|he kept changing locations every 3 months and never went to the same shop again|he kept changing locations every 3 months and never went to the same shop again|-1|-1
SthBBAt2TSU--26|Signer01|a person suspected him of using fake notes|a person suspected him of using fake notes|-1|-1
SthBBAt2TSU--31|Signer01|for the last 2 years he has been using fake notes|for the last 2 years he has been using fake notes|-1|-1
SthBBAt2TSU--36|Signer01|and 8 notes worth rs 200|and 8 notes worth rs 200|-1|-1
kGrVS6juta4--3|Signer01|it started at 7 00 pm|it started at 7 00 pm|-1|-1
kGrVS6juta4--19|Signer01|28 cabinet ministers will be leaving|28 cabinet ministers will be leaving|-1|-1
kGrVS6juta4--26|Signer01|out of some of the ministers who left the cabinet two important ones are are|out of some of the ministers who left the cabinet two important ones are are|-1|-1
kGrVS6juta4--34|Signer01|this why he was not given a visa|this why he was not given a visa|-1|-1
kGrVS6juta4--38|Signer01|who has decided to step down from his position|who has decided to step down from his position|-1|-1
DfF-CWb8Ixc--3|Signer01|it was founded in 2014 by two people|it was founded in 2014 by two people|-1|-1
DfF-CWb8Ixc--16|Signer01|this makes it very difficult for a blind person to travel in trains alone|this makes it very difficult for a blind person to travel in trains alone|-1|-1
DfF-CWb8Ixc--22|Signer01|the ngo raised money on the internet and collected money from various sources|the ngo raised money on the internet and collected money from various sources|-1|-1
DfF-CWb8Ixc--25|Signer01|phase i of the project was completed in november 2015|phase i of the project was completed in november 2015|-1|-1
DfF-CWb8Ixc--35|Signer01|the blind say that they do not want to ask for help all the time|the blind say that they do not want to ask for help all the time|-1|-1
_OWA2qJ32C4--3|Signer01|and called the pilot|and called the pilot|-1|-1
_OWA2qJ32C4--6|Signer01|they then took his body|they then took his body|-1|-1
_OWA2qJ32C4--15|Signer01|the drugs spread through his system which led to his death|the drugs spread through his system which led to his death|-1|-1
vcwoQgn2vhk--6|Signer01|since 2018 their profit has grown 5 times|since 2018 their profit has grown 5 times|-1|-1
vcwoQgn2vhk--7|Signer01|this is because jet has reduced their flights in the last 3 months in 2019|this is because jet has reduced their flights in the last 3 months in 2019|-1|-1
vcwoQgn2vhk--13|Signer01|in the middle east international market|in the middle east international market|-1|-1
vcwoQgn2vhk--19|Signer01|earlier jet airways had many flights in india|earlier jet airways had many flights in india|-1|-1
vcwoQgn2vhk--22|Signer01|they have captured 50% of the market|they have captured 50% of the market|-1|-1
R8D3KBtKboo--10|Signer01|this is his second medal|this is his second medal|-1|-1
R8D3KBtKboo--11|Signer01|in shooting he has broken two world records|in shooting he has broken two world records|-1|-1
R8D3KBtKboo--12|Signer01|now he has broken his own record|now he has broken his own record|-1|-1
R8D3KBtKboo--14|Signer01|at the tokyo olympics six indians will participate|at the tokyo olympics six indians will participate|-1|-1
R8D3KBtKboo--17|Signer01|she was sure she would win and take part in the tokyo olympics|she was sure she would win and take part in the tokyo olympics|-1|-1
mImfkNz3pP8--5|Signer01|out of these four were from india|out of these four were from india|-1|-1
mImfkNz3pP8--6|Signer01|one from australia|one from australia|-1|-1
mImfkNz3pP8--8|Signer01|one from nepal|one from nepal|-1|-1
mImfkNz3pP8--11|Signer01|minutes after he reached the top he died|minutes after he reached the top he died|-1|-1
mImfkNz3pP8--33|Signer01|a crowd of 15 or 20 people|a crowd of 15 or 20 people|-1|-1
FeqZ6XXr79U--7|Signer01|when she won she said it was all due to his hard work and support|when she won she said it was all due to his hard work and support|-1|-1
FeqZ6XXr79U--11|Signer01|they then escaped|they then escaped|-1|-1
FeqZ6XXr79U--25|Signer01|their victory by a high percentage of votes might have upset many|their victory by a high percentage of votes might have upset many|-1|-1
FeqZ6XXr79U--26|Signer01|he said that this might be why he was shot dead|he said that this might be why he was shot dead|-1|-1
FeqZ6XXr79U--27|Signer01|the family filed a complaint against three men|the family filed a complaint against three men|-1|-1
eyqLkKS5Qkw--4|Signer01|out of the 6 5 of them were from india|out of the 6 5 of them were from india|-1|-1
eyqLkKS5Qkw--13|Signer01|five people were with them they have not informed about their location|five people were with them they have not informed about their location|-1|-1
eyqLkKS5Qkw--14|Signer01|bharat asked if he could talk to them|bharat asked if he could talk to them|-1|-1
eyqLkKS5Qkw--20|Signer01|bharat said that they have not given any account details|bharat said that they have not given any account details|-1|-1
LEsJmaQglaU--1|Signer01|run by two social workers|run by two social workers|-1|-1
LEsJmaQglaU--13|Signer01|many hearing and deaf individuals gathered|many hearing and deaf individuals gathered|-1|-1
LEsJmaQglaU--15|Signer01|here the deaf teach sign language free of cost|here the deaf teach sign language free of cost|-1|-1
LEsJmaQglaU--16|Signer01|they meet every third sunday of the month|they meet every third sunday of the month|-1|-1
LEsJmaQglaU--25|Signer01|this makes her very happy|this makes her very happy|-1|-1
Dcm305L3hUs--1|Signer01|it is 1 000 feet tall|it is 1 000 feet tall|-1|-1
Dcm305L3hUs--8|Signer01|he spoke to the man and managed to take him into custody|he spoke to the man and managed to take him into custody|-1|-1
Dcm305L3hUs--9|Signer01|questions regarding who the man was where he was from|questions regarding who the man was where he was from|-1|-1
Dcm305L3hUs--16|Signer01|many wanted to leave but they were made to stay there|many wanted to leave but they were made to stay there|-1|-1
Dcm305L3hUs--22|Signer01|it has happened before as well|it has happened before as well|-1|-1
vNKYbhNoiy4--2|Signer01|many governments around the world have banned them|many governments around the world have banned them|-1|-1
vNKYbhNoiy4--3|Signer01|they have banned them since the chinese companies|they have banned them since the chinese companies|-1|-1
vNKYbhNoiy4--9|Signer01|the company has said that they do not share customer data with anyone|the company has said that they do not share customer data with anyone|-1|-1
vNKYbhNoiy4--11|Signer01|the trump administration in usa has said that|the trump administration in usa has said that|-1|-1
vNKYbhNoiy4--29|Signer01|was arrested in canada|was arrested in canada|-1|-1
89DRLAodtpQ--14|Signer01|this is a very different law|this is a very different law|-1|-1
89DRLAodtpQ--16|Signer01|said that abortion is not completely banned|said that abortion is not completely banned|-1|-1
89DRLAodtpQ--20|Signer01|seven to ten days is not enough time|seven to ten days is not enough time|-1|-1
89DRLAodtpQ--25|Signer01|had died in 2012|had died in 2012|-1|-1
89DRLAodtpQ--32|Signer01|in india the law says that abortion can be done until 20 weeks of pregnancy|in india the law says that abortion can be done until 20 weeks of pregnancy|-1|-1
xJu8zrAqIwI--6|Signer01|three countries which were india china and japan|three countries which were india china and japan|-1|-1
xJu8zrAqIwI--9|Signer01|these countries will have to look for new sources to buy oil|these countries will have to look for new sources to buy oil|-1|-1
xJu8zrAqIwI--13|Signer01|to provide the oil for these countries|to provide the oil for these countries|-1|-1
xJu8zrAqIwI--15|Signer01|said his country would provide oil|said his country would provide oil|-1|-1
xJu8zrAqIwI--24|Signer01|india is extremely unhappy with the us government|india is extremely unhappy with the us government|-1|-1
NK-CF8RFgDE--16|Signer01|and this is an important step to encourage the development of women officials|and this is an important step to encourage the development of women officials|-1|-1
-YcxZomgMfw--2|Signer01|these elections are the most important in the history of independent india|these elections are the most important in the history of independent india|-1|-1
-YcxZomgMfw--4|Signer01|and give it to some other suitable international body|and give it to some other suitable international body|-1|-1
-YcxZomgMfw--12|Signer01|they also want to take action against the groups that promote fake news|they also want to take action against the groups that promote fake news|-1|-1
-YcxZomgMfw--19|Signer01|to provide better internet and communication services|to provide better internet and communication services|-1|-1
-YcxZomgMfw--23|Signer01|they will do so through discussions by local elected governments|they will do so through discussions by local elected governments|-1|-1
z640egJ-f9U--1|Signer01|keep their phone off|keep their phone off|-1|-1
z640egJ-f9U--2|Signer01|to avoid getting complaints of water problems on their phone|to avoid getting complaints of water problems on their phone|-1|-1
z640egJ-f9U--9|Signer01|to keep a check on the water department officers and staff members|to keep a check on the water department officers and staff members|-1|-1
z640egJ-f9U--10|Signer01|he said that the officials should be available 24 hours to help the citizens|he said that the officials should be available 24 hours to help the citizens|-1|-1
z640egJ-f9U--11|Signer01|the department was asked to record the number of complaints received|the department was asked to record the number of complaints received|-1|-1
ice9CukJwRo--1|Signer01|with many events throughout the country|with many events throughout the country|-1|-1
iNFfJxWo40g--7|Signer01|some reports also say that the plane was on fire before landing|some reports also say that the plane was on fire before landing|-1|-1
_tQy9zQQ7lI--2|Signer01|pm modi promised that this action would be punished|pm modi promised that this action would be punished|-1|-1
u7wx4rUBg_k--3|Signer01|he has been raided and the officers found him|he has been raided and the officers found him|-1|-1
u7wx4rUBg_k--4|Signer01|living in a 3 story house worth rs 1 6 crore|living in a 3 story house worth rs 1 6 crore|-1|-1
u7wx4rUBg_k--10|Signer01|he stopped driving the auto and|he stopped driving the auto and|-1|-1
u7wx4rUBg_k--12|Signer01|and at night go drinking with his friends|and at night go drinking with his friends|-1|-1
u7wx4rUBg_k--18|Signer01|and there is no wrong doing|and there is no wrong doing|-1|-1
IsCH1dRobxg--2|Signer01|which will provide more than 100 services in one app|which will provide more than 100 services in one app|-1|-1
IsCH1dRobxg--7|Signer01|many other companies like paytm amazon etc|many other companies like paytm amazon etc|-1|-1
IsCH1dRobxg--8|Signer01|have tried to carry out a similar idea|have tried to carry out a similar idea|-1|-1
IsCH1dRobxg--9|Signer01|but none of them have been able to do so till date|but none of them have been able to do so till date|-1|-1
IsCH1dRobxg--10|Signer01|experts believe that jio has all the products|experts believe that jio has all the products|-1|-1
XMPggRHjEbY--2|Signer01|there are 5 permanent members|there are 5 permanent members|-1|-1
XMPggRHjEbY--15|Signer01|russia also supported their request|russia also supported their request|-1|-1
XMPggRHjEbY--23|Signer01|the entire group will have to accept their decision|the entire group will have to accept their decision|-1|-1
XMPggRHjEbY--25|Signer01|finally the united nations on wednesday declared|finally the united nations on wednesday declared|-1|-1
XMPggRHjEbY--27|Signer01|this time china accepted|this time china accepted|-1|-1
4CPNNYsARvk--0|Signer01|recently mr mukesh ambani has supported the congress|recently mr mukesh ambani has supported the congress|-1|-1
4CPNNYsARvk--4|Signer01|in this video mr mukesh ambani says that|in this video mr mukesh ambani says that|-1|-1
4CPNNYsARvk--8|Signer01|he has attacked mukesh ambani brother anil ambani|he has attacked mukesh ambani brother anil ambani|-1|-1
4CPNNYsARvk--11|Signer01|mukesh ambani son|mukesh ambani son|-1|-1
4CPNNYsARvk--17|Signer01|and support india|and support india|-1|-1
Jyjn_JZLgJI--0|Signer01|on 26th april 2019|on 26th april 2019|-1|-1
Jyjn_JZLgJI--11|Signer01|out of the 15 6 of them were children|out of the 15 6 of them were children|-1|-1
Jyjn_JZLgJI--15|Signer01|in another house in the same area|in another house in the same area|-1|-1
Jyjn_JZLgJI--17|Signer01|on 26th april 2019 the police said that|on 26th april 2019 the police said that|-1|-1
Jyjn_JZLgJI--22|Signer01|people are living in the fear of more attacks|people are living in the fear of more attacks|-1|-1
6yHARdxC2RA--0|Signer01|on 26th september 2018 it was declared that private companies|on 26th september 2018 it was declared that private companies|-1|-1
6yHARdxC2RA--17|Signer01|will then take a picture of the customer|will then take a picture of the customer|-1|-1
6yHARdxC2RA--18|Signer01|and details such as location date day time etc|and details such as location date day time etc|-1|-1
6yHARdxC2RA--24|Signer01|will not require the aadhar card|will not require the aadhar card|-1|-1
6yHARdxC2RA--25|Signer01|however it is still necessary for|however it is still necessary for|-1|-1
_taxjcs8kck--7|Signer01|no two people have the same symptoms|no two people have the same symptoms|-1|-1
_taxjcs8kck--19|Signer01|another mother from mumbai|another mother from mumbai|-1|-1
_taxjcs8kck--24|Signer01|many people think that|many people think that|-1|-1
_taxjcs8kck--29|Signer01|always worry about the child future once they are no more|always worry about the child future once they are no more|-1|-1
_taxjcs8kck--43|Signer01|so that they can prepare for their child future|so that they can prepare for their child future|-1|-1
x4-Aw1flEF4--2|Signer01|two years later after completing his education|two years later after completing his education|-1|-1
x4-Aw1flEF4--3|Signer01|he started working as an engineer|he started working as an engineer|-1|-1
x4-Aw1flEF4--4|Signer01|later on he started working at a bank|later on he started working at a bank|-1|-1
x4-Aw1flEF4--6|Signer01|in 2012 yogi got japanese citizenship|in 2012 yogi got japanese citizenship|-1|-1
x4-Aw1flEF4--7|Signer01|he wanted to work in the political field|he wanted to work in the political field|-1|-1
aATjvJ5NAgc--0|Signer01|in the upcoming elections narendra modi from the bjp|in the upcoming elections narendra modi from the bjp|-1|-1
aATjvJ5NAgc--3|Signer01|priyanka gandhi from the congress|priyanka gandhi from the congress|-1|-1
aATjvJ5NAgc--6|Signer01|she said that she was not aware about this|she said that she was not aware about this|-1|-1
aATjvJ5NAgc--7|Signer01|and that her brother rahul gandhi would take the decision|and that her brother rahul gandhi would take the decision|-1|-1
aATjvJ5NAgc--10|Signer01|they do not want to risk losing the election in varanasi against pm modi|they do not want to risk losing the election in varanasi against pm modi|-1|-1
XYp2oKbCmmQ--3|Signer01|the same year paris will host the olympics|the same year paris will host the olympics|-1|-1
XYp2oKbCmmQ--26|Signer01|these features were not put up|these features were not put up|-1|-1
EH93RxohCMM--7|Signer01|these farmers asked the government to help them|these farmers asked the government to help them|-1|-1
EH93RxohCMM--11|Signer01|the farmers were aware about this|the farmers were aware about this|-1|-1
EH93RxohCMM--16|Signer01|said that they case was brought to them and they were looking into it|said that they case was brought to them and they were looking into it|-1|-1
EH93RxohCMM--22|Signer01|when asked about this|when asked about this|-1|-1
EH93RxohCMM--24|Signer01|they can not give a comment since the issue is still in court|they can not give a comment since the issue is still in court|-1|-1
9MGLyD1gxgU--4|Signer01|after his announcement|after his announcement|-1|-1
9MGLyD1gxgU--8|Signer01|it would be very dangerous for the usa|it would be very dangerous for the usa|-1|-1
9MGLyD1gxgU--13|Signer01|in his announcement video joe biden said that|in his announcement video joe biden said that|-1|-1
9MGLyD1gxgU--14|Signer01|this is when he realised how dangerous trump was for the usa|this is when he realised how dangerous trump was for the usa|-1|-1
tXWCIzbtH2k--5|Signer01|before he left for the championship|before he left for the championship|-1|-1
tXWCIzbtH2k--6|Signer01|he told the media that|he told the media that|-1|-1
c3TZa8jp8i8--2|Signer01|the show is hosted by karan johar|the show is hosted by karan johar|-1|-1
c3TZa8jp8i8--3|Signer01|he asked them a series of questions|he asked them a series of questions|-1|-1
c3TZa8jp8i8--10|Signer01|now the cricketers will receive the punishment for their actions|now the cricketers will receive the punishment for their actions|-1|-1
c3TZa8jp8i8--17|Signer01|rs 1 lakh each|rs 1 lakh each|-1|-1
c3TZa8jp8i8--20|Signer01|all payments were to be made within 1 month|all payments were to be made within 1 month|-1|-1
n9JN_3P9fnw--1|Signer01|250 people lost their lives|250 people lost their lives|-1|-1
n9JN_3P9fnw--19|Signer01|five days later on 9th april|five days later on 9th april|-1|-1
n9JN_3P9fnw--31|Signer01|the problem is that|the problem is that|-1|-1
n9JN_3P9fnw--38|Signer01|after the attacks|after the attacks|-1|-1
n9JN_3P9fnw--49|Signer01|the sri lankan government blocked|the sri lankan government blocked|-1|-1
lxK8Qzg870c--11|Signer01|she mentioned all the details in that letter|she mentioned all the details in that letter|-1|-1
lxK8Qzg870c--12|Signer01|the cji has denied the allegations|the cji has denied the allegations|-1|-1
lxK8Qzg870c--13|Signer01|he did it not feel it was right to respond|he did it not feel it was right to respond|-1|-1
lxK8Qzg870c--20|Signer01|a committee set up under|a committee set up under|-1|-1
lxK8Qzg870c--27|Signer01|now there is a complaint against the cji himself|now there is a complaint against the cji himself|-1|-1
B_EqcW76NVs--16|Signer01|the special secretary to chief election officer ceo punjab|the special secretary to chief election officer ceo punjab|-1|-1
B_EqcW76NVs--22|Signer01|that every indian deaf voter must know|that every indian deaf voter must know|-1|-1
B_EqcW76NVs--26|Signer01|3 polling station|3 polling station|-1|-1
B_EqcW76NVs--53|Signer01|the questions are|the questions are|-1|-1
B_EqcW76NVs--56|Signer01|the aim of the app is|the aim of the app is|-1|-1
LjivcT4ZVQ4--17|Signer01|he was just about to be served|he was just about to be served|-1|-1
LjivcT4ZVQ4--32|Signer01|12 children who had finished their sunday classes|12 children who had finished their sunday classes|-1|-1
LjivcT4ZVQ4--43|Signer01|no group has taken responsibility for these attacks yet|no group has taken responsibility for these attacks yet|-1|-1
LjivcT4ZVQ4--46|Signer01|the police have found the van which was used to transport them as well|the police have found the van which was used to transport them as well|-1|-1
LjivcT4ZVQ4--48|Signer01|he has even offered help to the sri lankan government|he has even offered help to the sri lankan government|-1|-1
jm3Yzwi_Csw--5|Signer01|the russian president putin issued an order|the russian president putin issued an order|-1|-1
jm3Yzwi_Csw--10|Signer01|the russian embassy in india said that|the russian embassy in india said that|-1|-1
jm3Yzwi_Csw--15|Signer01|others who have received this award are|others who have received this award are|-1|-1
jm3Yzwi_Csw--18|Signer01|3 and chairman of the people republic of china|3 and chairman of the people republic of china|-1|-1
gqgdlJ7ojzE--11|Signer01|and security of women are the top three issues|and security of women are the top three issues|-1|-1
gqgdlJ7ojzE--19|Signer01|for example hindi tamil marathi sign language etc|for example hindi tamil marathi sign language etc|-1|-1
gqgdlJ7ojzE--20|Signer01|would be used to teach children|would be used to teach children|-1|-1
gqgdlJ7ojzE--29|Signer01|2 they have promised to|2 they have promised to|-1|-1
gqgdlJ7ojzE--58|Signer01|will be given a piece of land to build their own houses|will be given a piece of land to build their own houses|-1|-1
AyP2IeipP10--2|Signer01|the man waited till the employee was away|the man waited till the employee was away|-1|-1
AyP2IeipP10--6|Signer01|they reported the matter to the police|they reported the matter to the police|-1|-1
AyP2IeipP10--7|Signer01|the police began investigating the matter|the police began investigating the matter|-1|-1
AyP2IeipP10--11|Signer01|the police identified his name and his face but they still wanted more details|the police identified his name and his face but they still wanted more details|-1|-1
AyP2IeipP10--13|Signer01|the picture of the man made it easy for them to identify him|the picture of the man made it easy for them to identify him|-1|-1
YLHLwI98sL0--7|Signer01|they are supposed to pay for it|they are supposed to pay for it|-1|-1
YLHLwI98sL0--13|Signer01|they must be free of cost|they must be free of cost|-1|-1
YLHLwI98sL0--20|Signer01|pay the legal charges of rs 1000|pay the legal charges of rs 1000|-1|-1
YLHLwI98sL0--22|Signer01|for the mental stress that was caused|for the mental stress that was caused|-1|-1
gIEzQqh6Z_4--9|Signer01|mukesh ambani india richest man|mukesh ambani india richest man|-1|-1
gIEzQqh6Z_4--14|Signer01|to give its advice on this deal|to give its advice on this deal|-1|-1
gIEzQqh6Z_4--24|Signer01|they do not comment on media rumours|they do not comment on media rumours|-1|-1
gIEzQqh6Z_4--25|Signer01|they are constantly working on new projects|they are constantly working on new projects|-1|-1
gIEzQqh6Z_4--36|Signer01|however they cancelled their plans|however they cancelled their plans|-1|-1
rPEVSw1X6GE--1|Signer01|to become the president of the usa|to become the president of the usa|-1|-1
rPEVSw1X6GE--11|Signer01|he was deployed in the war in afghanistan in 2014|he was deployed in the war in afghanistan in 2014|-1|-1
rPEVSw1X6GE--14|Signer01|in 2011 when he was just 29 years old|in 2011 when he was just 29 years old|-1|-1
rPEVSw1X6GE--25|Signer01|with military and executive experience be elected|with military and executive experience be elected|-1|-1
rPEVSw1X6GE--26|Signer01|18 candidates are taking part in the elections|18 candidates are taking part in the elections|-1|-1
06RDoDxrCiY--14|Signer01|bjp president amit shah|bjp president amit shah|-1|-1
06RDoDxrCiY--25|Signer01|congress president rahul gandhi tweeted that|congress president rahul gandhi tweeted that|-1|-1
06RDoDxrCiY--31|Signer01|who was an indian political leader|who was an indian political leader|-1|-1
hNUjfKr_rK4--0|Signer01|jet airways 16 000 employees|jet airways 16 000 employees|-1|-1
hNUjfKr_rK4--8|Signer01|the pilots strike will not have a big impact on the airlines|the pilots strike will not have a big impact on the airlines|-1|-1
hNUjfKr_rK4--18|Signer01|an engineer had applied to spicejet and air india express for a job|an engineer had applied to spicejet and air india express for a job|-1|-1
hNUjfKr_rK4--23|Signer01|it is a very important day|it is a very important day|-1|-1
hNUjfKr_rK4--26|Signer01|so that the airlines can continue working|so that the airlines can continue working|-1|-1
YYf-H5pwcPs--0|Signer01|the pakistani prime minister imran khan said|the pakistani prime minister imran khan said|-1|-1
YYf-H5pwcPs--4|Signer01|would not help to solve the issue of jammu and kashmir|would not help to solve the issue of jammu and kashmir|-1|-1
YYf-H5pwcPs--7|Signer01|he said that he knew muslims from india who were happy to live in india|he said that he knew muslims from india who were happy to live in india|-1|-1
YYf-H5pwcPs--11|Signer01|he also states that narendra modi has done a similar thing|he also states that narendra modi has done a similar thing|-1|-1
YYf-H5pwcPs--16|Signer01|election experts believe that after the attack in pulwama|election experts believe that after the attack in pulwama|-1|-1
ToKOeIeTwo0--1|Signer01|in september 2013 the supreme court sc declared that|in september 2013 the supreme court sc declared that|-1|-1
ToKOeIeTwo0--3|Signer01|the sc directed the election commission|the sc directed the election commission|-1|-1
kn4pan6xp0g--2|Signer01|she joined the congress on 27th march after meeting its chief rahul gandhi|she joined the congress on 27th march after meeting its chief rahul gandhi|-1|-1
kn4pan6xp0g--9|Signer01|she knew that this election journey was a long one|she knew that this election journey was a long one|-1|-1
kn4pan6xp0g--12|Signer01|the election commission has a rule that political parties|the election commission has a rule that political parties|-1|-1
kn4pan6xp0g--19|Signer01|she blamed the current government for keeping the people busy|she blamed the current government for keeping the people busy|-1|-1
E-XP6CSzU_g--1|Signer01|he has announced that prime minister modi will soon be awarded|he has announced that prime minister modi will soon be awarded|-1|-1
E-XP6CSzU_g--6|Signer01|in respect of his efforts the president of uae has awarded pm modi this award|in respect of his efforts the president of uae has awarded pm modi this award|-1|-1
E-XP6CSzU_g--10|Signer01|the two leaders have met many times in the past|the two leaders have met many times in the past|-1|-1
E-XP6CSzU_g--11|Signer01|the prince has visited india twice since 2015|the prince has visited india twice since 2015|-1|-1
E-XP6CSzU_g--13|Signer01|have not confirmed when the award ceremony for pm modi will be held|have not confirmed when the award ceremony for pm modi will be held|-1|-1
YDRNx4MIFLI--2|Signer01|during an interview he said that|during an interview he said that|-1|-1
YDRNx4MIFLI--4|Signer01|he said that the society and the bjp party|he said that the society and the bjp party|-1|-1
YDRNx4MIFLI--5|Signer01|must work very hard for pm modi to win the elections|must work very hard for pm modi to win the elections|-1|-1
YDRNx4MIFLI--7|Signer01|he was not happy and became extremely upset|he was not happy and became extremely upset|-1|-1
YDRNx4MIFLI--11|Signer01|he has ordered them to take the necessary action|he has ordered them to take the necessary action|-1|-1
2jPKNAnegCM--2|Signer01|due to the company severe financial crisis|due to the company severe financial crisis|-1|-1
2jPKNAnegCM--9|Signer01|the company has not paid the employees salary for the month of march|the company has not paid the employees salary for the month of march|-1|-1
2jPKNAnegCM--10|Signer01|employees will be updated regarding their payment by 9th april|employees will be updated regarding their payment by 9th april|-1|-1
2jPKNAnegCM--11|Signer01|the pilots had initially said that|the pilots had initially said that|-1|-1
2jPKNAnegCM--12|Signer01|if they were not paid by 1st april they would stop flying|if they were not paid by 1st april they would stop flying|-1|-1
zmmSiKlDOGE--1|Signer01|on 31st march it was launched on tata sky|on 31st march it was launched on tata sky|-1|-1
zmmSiKlDOGE--3|Signer01|however their social media accounts have encouraged people to watch the channel|however their social media accounts have encouraged people to watch the channel|-1|-1
zmmSiKlDOGE--8|Signer01|a tata sky user tweeted the company|a tata sky user tweeted the company|-1|-1
zmmSiKlDOGE--9|Signer01|questioning the identity of the channel|questioning the identity of the channel|-1|-1
zmmSiKlDOGE--10|Signer01|in response to this tweet tata sky said that|in response to this tweet tata sky said that|-1|-1
7uc4U3LKAnI--1|Signer01|more than 10 lakh people use the app for financial transactions|more than 10 lakh people use the app for financial transactions|-1|-1
7uc4U3LKAnI--2|Signer01|on the 2nd of april 2019 paytm announced|on the 2nd of april 2019 paytm announced|-1|-1
7uc4U3LKAnI--8|Signer01|according to paytm official statement|according to paytm official statement|-1|-1
7uc4U3LKAnI--12|Signer01|are working very hard they will soon make an official announcement|are working very hard they will soon make an official announcement|-1|-1
7uc4U3LKAnI--15|Signer01|although paytm has a bigger user base|although paytm has a bigger user base|-1|-1
8egwK6RxXVs--7|Signer01|the bombay high court said that if the mother wants to have an abortion|the bombay high court said that if the mother wants to have an abortion|-1|-1
8egwK6RxXVs--11|Signer01|to solve these cases|to solve these cases|-1|-1
8egwK6RxXVs--12|Signer01|the high court also told the state government|the high court also told the state government|-1|-1
8egwK6RxXVs--17|Signer01|the child is born alive|the child is born alive|-1|-1
8egwK6RxXVs--22|Signer01|then the government will step in and care for the child|then the government will step in and care for the child|-1|-1
ZxOVR7-YxSM--1|Signer01|this is its sign name|this is its sign name|-1|-1
ZxOVR7-YxSM--7|Signer01|the country has changed some of their strict laws|the country has changed some of their strict laws|-1|-1
ZxOVR7-YxSM--16|Signer01|it will be imposed from the first week of april|it will be imposed from the first week of april|-1|-1
ZxOVR7-YxSM--20|Signer01|the international community is extremely shocked by this|the international community is extremely shocked by this|-1|-1
ZxOVR7-YxSM--22|Signer01|many people have said that if the law is imposed|many people have said that if the law is imposed|-1|-1
UOP-m62eses--0|Signer01|earlier in the lok sabha elections|earlier in the lok sabha elections|-1|-1
UOP-m62eses--9|Signer01|her total assets are worth rs 250 crore|her total assets are worth rs 250 crore|-1|-1
UOP-m62eses--11|Signer01|according to the documents submitted by her|according to the documents submitted by her|-1|-1
UOP-m62eses--13|Signer01|rs 1 46 crore bank balance|rs 1 46 crore bank balance|-1|-1
UOP-m62eses--17|Signer01|his total assets are worth rs 18 26 crore|his total assets are worth rs 18 26 crore|-1|-1
PPGfgirZDhM--6|Signer01|since personal information of many individuals had been leaked|since personal information of many individuals had been leaked|-1|-1
PPGfgirZDhM--7|Signer01|he said personal data was at risk and the government is responsible to solve this|he said personal data was at risk and the government is responsible to solve this|-1|-1
PPGfgirZDhM--8|Signer01|he tweeted the indian government to act fast|he tweeted the indian government to act fast|-1|-1
PPGfgirZDhM--9|Signer01|top officials in the indian government discussed the issue|top officials in the indian government discussed the issue|-1|-1
PPGfgirZDhM--18|Signer01|as it not safe|as it not safe|-1|-1
Xmm9ZyMy12g--3|Signer01|by a technology transfer from the french company|by a technology transfer from the french company|-1|-1
Xmm9ZyMy12g--14|Signer01|it will be ready to join the indian navy by the end of 2019|it will be ready to join the indian navy by the end of 2019|-1|-1
Xmm9ZyMy12g--21|Signer01|which was purchased from russia in july 2000|which was purchased from russia in july 2000|-1|-1
4rNcMZTkqS4--7|Signer01|she is even learning sign language for her role|she is even learning sign language for her role|-1|-1
V2BccXsiwBc--1|Signer01|passed away at his residence in goa|passed away at his residence in goa|-1|-1
V2BccXsiwBc--4|Signer01|he had been visiting many hospitals in india and abroad for his treatment|he had been visiting many hospitals in india and abroad for his treatment|-1|-1
V2BccXsiwBc--6|Signer01|even during his illness he continued to work from home|even during his illness he continued to work from home|-1|-1
V2BccXsiwBc--8|Signer01|he has been elected as the cm three times|he has been elected as the cm three times|-1|-1
V2BccXsiwBc--19|Signer01|currently in the goa state assembly the congress have the highest majority|currently in the goa state assembly the congress have the highest majority|-1|-1
LPs5PQ87mN8--3|Signer01|although in j&k the senior officers and board members were not paid|although in j&k the senior officers and board members were not paid|-1|-1
LPs5PQ87mN8--4|Signer01|similarly in kerala as well senior officers and board members were not paid|similarly in kerala as well senior officers and board members were not paid|-1|-1
LPs5PQ87mN8--7|Signer01|the employees have his full support|the employees have his full support|-1|-1
LPs5PQ87mN8--12|Signer01|december salary was paid on 5th january and january salary was paid on 21st february|december salary was paid on 5th january and january salary was paid on 21st february|-1|-1
w5859ZFeiI8--0|Signer01|airlines such as jet airways spicejet indigo and go air|airlines such as jet airways spicejet indigo and go air|-1|-1
w5859ZFeiI8--8|Signer01|all over india more than 500 flights have been cancelled|all over india more than 500 flights have been cancelled|-1|-1
w5859ZFeiI8--9|Signer01|34 international flights flying into mumbai were cancelled as well|34 international flights flying into mumbai were cancelled as well|-1|-1
w5859ZFeiI8--18|Signer01|if the situation remains the same|if the situation remains the same|-1|-1
w5859ZFeiI8--19|Signer01|the price for tickets during the summer season can increase by 50%|the price for tickets during the summer season can increase by 50%|-1|-1
3bi7KNSxFuQ--10|Signer01|he would donate the 50% by|he would donate the 50% by|-1|-1
TJvaIAr5Gts--3|Signer01|on 14 march 2019 at 7 35 pm the bridge collapsed|on 14 march 2019 at 7 35 pm the bridge collapsed|-1|-1
TJvaIAr5Gts--4|Signer01|6 people were killed and 35 people have been injured|6 people were killed and 35 people have been injured|-1|-1
TJvaIAr5Gts--13|Signer01|the police will announce the name of the person who was responsible for the accident|the police will announce the name of the person who was responsible for the accident|-1|-1
TJvaIAr5Gts--16|Signer01|to make sure injured victims receive treatment at hospitals immediately|to make sure injured victims receive treatment at hospitals immediately|-1|-1
TJvaIAr5Gts--18|Signer01|the injured would receive rs 50 000 each|the injured would receive rs 50 000 each|-1|-1
wMk3tNUUv2E--2|Signer01|in india for the first time a deaf festival like this was organised|in india for the first time a deaf festival like this was organised|-1|-1
wMk3tNUUv2E--7|Signer01|it was completely organised by deaf individuals|it was completely organised by deaf individuals|-1|-1
wMk3tNUUv2E--11|Signer01|he said that the fun fair is organised by hearing people|he said that the fun fair is organised by hearing people|-1|-1
wMk3tNUUv2E--15|Signer01|which is completely organised by deaf individuals|which is completely organised by deaf individuals|-1|-1
wMk3tNUUv2E--17|Signer01|it was organised for the first time in new delhi|it was organised for the first time in new delhi|-1|-1
jC6VuHNpTLM--6|Signer01|the aircraft was new and had been purchased on 15th november 2018|the aircraft was new and had been purchased on 15th november 2018|-1|-1
jC6VuHNpTLM--9|Signer01|asking permission to return to the airport|asking permission to return to the airport|-1|-1
jC6VuHNpTLM--19|Signer01|for hours with no information from airport authorities|for hours with no information from airport authorities|-1|-1
jC6VuHNpTLM--24|Signer01|will also participate in the investigation|will also participate in the investigation|-1|-1
jC6VuHNpTLM--28|Signer01|till the investigation is not complete|till the investigation is not complete|-1|-1
Wf6Am2k9Inw--0|Signer01|isro is the indian space research organisation|isro is the indian space research organisation|-1|-1
Wf6Am2k9Inw--3|Signer01|signed an agreement in bengaluru this year|signed an agreement in bengaluru this year|-1|-1
Wf6Am2k9Inw--5|Signer01|ships all over the world especially in the indian ocean|ships all over the world especially in the indian ocean|-1|-1
Wf6Am2k9Inw--8|Signer01|india and france will share all their data|india and france will share all their data|-1|-1
8E-llRXuhl0--8|Signer01|they have experience driving heavy vehicles|they have experience driving heavy vehicles|-1|-1
8E-llRXuhl0--19|Signer01|they will be trained for 1 year|they will be trained for 1 year|-1|-1
bxE5mWKHleY--1|Signer01|according to the water resources department in 2018|according to the water resources department in 2018|-1|-1
bxE5mWKHleY--13|Signer01|the farmers are facing a big problem because of the water shortage|the farmers are facing a big problem because of the water shortage|-1|-1
Huj4TZZ4AkE--9|Signer01|which are meant to kill indian soldiers|which are meant to kill indian soldiers|-1|-1
Huj4TZZ4AkE--12|Signer01|this is why india signed a deal with russia|this is why india signed a deal with russia|-1|-1
Huj4TZZ4AkE--20|Signer01|he said that he is very happy to work with india|he said that he is very happy to work with india|-1|-1
s_yv9KIuotU--0|Signer01|on 7 march at 11 50 am at a bus stand in jammu|on 7 march at 11 50 am at a bus stand in jammu|-1|-1
s_yv9KIuotU--5|Signer01|within hours the police arrested him|within hours the police arrested him|-1|-1
s_yv9KIuotU--7|Signer01|during questioning he admitted he was responsible for the blast|during questioning he admitted he was responsible for the blast|-1|-1
s_yv9KIuotU--10|Signer01|this is the third time this terrorist group has carried out such a blast|this is the third time this terrorist group has carried out such a blast|-1|-1
quQr3EEgW4A--2|Signer01|recently the indian government approved the second phase of the metro project|recently the indian government approved the second phase of the metro project|-1|-1
quQr3EEgW4A--10|Signer01|it makes transport easy|it makes transport easy|-1|-1
7DIjDDOLmkw--4|Signer01|they have achieved three world records|they have achieved three world records|-1|-1
7DIjDDOLmkw--6|Signer01|they created a record in which thousands of people participated to clean the roads|they created a record in which thousands of people participated to clean the roads|-1|-1
7DIjDDOLmkw--10|Signer01|south korea record has now been broken by india|south korea record has now been broken by india|-1|-1
7DIjDDOLmkw--12|Signer01|there were 500 buses in a line which was 3 2 km long|there were 500 buses in a line which was 3 2 km long|-1|-1
7DIjDDOLmkw--13|Signer01|these are india 3 world records|these are india 3 world records|-1|-1
Q_sG1nhVVWY--4|Signer01|entry fees for teams is rs 16 000 -|entry fees for teams is rs 16 000 -|-1|-1
Q_sG1nhVVWY--5|Signer01|teams who secure first prize will be awarded rs 1 00 000 -|teams who secure first prize will be awarded rs 1 00 000 -|-1|-1
Q_sG1nhVVWY--10|Signer01|last date for registration is 10 march 2019|last date for registration is 10 march 2019|-1|-1
Q_sG1nhVVWY--13|Signer01|the deaf teams have come up with unique names for their teams these are|the deaf teams have come up with unique names for their teams these are|-1|-1
Q_sG1nhVVWY--16|Signer01|please do come to watch the matches you will really enjoy|please do come to watch the matches you will really enjoy|-1|-1
W_LjNlwlqSI--13|Signer01|since the pulwama attack villages at the border have been on high alert|since the pulwama attack villages at the border have been on high alert|-1|-1
QL4uHSgIztQ--12|Signer01|doctors say his has not suffered any permanent injuries he will be fine soon|doctors say his has not suffered any permanent injuries he will be fine soon|-1|-1
HjA1fL-iLfc--6|Signer01|imran khan said that pakistan wants peace|imran khan said that pakistan wants peace|-1|-1
HjA1fL-iLfc--8|Signer01|the indian air force is very happy that pakistan is releasing their pilot|the indian air force is very happy that pakistan is releasing their pilot|-1|-1
HjA1fL-iLfc--10|Signer01|they are just following international rules by releasing him|they are just following international rules by releasing him|-1|-1
HjA1fL-iLfc--11|Signer01|the indian government said they will not accept pakistan offer of peace|the indian government said they will not accept pakistan offer of peace|-1|-1
HjA1fL-iLfc--13|Signer01|only then the indian government will accept pakistan offer for peace|only then the indian government will accept pakistan offer for peace|-1|-1
zLL5iLKsK5Y--5|Signer01|he was caught by the pakistani locals|he was caught by the pakistani locals|-1|-1
zLL5iLKsK5Y--10|Signer01|india has strongly warned pakistan to treat our officer with respect and keep him safe|india has strongly warned pakistan to treat our officer with respect and keep him safe|-1|-1
PLkSppxLsRc--1|Signer01|education and accessibility for deaf individuals|education and accessibility for deaf individuals|-1|-1
PLkSppxLsRc--2|Signer01|these demands have continuously been ignored by the government|these demands have continuously been ignored by the government|-1|-1
PLkSppxLsRc--4|Signer01|this protest was outside the office of the state social welfare department|this protest was outside the office of the state social welfare department|-1|-1
PLkSppxLsRc--5|Signer01|at 9 am thousands gathered and gave the department time till 2 pm|at 9 am thousands gathered and gave the department time till 2 pm|-1|-1
PLkSppxLsRc--22|Signer01|although this does not solve the problem|although this does not solve the problem|-1|-1
skgtV-UF4Ws--12|Signer01|and encouraged people to donate whatever amount they can|and encouraged people to donate whatever amount they can|-1|-1
KTuewlw2KII--2|Signer01|pakistan would respond back|pakistan would respond back|-1|-1
KTuewlw2KII--4|Signer01|he said he does not want india to start a war|he said he does not want india to start a war|-1|-1
6YMDdAmfl50--7|Signer01|during the firing several youth from the area rushed to the spot|during the firing several youth from the area rushed to the spot|-1|-1
BA3plSm8PCY--12|Signer01|so that passengers enjoy their travel without the need to pay extra charges|so that passengers enjoy their travel without the need to pay extra charges|-1|-1
ol_OQtYXKvE--8|Signer01|the train has two classes the chair car and the executive|the train has two classes the chair car and the executive|-1|-1
kLzR5KviwIw--6|Signer01|after getting married and getting the visa the couple flew to australia|after getting married and getting the visa the couple flew to australia|-1|-1
kLzR5KviwIw--9|Signer01|the investigation is going on they have not been able to catch them yet|the investigation is going on they have not been able to catch them yet|-1|-1
l3K8axpq1AE--6|Signer01|which was very cheap|which was very cheap|-1|-1
l3K8axpq1AE--8|Signer01|by paying the fees the process became very easy|by paying the fees the process became very easy|-1|-1
xXCtOdOoEP0--6|Signer01|said that income tax returns were filed by a total of 6 85 crore people|said that income tax returns were filed by a total of 6 85 crore people|-1|-1
NQLEUM-fgx0--5|Signer01|he will be able to listen to their conversation|he will be able to listen to their conversation|-1|-1
0DeD2bZKyU4--3|Signer01|the festival aims to talk about the various problems of the community|the festival aims to talk about the various problems of the community|-1|-1
w0Q_s8aWuJk--4|Signer01|the commissioner said that according the law if stolen vehicles are found|the commissioner said that according the law if stolen vehicles are found|-1|-1
JOxxG1drLDU--4|Signer01|she will start working from 1st february 2019|she will start working from 1st february 2019|-1|-1
JOxxG1drLDU--11|Signer01|the congress welcomed priyanka gandhi to be a part of the congress party|the congress welcomed priyanka gandhi to be a part of the congress party|-1|-1
0pcBPGh4zRg--0|Signer01|the government of goa has made changes to the tourist trade act of goa|the government of goa has made changes to the tourist trade act of goa|-1|-1
QFGT8GOlrnI--2|Signer01|in america they have broken multiple laws|in america they have broken multiple laws|-1|-1
QFGT8GOlrnI--10|Signer01|facebook fine will be much more|facebook fine will be much more|-1|-1
QFGT8GOlrnI--11|Signer01|the facebook privacy problems are being investigated by many countries|the facebook privacy problems are being investigated by many countries|-1|-1
WHx01aeSjPs--7|Signer01|but they pay a very small amount of rs 1 50 per unit|but they pay a very small amount of rs 1 50 per unit|-1|-1
WHx01aeSjPs--9|Signer01|a total tax of rs 1 100 crore will be collected|a total tax of rs 1 100 crore will be collected|-1|-1
C48Wf5ioLfM--2|Signer01|this took place in april 2018|this took place in april 2018|-1|-1
C80GZM_2dbI--8|Signer01|their lawyer said that the it department must pay the company|their lawyer said that the it department must pay the company|-1|-1
qCYdIQ9-92o--4|Signer01|now in india the old rs 500 and rs 1000 notes are banned|now in india the old rs 500 and rs 1000 notes are banned|-1|-1
EpYO_sxdGq0--0|Signer01|the best bus drivers have finally ended the strike after nine days|the best bus drivers have finally ended the strike after nine days|-1|-1
EpYO_sxdGq0--4|Signer01|this will start from january|this will start from january|-1|-1
puaxDEl9dQc--3|Signer01|25 lakh people use the best buses everyday|25 lakh people use the best buses everyday|-1|-1
9I1UC1svM9Y--5|Signer01|when they reached the taj hotel|when they reached the taj hotel|-1|-1
n-f_E_xJZzc--13|Signer01|they can not be arrested|they can not be arrested|-1|-1
n-f_E_xJZzc--16|Signer01|on some issues the army is different|on some issues the army is different|-1|-1
Kml1cDKfTMU--13|Signer01|the people of assam do not want such people to get citizenship|the people of assam do not want such people to get citizenship|-1|-1
dzvqpGOWaPs--3|Signer01|a recent news has shocked all indians|a recent news has shocked all indians|-1|-1
dzvqpGOWaPs--18|Signer01|they have issued an alert|they have issued an alert|-1|-1
dzvqpGOWaPs--22|Signer01|this is being done inorder to ensure people safety|this is being done inorder to ensure people safety|-1|-1
dzvqpGOWaPs--24|Signer01|no it not like that|no it not like that|-1|-1
LQGwXf57GYs--0|Signer01|what i am going to tell you today is very important|what i am going to tell you today is very important|-1|-1
LQGwXf57GYs--5|Signer01|many suffered huge losses|many suffered huge losses|-1|-1
LQGwXf57GYs--6|Signer01|however many were covered by insurance|however many were covered by insurance|-1|-1
LQGwXf57GYs--49|Signer01|in both cases the routes will be covered do not switch the route yourself|in both cases the routes will be covered do not switch the route yourself|-1|-1
LQGwXf57GYs--70|Signer01|the claim can be made only within 12 months of the accident|the claim can be made only within 12 months of the accident|-1|-1
-ZfvxlrzzKI--3|Signer01|they all came up with a plan|they all came up with a plan|-1|-1
-ZfvxlrzzKI--12|Signer01|the students thanked him|the students thanked him|-1|-1
-ZfvxlrzzKI--13|Signer01|in 3 days time they prepared for test|in 3 days time they prepared for test|-1|-1
-ZfvxlrzzKI--17|Signer01|they all agreed as they had prepared well in the last 3 days|they all agreed as they had prepared well in the last 3 days|-1|-1
-ZfvxlrzzKI--26|Signer01|take responsibility for your actions|take responsibility for your actions|-1|-1
MMCChJ2aD20--15|Signer01|or walk around for at least 1 5 hours a day|or walk around for at least 1 5 hours a day|-1|-1
MMCChJ2aD20--42|Signer01|your breakfast is ready|your breakfast is ready|-1|-1
MMCChJ2aD20--52|Signer01|then it time for lunch|then it time for lunch|-1|-1
MMCChJ2aD20--110|Signer01|the most important thing is to listen to your body when you are following it|the most important thing is to listen to your body when you are following it|-1|-1
xFJw5GMtlCk--4|Signer01|all 3 of them are deaf|all 3 of them are deaf|-1|-1
xFJw5GMtlCk--13|Signer01|the young girls have been missing for 19 days|the young girls have been missing for 19 days|-1|-1
xFJw5GMtlCk--16|Signer01|after the police failed to trace the two girls|after the police failed to trace the two girls|-1|-1
MMCChJ2aD20--145|Signer01|now try following this for at least 3 months and see|now try following this for at least 3 months and see|-1|-1
J4v8qnLGEwk--1|Signer01|we should not get angry|we should not get angry|-1|-1
J4v8qnLGEwk--66|Signer01|then we can express very clearly to our boss what on our mind|then we can express very clearly to our boss what on our mind|-1|-1
J4v8qnLGEwk--71|Signer01|we will find a solution|we will find a solution|-1|-1
J4v8qnLGEwk--73|Signer01|nor did you show violence to yourself|nor did you show violence to yourself|-1|-1
J4v8qnLGEwk--76|Signer01|it our responsibility to express clearly what on our mind to the other person|it our responsibility to express clearly what on our mind to the other person|-1|-1
m-vzXssmO90--84|Signer01|court order it not forced everywhere|court order it not forced everywhere|-1|-1
m-vzXssmO90--91|Signer01|meanwhile there an update on the story|meanwhile there an update on the story|-1|-1
m-vzXssmO90--142|Signer01|several students have missed their board|several students have missed their board|-1|-1
gJP-lgNgfb0--4|Signer01|anyone can apply for the course|anyone can apply for the course|-1|-1
gJP-lgNgfb0--8|Signer01|about deaf culture stories words sentences and many other things|about deaf culture stories words sentences and many other things|-1|-1
gJP-lgNgfb0--10|Signer01|you can apply now|you can apply now|-1|-1
gJP-lgNgfb0--12|Signer01|click on this link and the registration is very easy|click on this link and the registration is very easy|-1|-1
gJP-lgNgfb0--15|Signer01|go ahead and share it with everyone|go ahead and share it with everyone|-1|-1
V6dMrT9oeHA--9|Signer01|here are some points|here are some points|-1|-1
V6dMrT9oeHA--22|Signer01|in this every 20 minutes you look away from the screen|in this every 20 minutes you look away from the screen|-1|-1
V6dMrT9oeHA--27|Signer01|at the same level as that of your surroundings|at the same level as that of your surroundings|-1|-1
V6dMrT9oeHA--37|Signer01|this also happens on mobile phones|this also happens on mobile phones|-1|-1
V6dMrT9oeHA--40|Signer01|or you can move the table against the source of light|or you can move the table against the source of light|-1|-1
m-vzXssmO90--188|Signer01|worst ever economic crisis since its|worst ever economic crisis since its|-1|-1
m-vzXssmO90--282|Signer01|australia have announced that they will|australia have announced that they will|-1|-1
OnL15yNbUt0--1|Signer01|so many deaf people there were two of|so many deaf people there were two of|-1|-1
OnL15yNbUt0--6|Signer01|wow what a lovely video|wow what a lovely video|-1|-1
OnL15yNbUt0--8|Signer01|small gift from ish|small gift from ish|-1|-1
OnL15yNbUt0--9|Signer01|remember if you all continue to support|remember if you all continue to support|-1|-1
OnL15yNbUt0--10|Signer01|us then ish can continue to support you|us then ish can continue to support you|-1|-1
5gKDr2uCaJM--8|Signer01|was 31 december 2021 this has now been extended to 31 january 2022|was 31 december 2021 this has now been extended to 31 january 2022|-1|-1
5gKDr2uCaJM--11|Signer01|has been extended to 30 june 2021|has been extended to 30 june 2021|-1|-1
5gKDr2uCaJM--14|Signer01|was 31 may 2021 this has been postponed to 30th june 2021|was 31 may 2021 this has been postponed to 30th june 2021|-1|-1
5gKDr2uCaJM--16|Signer01|it has been extended by a month to july 15|it has been extended by a month to july 15|-1|-1
5gKDr2uCaJM--17|Signer01|the income tax department has said|the income tax department has said|-1|-1
yb7efY9x78U--9|Signer01|there are rules for all this|there are rules for all this|-1|-1
yb7efY9x78U--16|Signer01|now the rbi announced that none of the notes are missing|now the rbi announced that none of the notes are missing|-1|-1
2ypeBE72Cik--32|Signer01|out of these 4 which one did you like|out of these 4 which one did you like|-1|-1
2ypeBE72Cik--37|Signer01|for childhood friends a gift for your mother or any of your relatives|for childhood friends a gift for your mother or any of your relatives|-1|-1
52OxMXwPFHw--1|Signer01|both of them decided to not talk to each other|both of them decided to not talk to each other|-1|-1
KmW8f1GVTYY--10|Signer01|whenever we pay tax the money goes to the government|whenever we pay tax the money goes to the government|-1|-1
KmW8f1GVTYY--14|Signer01|all of us do money management and hence save money for the future|all of us do money management and hence save money for the future|-1|-1
KmW8f1GVTYY--24|Signer01|it was used for research and treatment of covid-19|it was used for research and treatment of covid-19|-1|-1
KmW8f1GVTYY--39|Signer01|world bank gives these loans to help countries grow|world bank gives these loans to help countries grow|-1|-1
KmW8f1GVTYY--46|Signer01|it also includes the salary of the military staff|it also includes the salary of the military staff|-1|-1
KC9fOX1xvYA--2|Signer01|everyone these days is excited about the men cricket world cup 2023|everyone these days is excited about the men cricket world cup 2023|-1|-1
KC9fOX1xvYA--7|Signer01|according to sources indians are angry with her and asked her to leave india|according to sources indians are angry with her and asked her to leave india|-1|-1
KC9fOX1xvYA--10|Signer01|these are 2 different views|these are 2 different views|-1|-1
KC9fOX1xvYA--12|Signer01|the message that she posted on x and it went viral stated|the message that she posted on x and it went viral stated|-1|-1
KC9fOX1xvYA--33|Signer01|had refused to send our players to pakistan|had refused to send our players to pakistan|-1|-1
dlJ1-hscTbc--0|Signer01|ish news has been releasing videos about|ish news has been releasing videos about|-1|-1
dlJ1-hscTbc--4|Signer01|etc these look wonderful is not|etc these look wonderful is not|-1|-1
dlJ1-hscTbc--6|Signer01|the daily updates about the events that|the daily updates about the events that|-1|-1
dlJ1-hscTbc--10|Signer01|watching have a look at the events|watching have a look at the events|-1|-1
dlJ1-hscTbc--11|Signer01|planned on 6th january 2024 during the|planned on 6th january 2024 during the|-1|-1
vvYrlkz0xos--21|Signer01|earlier it was better but nowadays plastic is very harmful|earlier it was better but nowadays plastic is very harmful|-1|-1
Xwd1e9lgw08--2|Signer01|there nothing like them|there nothing like them|-1|-1
Xwd1e9lgw08--44|Signer01|then transfer it into a big bowl|then transfer it into a big bowl|-1|-1
Xwd1e9lgw08--50|Signer01|to prepare coconut milk you need 1 cup chopped coconut & 2 cups water|to prepare coconut milk you need 1 cup chopped coconut & 2 cups water|-1|-1
creD7FiahQU--1|Signer01|timings for the course are from 5 30 pm - 6 30 pm|timings for the course are from 5 30 pm - 6 30 pm|-1|-1
creD7FiahQU--3|Signer01|this course will be taught by an expert who has more than 10 years experience|this course will be taught by an expert who has more than 10 years experience|-1|-1
creD7FiahQU--5|Signer01|students will learn isl signs of various words deaf culture|students will learn isl signs of various words deaf culture|-1|-1
creD7FiahQU--7|Signer01|deaf students who do not know isl are also welcome to apply|deaf students who do not know isl are also welcome to apply|-1|-1
creD7FiahQU--9|Signer01|visit the ish shiksha website for all the details here is the link|visit the ish shiksha website for all the details here is the link|-1|-1
Xwd1e9lgw08--175|Signer01|this step is really important|this step is really important|-1|-1
Xwd1e9lgw08--191|Signer01|then order our satvic food book from our website today|then order our satvic food book from our website today|-1|-1
d1IF1SezqBc--9|Signer01|ish staff and many others have experienced this|ish staff and many others have experienced this|-1|-1
d1IF1SezqBc--12|Signer01|are you unable to understand the matter|are you unable to understand the matter|-1|-1
d1IF1SezqBc--33|Signer01|there have been many such incidents across india|there have been many such incidents across india|-1|-1
d1IF1SezqBc--37|Signer01|this has left people very worried|this has left people very worried|-1|-1
d1IF1SezqBc--39|Signer01|people in india are very worried|people in india are very worried|-1|-1
qCg3UiB6vmI--7|Signer01|the response from the deaf community has been amazing|the response from the deaf community has been amazing|-1|-1
qCg3UiB6vmI--8|Signer01|sadly there will not be anymore videos|sadly there will not be anymore videos|-1|-1
qCg3UiB6vmI--12|Signer01|to work hard and continue providing such accessible services to you all|to work hard and continue providing such accessible services to you all|-1|-1
qCg3UiB6vmI--17|Signer01|you can watch the video and fill out the form|you can watch the video and fill out the form|-1|-1
qCg3UiB6vmI--21|Signer01|please share this link and tell everyone to fill out this form|please share this link and tell everyone to fill out this form|-1|-1
bkIHDsgZ0RA--1|Signer01|he used to live in india and has since moved to canada|he used to live in india and has since moved to canada|-1|-1
bkIHDsgZ0RA--16|Signer01|go back to india|go back to india|-1|-1
bkIHDsgZ0RA--17|Signer01|this was his extreme statement|this was his extreme statement|-1|-1
bkIHDsgZ0RA--24|Signer01|he said he would respond with violence and pm modi would be responsible for it|he said he would respond with violence and pm modi would be responsible for it|-1|-1
bkIHDsgZ0RA--29|Signer01|we will respond and it will be dangerous|we will respond and it will be dangerous|-1|-1
KC9ptMAYm3o--0|Signer01|we all love and respect cricketer sachin tendulkar|we all love and respect cricketer sachin tendulkar|-1|-1
KC9ptMAYm3o--5|Signer01|the statue has been installed near the sachin tendulkar stand at the stadium|the statue has been installed near the sachin tendulkar stand at the stadium|-1|-1
KC9ptMAYm3o--6|Signer01|the statue was installed by the mumbai cricket association|the statue was installed by the mumbai cricket association|-1|-1
KC9ptMAYm3o--17|Signer01|he was there to watch a match between india & west indies|he was there to watch a match between india & west indies|-1|-1
KC9ptMAYm3o--23|Signer01|he added that he has learnt that success does not come immediately|he added that he has learnt that success does not come immediately|-1|-1
8ht2IlGMnvE--1|Signer01|this village is the richest village in india|this village is the richest village in india|-1|-1
8ht2IlGMnvE--5|Signer01|you might have never heard this before right|you might have never heard this before right|-1|-1
8ht2IlGMnvE--10|Signer01|shocking like you even i was not aware|shocking like you even i was not aware|-1|-1
8ht2IlGMnvE--32|Signer01|people were very happy with this|people were very happy with this|-1|-1
8ht2IlGMnvE--75|Signer01|i would love to see it|i would love to see it|-1|-1
iszyzeGvM0k--1|Signer01|australia won the world cup for the 6th time|australia won the world cup for the 6th time|-1|-1
iszyzeGvM0k--13|Signer01|kept the trophy on his head as a respect|kept the trophy on his head as a respect|-1|-1
iszyzeGvM0k--17|Signer01|however some others commented that it was a cultural difference between the 2 countries|however some others commented that it was a cultural difference between the 2 countries|-1|-1
iszyzeGvM0k--36|Signer01|leaving the world cup loss aside|leaving the world cup loss aside|-1|-1
iszyzeGvM0k--38|Signer01|lets forget the world cup loss and focus now on the upcoming tournaments|lets forget the world cup loss and focus now on the upcoming tournaments|-1|-1
dfRAV-NCKyM--9|Signer01|during the latest hearing in the case salman lawyer said|during the latest hearing in the case salman lawyer said|-1|-1
-8tmH7kTQEs--8|Signer01|india is now investigating the matter shocking is not it|india is now investigating the matter shocking is not it|-1|-1
-8tmH7kTQEs--12|Signer01|white house national security council spokesperson said|white house national security council spokesperson said|-1|-1
-8tmH7kTQEs--14|Signer01|the indian government is further investigating this issue|the indian government is further investigating this issue|-1|-1
-jdXDmf1UZo--3|Signer01|but was postponed to 9th march 2024 and then again to 11th march 2024|but was postponed to 9th march 2024 and then again to 11th march 2024|-1|-1
MzzSZWYatRQ--2|Signer01|ish news had released several videos about the temple you can watch them here|ish news had released several videos about the temple you can watch them here|-1|-1
MzzSZWYatRQ--12|Signer01|surprisingly the temple was kept open till 11 pm|surprisingly the temple was kept open till 11 pm|-1|-1
MzzSZWYatRQ--14|Signer01|do you know the number of flights to & from ayodhya was also increased|do you know the number of flights to & from ayodhya was also increased|-1|-1
MzzSZWYatRQ--17|Signer01|it happened exactly for 4 minutes|it happened exactly for 4 minutes|-1|-1
MzzSZWYatRQ--43|Signer01|what a technology|what a technology|-1|-1
3pHRzddVvaA--1|Signer01|this hello is for hearing people|this hello is for hearing people|-1|-1
3pHRzddVvaA--4|Signer01|you need a common language to enjoy the communication with the deaf|you need a common language to enjoy the communication with the deaf|-1|-1
3pHRzddVvaA--8|Signer01|excited then come on|excited then come on|-1|-1
3pHRzddVvaA--9|Signer01|apply for a 1 month isl basic course|apply for a 1 month isl basic course|-1|-1
3pHRzddVvaA--14|Signer01|all through your life you would have used speech|all through your life you would have used speech|-1|-1
Q9-jYdeQlhs--5|Signer01|to store data of indian customers in india and not abroad|to store data of indian customers in india and not abroad|-1|-1
l2rsMUOBCJQ--0|Signer01|hello to all the hearing people how are you all|hello to all the hearing people how are you all|-1|-1
l2rsMUOBCJQ--5|Signer01|then apply for ish shiksha isl course|then apply for ish shiksha isl course|-1|-1
l2rsMUOBCJQ--7|Signer01|just one hour classes begin from 9th may 2022|just one hour classes begin from 9th may 2022|-1|-1
l2rsMUOBCJQ--9|Signer01|the fees is rs 2000 - registration on ish shiksha website is very easy|the fees is rs 2000 - registration on ish shiksha website is very easy|-1|-1
d0cKwTPoCAY--0|Signer01|you have an aadhar card right i have one as well like everyone else|you have an aadhar card right i have one as well like everyone else|-1|-1
d0cKwTPoCAY--15|Signer01|however do not worry|however do not worry|-1|-1
d0cKwTPoCAY--18|Signer01|let me tell you the process|let me tell you the process|-1|-1
d0cKwTPoCAY--31|Signer01|that a relief is not it|that a relief is not it|-1|-1
d0cKwTPoCAY--35|Signer01|we will share more such features in our upcoming videos so keep watching|we will share more such features in our upcoming videos so keep watching|-1|-1
EWbcQfcgmW8--7|Signer01|3 to make the indian government improve the system for the deaf|3 to make the indian government improve the system for the deaf|-1|-1
EWbcQfcgmW8--38|Signer01|we went indian places like delhi bengaluru and came here to mumbai|we went indian places like delhi bengaluru and came here to mumbai|-1|-1
EWbcQfcgmW8--47|Signer01|he really enjoyed and loved the place he will come again yes he will|he really enjoyed and loved the place he will come again yes he will|-1|-1
EWbcQfcgmW8--136|Signer01|that how it should be done|that how it should be done|-1|-1
EWbcQfcgmW8--150|Signer01|in indian hearing school i had to communicate by writing|in indian hearing school i had to communicate by writing|-1|-1
xs3uWDVlmCU--1|Signer01|many of you must be having daughters|many of you must be having daughters|-1|-1
xs3uWDVlmCU--5|Signer01|indian government decided to do something to protect the girl child|indian government decided to do something to protect the girl child|-1|-1
xs3uWDVlmCU--9|Signer01|1 when can the account be opened should the daughter be of a particular age|1 when can the account be opened should the daughter be of a particular age|-1|-1
xs3uWDVlmCU--12|Signer01|2 who can open the account|2 who can open the account|-1|-1
xs3uWDVlmCU--17|Signer01|if you have two daughters then you can open two separate accounts for them|if you have two daughters then you can open two separate accounts for them|-1|-1
wAdO2USWX8I--0|Signer01|today 23rd september is the 3rd day of the international week of the deaf|today 23rd september is the 3rd day of the international week of the deaf|-1|-1
wAdO2USWX8I--6|Signer01|every year 23 september would be celebrated as the international day of sign languages|every year 23 september would be celebrated as the international day of sign languages|-1|-1
wAdO2USWX8I--11|Signer01|hindi day is celebrated on 14th september 2020|hindi day is celebrated on 14th september 2020|-1|-1
wAdO2USWX8I--19|Signer01|hearing individuals are taught to create awareness these are done across the world|hearing individuals are taught to create awareness these are done across the world|-1|-1
wAdO2USWX8I--24|Signer01|and they use more than 200 different sign languages|and they use more than 200 different sign languages|-1|-1
F6G31wEYoyU--8|Signer01|however they have not revealed the person name|however they have not revealed the person name|-1|-1
F6G31wEYoyU--12|Signer01|the world justice project|the world justice project|-1|-1
F6G31wEYoyU--18|Signer01|it had a score of 90|it had a score of 90|-1|-1
F6G31wEYoyU--21|Signer01|3 on third place is new zealand with a score of 85|3 on third place is new zealand with a score of 85|-1|-1
vY8XCGjp5ng--13|Signer01|these videos have gone viral on social media|these videos have gone viral on social media|-1|-1
MD3hVozwNMo--28|Signer01|russia and ukraine are currently|russia and ukraine are currently|-1|-1
MD3hVozwNMo--42|Signer01|military base outside ukraine western|military base outside ukraine western|-1|-1
MD3hVozwNMo--52|Signer01|matter of time between before russia|matter of time between before russia|-1|-1
MD3hVozwNMo--86|Signer01|just outside the ukrainian capital of|just outside the ukrainian capital of|-1|-1
MD3hVozwNMo--185|Signer01|the last 10 days|the last 10 days|-1|-1
g61zN-mQwWs--48|Signer01|had announced in fact last week that it|had announced in fact last week that it|-1|-1
g61zN-mQwWs--52|Signer01|was really after five days but now the|was really after five days but now the|-1|-1
BOQYAFQVS8M--2|Signer01|if you want to know about them|if you want to know about them|-1|-1
BOQYAFQVS8M--30|Signer01|this will help contain the spread of the virus|this will help contain the spread of the virus|-1|-1
BOQYAFQVS8M--48|Signer01|3 times a day or every 8 hours|3 times a day or every 8 hours|-1|-1
BOQYAFQVS8M--55|Signer01|7 if travelling to seek emergency care for the covid patients|7 if travelling to seek emergency care for the covid patients|-1|-1
BOQYAFQVS8M--56|Signer01|these are the points you need to remember|these are the points you need to remember|-1|-1
g61zN-mQwWs--164|Signer01|on duty personnel uh and fires have also|on duty personnel uh and fires have also|-1|-1
g61zN-mQwWs--200|Signer01|and mumbai police commissioner will|and mumbai police commissioner will|-1|-1
g61zN-mQwWs--211|Signer01|loud sound he had also threatened to|loud sound he had also threatened to|-1|-1
oaWjcWgVeCs--8|Signer01|the cases of this disease have gone up after the covid-19 pandemic|the cases of this disease have gone up after the covid-19 pandemic|-1|-1
oaWjcWgVeCs--32|Signer01|what do you think about this|what do you think about this|-1|-1
oaWjcWgVeCs--42|Signer01|make sure you watch and do not forget|make sure you watch and do not forget|-1|-1
oaWjcWgVeCs--57|Signer01|supreme court has scheduled the next hearing on 19th march 2024|supreme court has scheduled the next hearing on 19th march 2024|-1|-1
oaWjcWgVeCs--78|Signer01|do let us know your thoughts in the comments below|do let us know your thoughts in the comments below|-1|-1
5oxh6dWm9-c--61|Signer01|find out who he is and what is map uh|find out who he is and what is map uh|-1|-1
5oxh6dWm9-c--93|Signer01|deaf for the blind for the hearing|deaf for the blind for the hearing|-1|-1
5oxh6dWm9-c--100|Signer01|exciting to see it you know come let|exciting to see it you know come let|-1|-1
5oxh6dWm9-c--118|Signer01|exciting those with physical|exciting those with physical|-1|-1
5oxh6dWm9-c--121|Signer01|completely accessible for them with|completely accessible for them with|-1|-1
5Z-NeEBC53M--2|Signer01|you might wonder how is this possible|you might wonder how is this possible|-1|-1
5Z-NeEBC53M--10|Signer01|the class will be held on zoom from monday to friday|the class will be held on zoom from monday to friday|-1|-1
5Z-NeEBC53M--12|Signer01|you can chose between these two timings|you can chose between these two timings|-1|-1
5Z-NeEBC53M--14|Signer01|you will learn basic isl like words sentences short stories deaf culture etc|you will learn basic isl like words sentences short stories deaf culture etc|-1|-1
5Z-NeEBC53M--24|Signer01|share this with your family and friends hearing people welcome to apply for the course|share this with your family and friends hearing people welcome to apply for the course|-1|-1
XFZt3x3FvMg--0|Signer01|currently everyone to excited to watch the ipl matches|currently everyone to excited to watch the ipl matches|-1|-1
XFZt3x3FvMg--1|Signer01|on 22 april 2023 there was a match between mumbai indians and punjab kings|on 22 april 2023 there was a match between mumbai indians and punjab kings|-1|-1
XFZt3x3FvMg--4|Signer01|mumbai indians needed 16 runs in the last 6 balls|mumbai indians needed 16 runs in the last 6 balls|-1|-1
lb3INtoHN1Y--5|Signer01|instead you communicate through your hands|instead you communicate through your hands|-1|-1
lb3INtoHN1Y--7|Signer01|yes this language is indian sign language|yes this language is indian sign language|-1|-1
lb3INtoHN1Y--16|Signer01|now learning indian sign language has become super easy why|now learning indian sign language has become super easy why|-1|-1
r104VbxBQGA--14|Signer01|check your mobile there are so many calls and messages come on check it|check your mobile there are so many calls and messages come on check it|-1|-1
r104VbxBQGA--15|Signer01|saw it now you know that ipl has isl interpretation on star sports 3 channel|saw it now you know that ipl has isl interpretation on star sports 3 channel|-1|-1
r104VbxBQGA--16|Signer01|please do watch and do not forget|please do watch and do not forget|-1|-1
6h_TvT18H_s--3|Signer01|let me tell you about the shocking incident|let me tell you about the shocking incident|-1|-1
6h_TvT18H_s--6|Signer01|the woman has more than 2 lakh followers on instagram|the woman has more than 2 lakh followers on instagram|-1|-1
6h_TvT18H_s--13|Signer01|and her husband who was tried to save her was assaulted|and her husband who was tried to save her was assaulted|-1|-1
6h_TvT18H_s--17|Signer01|her husband condition was bad and the police took them to a hospital|her husband condition was bad and the police took them to a hospital|-1|-1
6h_TvT18H_s--38|Signer01|in another video the couple said|in another video the couple said|-1|-1
oau-vswXWRs--4|Signer01|however there are a few points that one needs to remember before & after vaccination|however there are a few points that one needs to remember before & after vaccination|-1|-1
oau-vswXWRs--11|Signer01|if a person tests positive for covid-19 after taking the first dose of vaccine|if a person tests positive for covid-19 after taking the first dose of vaccine|-1|-1
oau-vswXWRs--15|Signer01|4 experts say avoid alcohol & smoking after vaccination|4 experts say avoid alcohol & smoking after vaccination|-1|-1
oau-vswXWRs--17|Signer01|5 the majority of the indian population is yet to be fully vaccinated|5 the majority of the indian population is yet to be fully vaccinated|-1|-1
oau-vswXWRs--22|Signer01|to protect others from infection|to protect others from infection|-1|-1
jHalXZA36a4--0|Signer01|today 27th september is the 7th day of international week of the deaf|today 27th september is the 7th day of international week of the deaf|-1|-1
jHalXZA36a4--2|Signer01|human rights are rights of all individuals men women deaf people with disabilities blind|human rights are rights of all individuals men women deaf people with disabilities blind|-1|-1
jHalXZA36a4--11|Signer01|human rights give rights such as right to life|human rights give rights such as right to life|-1|-1
jHalXZA36a4--31|Signer01|deaf individuals will have access to education news and all forms of content|deaf individuals will have access to education news and all forms of content|-1|-1
jHalXZA36a4--32|Signer01|hence human rights are very important|hence human rights are very important|-1|-1
UaGlweA0NFA--2|Signer01|the victims of the crash were indians|the victims of the crash were indians|-1|-1
UaGlweA0NFA--15|Signer01|there were other cars driving on the same road|there were other cars driving on the same road|-1|-1
UaGlweA0NFA--22|Signer01|they have lost their lives|they have lost their lives|-1|-1
UaGlweA0NFA--24|Signer01|sadly they lost their lives in this accident|sadly they lost their lives in this accident|-1|-1
E1gOptJg6mM--2|Signer01|we had released several videos about the war|we had released several videos about the war|-1|-1
E1gOptJg6mM--23|Signer01|they have asked israel to be careful|they have asked israel to be careful|-1|-1
E1gOptJg6mM--24|Signer01|also there are reports that israel has attacked a lot of hospitals and medical facilities|also there are reports that israel has attacked a lot of hospitals and medical facilities|-1|-1
E1gOptJg6mM--38|Signer01|however israel military did not immediately comment on the report|however israel military did not immediately comment on the report|-1|-1
_ThjAGMxOkI--1|Signer01|we are now talking only about hindu rituals|we are now talking only about hindu rituals|-1|-1
_ThjAGMxOkI--14|Signer01|i fail to understand the reason|i fail to understand the reason|-1|-1
_ThjAGMxOkI--50|Signer01|this was not the reason|this was not the reason|-1|-1
_ThjAGMxOkI--62|Signer01|if a couple have only daughter or daughters and no son what will they do|if a couple have only daughter or daughters and no son what will they do|-1|-1
_ThjAGMxOkI--71|Signer01|we will then make a video and share it with you all|we will then make a video and share it with you all|-1|-1
VCMKYAkCNyk--1|Signer01|you can watch the ish news video here on this link|you can watch the ish news video here on this link|-1|-1
VCMKYAkCNyk--6|Signer01|this is the first time that india won more than 100 medals|this is the first time that india won more than 100 medals|-1|-1
VCMKYAkCNyk--9|Signer01|india won the toss and chose to bowl|india won the toss and chose to bowl|-1|-1
VCMKYAkCNyk--12|Signer01|afghanistan was given the silver medal|afghanistan was given the silver medal|-1|-1
VCMKYAkCNyk--24|Signer01|what a proud moment for india|what a proud moment for india|-1|-1
GayvBexIkIs--6|Signer01|then you all must learn sign language|then you all must learn sign language|-1|-1
GayvBexIkIs--7|Signer01|hearing people say learning sign language is very difficult but it actually very easy|hearing people say learning sign language is very difficult but it actually very easy|-1|-1
GayvBexIkIs--13|Signer01|the fees are rs 2 000 for one month|the fees are rs 2 000 for one month|-1|-1
GayvBexIkIs--17|Signer01|hold on i want say something|hold on i want say something|-1|-1
GayvBexIkIs--21|Signer01|you will enjoy|you will enjoy|-1|-1
s2vP3P5pF2k--1|Signer01|here is the full story|here is the full story|-1|-1
s2vP3P5pF2k--7|Signer01|if there is a shortage of paper they why cannot they just buy it|if there is a shortage of paper they why cannot they just buy it|-1|-1
s2vP3P5pF2k--26|Signer01|people said the government needs to do course and improve their management skills|people said the government needs to do course and improve their management skills|-1|-1
s2vP3P5pF2k--28|Signer01|they have no idea when the situation will improve|they have no idea when the situation will improve|-1|-1
cD4RXKTsoqQ--17|Signer01|for example there are many associations government bodies leaders etc who hold meetings and discussions|for example there are many associations government bodies leaders etc who hold meetings and discussions|-1|-1
cD4RXKTsoqQ--20|Signer01|hence it is important deaf men and women are granted equal status|hence it is important deaf men and women are granted equal status|-1|-1
cD4RXKTsoqQ--25|Signer01|hearing people can be safe as they have full access|hearing people can be safe as they have full access|-1|-1
cD4RXKTsoqQ--30|Signer01|access to sign language services will help them understand better|access to sign language services will help them understand better|-1|-1
cD4RXKTsoqQ--33|Signer01|the government healthcare information about various illness in the spoken language|the government healthcare information about various illness in the spoken language|-1|-1
7zOlkK7ch4U--1|Signer01|a shocking incident occured at the mall on 13th april 2024|a shocking incident occured at the mall on 13th april 2024|-1|-1
7zOlkK7ch4U--2|Signer01|6 people died in the mall how|6 people died in the mall how|-1|-1
7zOlkK7ch4U--9|Signer01|who was the 40 year old man|who was the 40 year old man|-1|-1
7zOlkK7ch4U--31|Signer01|they put the shopping center under lockdown until they complete the investigation|they put the shopping center under lockdown until they complete the investigation|-1|-1
7zOlkK7ch4U--33|Signer01|later they closed the mall and started the investigation again|later they closed the mall and started the investigation again|-1|-1
J4XC7XCfeiE--1|Signer01|the cancer had spread to her mother brain and heart her time was limited|the cancer had spread to her mother brain and heart her time was limited|-1|-1
J4XC7XCfeiE--2|Signer01|rakhi was devastated on 28 january 2023 she posted a video on instagram|rakhi was devastated on 28 january 2023 she posted a video on instagram|-1|-1
J4XC7XCfeiE--6|Signer01|eventually her mother passed away|eventually her mother passed away|-1|-1
J4XC7XCfeiE--16|Signer01|rakhi covered the body with soil and flowers how heartbreaking|rakhi covered the body with soil and flowers how heartbreaking|-1|-1
J4XC7XCfeiE--18|Signer01|wow so many people came to offer support|wow so many people came to offer support|-1|-1
9zQleTPz3oQ--5|Signer01|are you deaf and are having problems with your hearing parents|are you deaf and are having problems with your hearing parents|-1|-1
9zQleTPz3oQ--6|Signer01|there is no problem between deaf and hearing people|there is no problem between deaf and hearing people|-1|-1
9zQleTPz3oQ--7|Signer01|the point is sign language|the point is sign language|-1|-1
9zQleTPz3oQ--8|Signer01|just by learning this everyone can communicate easily|just by learning this everyone can communicate easily|-1|-1
9zQleTPz3oQ--15|Signer01|the fees are just rs 2 000 it so cheap|the fees are just rs 2 000 it so cheap|-1|-1
_wXUQzJjw2Q--14|Signer01|however they were all ignored|however they were all ignored|-1|-1
_wXUQzJjw2Q--15|Signer01|on 14th february the protest continued at the same place|on 14th february the protest continued at the same place|-1|-1
_wXUQzJjw2Q--23|Signer01|and dropped them 50 km away from chennai at 3 30 am|and dropped them 50 km away from chennai at 3 30 am|-1|-1
_wXUQzJjw2Q--24|Signer01|was this right shocking|was this right shocking|-1|-1
_wXUQzJjw2Q--25|Signer01|the protests are still going on let me tell their demands|the protests are still going on let me tell their demands|-1|-1
r44WJN2deck--0|Signer01|we all began the new year on a good note|we all began the new year on a good note|-1|-1
r44WJN2deck--4|Signer01|the incident occurred on 2nd january 2024 and is extremely shocking|the incident occurred on 2nd january 2024 and is extremely shocking|-1|-1
r44WJN2deck--12|Signer01|14 people were injured in the accident|14 people were injured in the accident|-1|-1
r44WJN2deck--18|Signer01|a special investigation team has been formed|a special investigation team has been formed|-1|-1
r44WJN2deck--22|Signer01|take off and landing of all the other flights at the airport were immediately stopped|take off and landing of all the other flights at the airport were immediately stopped|-1|-1
lvDGfx0ILRI--0|Signer01|this is really good news|this is really good news|-1|-1
f2tZrB3s400--15|Signer01|whenever it rains there are certain rules for the match|whenever it rains there are certain rules for the match|-1|-1
f2tZrB3s400--21|Signer01|this is why the finals are going to be held today on 29th may 2023|this is why the finals are going to be held today on 29th may 2023|-1|-1
f2tZrB3s400--32|Signer01|so these are the rules|so these are the rules|-1|-1
8RsDc2MkMIo--4|Signer01|this is my favourite thanks|this is my favourite thanks|-1|-1
8RsDc2MkMIo--9|Signer01|before it was rs 2|before it was rs 2|-1|-1
8RsDc2MkMIo--14|Signer01|they are delicious i have never stopped this|they are delicious i have never stopped this|-1|-1
8RsDc2MkMIo--25|Signer01|i never heard about this so shocking who shared this image|i never heard about this so shocking who shared this image|-1|-1
8RsDc2MkMIo--38|Signer01|people could not understand and were shocked|people could not understand and were shocked|-1|-1
ADbLePtyUyg--5|Signer01|want to know what juice this is|want to know what juice this is|-1|-1
ADbLePtyUyg--7|Signer01|we know what you may be thinking -|we know what you may be thinking -|-1|-1
ADbLePtyUyg--20|Signer01|it does not have any taste|it does not have any taste|-1|-1
ADbLePtyUyg--63|Signer01|come so if you have any questions on your mind let answer them now|come so if you have any questions on your mind let answer them now|-1|-1
ADbLePtyUyg--85|Signer01|to watch our other videos click here|to watch our other videos click here|-1|-1
OViR4I-I5GM--2|Signer01|qatar government had sentenced the 8 navy officials to death|qatar government had sentenced the 8 navy officials to death|-1|-1
OViR4I-I5GM--3|Signer01|ish had released a video on this you can have a look at it here|ish had released a video on this you can have a look at it here|-1|-1
OViR4I-I5GM--4|Signer01|in december 2023 there was an event in dubai where pm modi|in december 2023 there was an event in dubai where pm modi|-1|-1
OViR4I-I5GM--9|Signer01|the recent update is actually good news|the recent update is actually good news|-1|-1
OViR4I-I5GM--12|Signer01|seven of them have already returned to india and remaining one will come soon|seven of them have already returned to india and remaining one will come soon|-1|-1
lWEwn6Xks1U--21|Signer01|the teachers would look at the board speak and i would miss what they said|the teachers would look at the board speak and i would miss what they said|-1|-1
lWEwn6Xks1U--24|Signer01|as i was learning later i fell in love with reading|as i was learning later i fell in love with reading|-1|-1
lWEwn6Xks1U--91|Signer01|there are 5 000 interpreters|there are 5 000 interpreters|-1|-1
lWEwn6Xks1U--120|Signer01|your relationship with your friends family workers they all make the person you are|your relationship with your friends family workers they all make the person you are|-1|-1
lWEwn6Xks1U--174|Signer01|many times you do not know what your dream is|many times you do not know what your dream is|-1|-1
lU5vFtQzTs0--0|Signer01|the government ordered a lockdown due to the spread of covid-19|the government ordered a lockdown due to the spread of covid-19|-1|-1
lU5vFtQzTs0--2|Signer01|does it mean you cannot go out for food no food is priority|does it mean you cannot go out for food no food is priority|-1|-1
lU5vFtQzTs0--11|Signer01|covid-19 is extremely dangerous you need to be aware about this and be very careful|covid-19 is extremely dangerous you need to be aware about this and be very careful|-1|-1
lU5vFtQzTs0--32|Signer01|first put important things on the list like tea wheat sugar etc|first put important things on the list like tea wheat sugar etc|-1|-1
lU5vFtQzTs0--62|Signer01|so you do not have to go out again and again|so you do not have to go out again and again|-1|-1
S9ymb66ZqqY--1|Signer01|however with the taliban taking control over afghanistan|however with the taliban taking control over afghanistan|-1|-1
-bix2oGI8Is--19|Signer01|no one tells you to stay also i know that i will never get answers|no one tells you to stay also i know that i will never get answers|-1|-1
-bix2oGI8Is--20|Signer01|so it is better to move on|so it is better to move on|-1|-1
qA10Rkk5hMM--3|Signer01|this made me so happy you know why|this made me so happy you know why|-1|-1
qA10Rkk5hMM--12|Signer01|so come on apply|so come on apply|-1|-1
qA10Rkk5hMM--16|Signer01|the course will be held on zoom it will start from 16th january 2023|the course will be held on zoom it will start from 16th january 2023|-1|-1
qA10Rkk5hMM--26|Signer01|so hurry up and apply|so hurry up and apply|-1|-1
qA10Rkk5hMM--28|Signer01|the course starts from 16th january 2023 the fees is rs 3 000|the course starts from 16th january 2023 the fees is rs 3 000|-1|-1
NME24UNJyAg--1|Signer01|they will be very happy|they will be very happy|-1|-1
NME24UNJyAg--9|Signer01|now the good news is that you can take board exams twice|now the good news is that you can take board exams twice|-1|-1
NME24UNJyAg--13|Signer01|all students in 10th and 12th can take their board exams twice|all students in 10th and 12th can take their board exams twice|-1|-1
NME24UNJyAg--15|Signer01|instead they should reduce the stress be comfortable and happy with education|instead they should reduce the stress be comfortable and happy with education|-1|-1
NME24UNJyAg--29|Signer01|that is great|that is great|-1|-1
dfDWjsq0gCE--8|Signer01|also better for our health they contain|also better for our health they contain|-1|-1
dfDWjsq0gCE--26|Signer01|break down very easily after we throw|break down very easily after we throw|-1|-1
dfDWjsq0gCE--27|Signer01|them please do share this video with|them please do share this video with|-1|-1
_UlQbDhlFBM--9|Signer01|after thinking about it and we then decide to buy|after thinking about it and we then decide to buy|-1|-1
_UlQbDhlFBM--23|Signer01|just so you know it is the opposite|just so you know it is the opposite|-1|-1
_UlQbDhlFBM--39|Signer01|please avoid working or using any technology items in the dark|please avoid working or using any technology items in the dark|-1|-1
_UlQbDhlFBM--40|Signer01|please share this video with everyone|please share this video with everyone|-1|-1
Gs78ruj8l3M--29|Signer01|so again this is a fail|so again this is a fail|-1|-1
Gs78ruj8l3M--40|Signer01|in schools and with family at home|in schools and with family at home|-1|-1
Gs78ruj8l3M--47|Signer01|but for the deaf it is the wrong thing|but for the deaf it is the wrong thing|-1|-1
Gs78ruj8l3M--50|Signer01|i am wondering in usa what deaf education has the government tried to follow|i am wondering in usa what deaf education has the government tried to follow|-1|-1
Gs78ruj8l3M--102|Signer01|what is your message for the government of india|what is your message for the government of india|-1|-1
RDwtYe1rtww--1|Signer01|government has ordered schools and colleges to remain closed|government has ordered schools and colleges to remain closed|-1|-1
RDwtYe1rtww--5|Signer01|how did this happen|how did this happen|-1|-1
RDwtYe1rtww--8|Signer01|despite not feeling well she went to work|despite not feeling well she went to work|-1|-1
RDwtYe1rtww--27|Signer01|she said this is the first time she experienced something like this|she said this is the first time she experienced something like this|-1|-1
RDwtYe1rtww--37|Signer01|later its colors were changed to blue yellow and red|later its colors were changed to blue yellow and red|-1|-1
BO1ehFUMWEs--18|Signer01|2 this is surprising|2 this is surprising|-1|-1
BO1ehFUMWEs--32|Signer01|it is mixed in water and applied to the affected areas|it is mixed in water and applied to the affected areas|-1|-1
Xcr40XiJqFw--57|Signer01|this is terror against ukraine end court|this is terror against ukraine end court|-1|-1
Xcr40XiJqFw--64|Signer01|ukraine will uh should be allowed to|ukraine will uh should be allowed to|-1|-1
Xcr40XiJqFw--66|Signer01|posted photos online of himself signing|posted photos online of himself signing|-1|-1
Xcr40XiJqFw--76|Signer01|yesterday he called for the parliament|yesterday he called for the parliament|-1|-1
Xcr40XiJqFw--96|Signer01|access to any russian flag registered|access to any russian flag registered|-1|-1
3u5tRDrm4vQ--5|Signer01|tourists from across the world have access to the information|tourists from across the world have access to the information|-1|-1
3u5tRDrm4vQ--7|Signer01|they want the knowledge but there is no accessibility|they want the knowledge but there is no accessibility|-1|-1
3u5tRDrm4vQ--9|Signer01|they want accessibility in isl|they want accessibility in isl|-1|-1
IykCj1JGO5A--38|Signer01|over several districts of west bengal|over several districts of west bengal|-1|-1
IykCj1JGO5A--56|Signer01|also been reported in uttar pradesh|also been reported in uttar pradesh|-1|-1
IykCj1JGO5A--77|Signer01|amid heat wave as well now india has|amid heat wave as well now india has|-1|-1
dNgHqIXtHog--11|Signer01|to buy or build their own house in the next 5 years|to buy or build their own house in the next 5 years|-1|-1
dNgHqIXtHog--45|Signer01|the aim is to encourage all the states to develop|the aim is to encourage all the states to develop|-1|-1
dNgHqIXtHog--46|Signer01|13 government has plans to increase farmers income|13 government has plans to increase farmers income|-1|-1
dNgHqIXtHog--49|Signer01|finance minister announced that there has been no change in these|finance minister announced that there has been no change in these|-1|-1
dNgHqIXtHog--56|Signer01|now we have to wait for the final budget until the new government is formed|now we have to wait for the final budget until the new government is formed|-1|-1
IykCj1JGO5A--197|Signer01|a woman accused|a woman accused|-1|-1
IykCj1JGO5A--247|Signer01|in this new tweet he says and i quote i|in this new tweet he says and i quote i|-1|-1
KI0avgGkWiU--2|Signer01|he is also a very private person and does not show off|he is also a very private person and does not show off|-1|-1
KI0avgGkWiU--3|Signer01|even though he has retired from international cricket he still has a huge fan following|even though he has retired from international cricket he still has a huge fan following|-1|-1
KI0avgGkWiU--12|Signer01|a lot of cricketers have said that dhoni never answers phone calls|a lot of cricketers have said that dhoni never answers phone calls|-1|-1
KI0avgGkWiU--15|Signer01|however he loves playing video games|however he loves playing video games|-1|-1
WPBQzU0mOcc--0|Signer01|in the new york city|in the new york city|-1|-1
WPBQzU0mOcc--4|Signer01|i am going to europe for two weeks on business|i am going to europe for two weeks on business|-1|-1
WPBQzU0mOcc--6|Signer01|as per the bank rules we need documents &|as per the bank rules we need documents &|-1|-1
WPBQzU0mOcc--23|Signer01|the man returns to new york|the man returns to new york|-1|-1
WPBQzU0mOcc--41|Signer01|you have provided security yourself|you have provided security yourself|-1|-1
U9CmkaYkK2Q--13|Signer01|nationals of other countries can like uk australia etc cannot apply|nationals of other countries can like uk australia etc cannot apply|-1|-1
U9CmkaYkK2Q--17|Signer01|3 only one account can be opened by one person all across the country|3 only one account can be opened by one person all across the country|-1|-1
U9CmkaYkK2Q--37|Signer01|the answer is yes|the answer is yes|-1|-1
U9CmkaYkK2Q--45|Signer01|the next question is what is the interest rate|the next question is what is the interest rate|-1|-1
U9CmkaYkK2Q--50|Signer01|which can be used for your children education or marriage or for buying a house|which can be used for your children education or marriage or for buying a house|-1|-1
EOkTsccsGAw--13|Signer01|the caption follow us to get more such|the caption follow us to get more such|-1|-1
e2UEGodmt78--8|Signer01|the car fell down from the hill road and crashed into a tree|the car fell down from the hill road and crashed into a tree|-1|-1
e2UEGodmt78--13|Signer01|we helped all the passengers|we helped all the passengers|-1|-1
e2UEGodmt78--23|Signer01|the court case is still going on|the court case is still going on|-1|-1
z-FAdxXHnPY--0|Signer01|you must all be afraid and feeling very bad about the russia ukraine war|you must all be afraid and feeling very bad about the russia ukraine war|-1|-1
z-FAdxXHnPY--9|Signer01|as russia is wrong to attack ukraine|as russia is wrong to attack ukraine|-1|-1
z-FAdxXHnPY--16|Signer01|people said this was to put an end to war|people said this was to put an end to war|-1|-1
fSvDdTyDQQI--4|Signer01|with my experience here because not only|with my experience here because not only|-1|-1
fSvDdTyDQQI--30|Signer01|the people i am surrounded by the|the people i am surrounded by the|-1|-1
fSvDdTyDQQI--40|Signer01|other people how to make raw living food|other people how to make raw living food|-1|-1
fSvDdTyDQQI--41|Signer01|how to make food that has life because|how to make food that has life because|-1|-1
fSvDdTyDQQI--55|Signer01|is that if you are looking to learn this|is that if you are looking to learn this|-1|-1
ujmh8ACl4BY--52|Signer01|how did you start this business let|how did you start this business let|-1|-1
ujmh8ACl4BY--85|Signer01|there so many people with disabilities|there so many people with disabilities|-1|-1
ujmh8ACl4BY--111|Signer01|for him one is uh uh this how how is he|for him one is uh uh this how how is he|-1|-1
ujmh8ACl4BY--128|Signer01|best are made will ensure and see that|best are made will ensure and see that|-1|-1
ujmh8ACl4BY--140|Signer01|government can only do few|government can only do few|-1|-1
fVYU48ftZaI--2|Signer01|they want to improve their english reading and writing skills|they want to improve their english reading and writing skills|-1|-1
fVYU48ftZaI--12|Signer01|now they want to learn english but when they go to school|now they want to learn english but when they go to school|-1|-1
fVYU48ftZaI--19|Signer01|you will learn easily as the teacher is deaf|you will learn easily as the teacher is deaf|-1|-1
fVYU48ftZaI--21|Signer01|i really feel you will improve|i really feel you will improve|-1|-1
fVYU48ftZaI--29|Signer01|when does the course start|when does the course start|-1|-1
_D-x7OswJtc--2|Signer01|who served as foreign minister under imran khan|who served as foreign minister under imran khan|-1|-1
_D-x7OswJtc--4|Signer01|why was he sentenced to jail|why was he sentenced to jail|-1|-1
_D-x7OswJtc--9|Signer01|it was wrong and it went viral|it was wrong and it went viral|-1|-1
_D-x7OswJtc--31|Signer01|lets see what happens now|lets see what happens now|-1|-1
ljLQHhEt-6M--7|Signer01|if you have missed it then do watch it here are more updates on it|if you have missed it then do watch it here are more updates on it|-1|-1
ljLQHhEt-6M--30|Signer01|4 sometimes it happens that we have not made any online purchase|4 sometimes it happens that we have not made any online purchase|-1|-1
ljLQHhEt-6M--36|Signer01|do not click on any link in such messages pay attention to this|do not click on any link in such messages pay attention to this|-1|-1
ljLQHhEt-6M--51|Signer01|most online shopping is done through amazon it is used most by people|most online shopping is done through amazon it is used most by people|-1|-1
ljLQHhEt-6M--54|Signer01|amazon has said that they have all rules clearly mentioned|amazon has said that they have all rules clearly mentioned|-1|-1
h2o-4wf1txw--1|Signer01|life is so comfortable hardly anyone uses cash|life is so comfortable hardly anyone uses cash|-1|-1
h2o-4wf1txw--7|Signer01|let me tell you that the government does not let such tax go tax free|let me tell you that the government does not let such tax go tax free|-1|-1
h2o-4wf1txw--13|Signer01|the government said that you can keep how much ever cash you want at home|the government said that you can keep how much ever cash you want at home|-1|-1
h2o-4wf1txw--20|Signer01|4 you cannot shop for more than rs 2 lakh in cash|4 you cannot shop for more than rs 2 lakh in cash|-1|-1
h2o-4wf1txw--25|Signer01|this has to be done through the bank|this has to be done through the bank|-1|-1
vDozR-WdXJg--11|Signer01|it means national award for best accessible information & communication technology|it means national award for best accessible information & communication technology|-1|-1
vDozR-WdXJg--17|Signer01|thanks to you all|thanks to you all|-1|-1
vDozR-WdXJg--20|Signer01|kids stories isl words isl and english courses through ish shiksha and much more|kids stories isl words isl and english courses through ish shiksha and much more|-1|-1
vDozR-WdXJg--27|Signer01|she added that about 15 percent of the total world population are persons with disabilities|she added that about 15 percent of the total world population are persons with disabilities|-1|-1
vDozR-WdXJg--30|Signer01|after winning the awards they should encourage others and bring about a positive change|after winning the awards they should encourage others and bring about a positive change|-1|-1
eYCNJZYnBGs--3|Signer01|we all know that every company has board members like director chairman etc|we all know that every company has board members like director chairman etc|-1|-1
NI787JtKq9k--4|Signer01|this is for the boss no no no|this is for the boss no no no|-1|-1
NI787JtKq9k--10|Signer01|from monday you all can work from home|from monday you all can work from home|-1|-1
NI787JtKq9k--11|Signer01|and if you got out you should wear a mask|and if you got out you should wear a mask|-1|-1
NI787JtKq9k--15|Signer01|if safety is your number one priority|if safety is your number one priority|-1|-1
NI787JtKq9k--33|Signer01|then head over to amazon to purchase it right away|then head over to amazon to purchase it right away|-1|-1
QTZ6325xuEw--6|Signer01|what do you mean by detected|what do you mean by detected|-1|-1
QTZ6325xuEw--7|Signer01|so when six people are found to have|so when six people are found to have|-1|-1
QTZ6325xuEw--8|Signer01|covered it means they are detected|covered it means they are detected|-1|-1
ehWgEprZG4M--1|Signer01|think is actually tomatoes 80 percent|think is actually tomatoes 80 percent|-1|-1
ehWgEprZG4M--5|Signer01|they are so small but let read well as|they are so small but let read well as|-1|-1
ehWgEprZG4M--6|Signer01|you can see tomato paste is just 23 of|you can see tomato paste is just 23 of|-1|-1
ehWgEprZG4M--13|Signer01|which means this bottle is more sugar|which means this bottle is more sugar|-1|-1
ehWgEprZG4M--14|Signer01|than tomatoes can you believe it please|than tomatoes can you believe it please|-1|-1
lcBujGRLwE0--9|Signer01|instead the president went to china to discuss shocking|instead the president went to china to discuss shocking|-1|-1
lcBujGRLwE0--16|Signer01|but india denied the proposal 3 times|but india denied the proposal 3 times|-1|-1
lcBujGRLwE0--25|Signer01|sending tourists from china to maldives|sending tourists from china to maldives|-1|-1
lcBujGRLwE0--27|Signer01|and steps would be taken to double that number|and steps would be taken to double that number|-1|-1
lcBujGRLwE0--34|Signer01|now slowly teams are coming back|now slowly teams are coming back|-1|-1
GNHe54K3UeU--9|Signer01|when you book the cab you will see the cab number colour of the car|when you book the cab you will see the cab number colour of the car|-1|-1
GNHe54K3UeU--23|Signer01|3 map and route|3 map and route|-1|-1
GNHe54K3UeU--25|Signer01|the cab shows a route follow the same route|the cab shows a route follow the same route|-1|-1
GNHe54K3UeU--29|Signer01|instead request the driver to follow to the route shown on the app|instead request the driver to follow to the route shown on the app|-1|-1
GNHe54K3UeU--48|Signer01|so deaf associations remember to contact the local authorities|so deaf associations remember to contact the local authorities|-1|-1
RmXS-MN-DEA--19|Signer01|today you must cook special food make it delicious|today you must cook special food make it delicious|-1|-1
RmXS-MN-DEA--43|Signer01|i am right|i am right|-1|-1
RmXS-MN-DEA--62|Signer01|hope you enjoyed it|hope you enjoyed it|-1|-1
RmXS-MN-DEA--63|Signer01|please like us and share in facebook|please like us and share in facebook|-1|-1
RmXS-MN-DEA--64|Signer01|please follow us on instagram|please follow us on instagram|-1|-1
d-3-P6_H_LU--1|Signer01|how did this happen let me tell you clearly|how did this happen let me tell you clearly|-1|-1
d-3-P6_H_LU--18|Signer01|however the ship still hit the bridge & it collapsed|however the ship still hit the bridge & it collapsed|-1|-1
d-3-P6_H_LU--19|Signer01|the official said that there were no terrorist on the ship & it was accident|the official said that there were no terrorist on the ship & it was accident|-1|-1
d-3-P6_H_LU--25|Signer01|22 indians were working on the ship|22 indians were working on the ship|-1|-1
d-3-P6_H_LU--26|Signer01|the 2 pilots who were rescued were indian one is critical & other is safe|the 2 pilots who were rescued were indian one is critical & other is safe|-1|-1
Mb0fySYmotY--0|Signer01|two people had open fired at actor salman khan house and fled|two people had open fired at actor salman khan house and fled|-1|-1
Mb0fySYmotY--4|Signer01|in a shocking turn of affairs two people were arrested|in a shocking turn of affairs two people were arrested|-1|-1
v8GTkOeD3Rg--3|Signer01|so what is a breakfast bowl|so what is a breakfast bowl|-1|-1
v8GTkOeD3Rg--15|Signer01|to prepare the base you need just 4 ingredients|to prepare the base you need just 4 ingredients|-1|-1
v8GTkOeD3Rg--39|Signer01|and i love this one because it such a beautiful way to start your day|and i love this one because it such a beautiful way to start your day|-1|-1
v8GTkOeD3Rg--48|Signer01|yes i have saved the best for the last|yes i have saved the best for the last|-1|-1
v8GTkOeD3Rg--60|Signer01|now this one is a little bit more expensive|now this one is a little bit more expensive|-1|-1
1ABuSBGJlwk--50|Signer01|and the problems keep increasing inside|and the problems keep increasing inside|-1|-1
1ABuSBGJlwk--86|Signer01|when we keep eating every 2 hours without giving our stomach a break|when we keep eating every 2 hours without giving our stomach a break|-1|-1
yssvRlCMAXU--1|Signer01|suddenly a dangerous incident occurred in japan|suddenly a dangerous incident occurred in japan|-1|-1
yssvRlCMAXU--3|Signer01|if you missed you can watch it here|if you missed you can watch it here|-1|-1
yssvRlCMAXU--4|Signer01|now after 3 months it has happened again|now after 3 months it has happened again|-1|-1
yssvRlCMAXU--42|Signer01|and 48 people are still missing|and 48 people are still missing|-1|-1
yssvRlCMAXU--46|Signer01|taiwan president has announced an emergency and advised everyone to stay at their homes|taiwan president has announced an emergency and advised everyone to stay at their homes|-1|-1
1ABuSBGJlwk--139|Signer01|in the morning start your day with fresh vegetable juice|in the morning start your day with fresh vegetable juice|-1|-1
1ABuSBGJlwk--166|Signer01|remember – you need the light of the sun not the heat of the sun|remember – you need the light of the sun not the heat of the sun|-1|-1
1ABuSBGJlwk--246|Signer01|because fasting water sunlight and air have now become your new medicine|because fasting water sunlight and air have now become your new medicine|-1|-1
-E01RxDgF10--2|Signer01|the names of 8 local railway stations have been changed|the names of 8 local railway stations have been changed|-1|-1
-E01RxDgF10--10|Signer01|here is the list of 8 stations and their new names|here is the list of 8 stations and their new names|-1|-1
-E01RxDgF10--12|Signer01|what does the word mean|what does the word mean|-1|-1
-E01RxDgF10--32|Signer01|the name was changed but the process is still confirmed and not yet announced|the name was changed but the process is still confirmed and not yet announced|-1|-1
jc67rJCb5mU--6|Signer01|many have been successful in this|many have been successful in this|-1|-1
jc67rJCb5mU--19|Signer01|he admitted that his mother was the main reason to give up smoking|he admitted that his mother was the main reason to give up smoking|-1|-1
jc67rJCb5mU--36|Signer01|the story required the character to carry a smoking habit|the story required the character to carry a smoking habit|-1|-1
jc67rJCb5mU--38|Signer01|however he then gave up the smoking habit once the movie got over|however he then gave up the smoking habit once the movie got over|-1|-1
jc67rJCb5mU--40|Signer01|since then he took stock of his life and gave up smoking|since then he took stock of his life and gave up smoking|-1|-1
ShnYEAW9Oqo--8|Signer01|make sure you wash your hands before and after cooking food|make sure you wash your hands before and after cooking food|-1|-1
ShnYEAW9Oqo--21|Signer01|the cheap mask are for single time use|the cheap mask are for single time use|-1|-1
ShnYEAW9Oqo--24|Signer01|3 protect those around you|3 protect those around you|-1|-1
ShnYEAW9Oqo--45|Signer01|if you become sick while travelling inform the aircraft crew and seek medical help|if you become sick while travelling inform the aircraft crew and seek medical help|-1|-1
ShnYEAW9Oqo--47|Signer01|please follow these so that you can all live a healthy life|please follow these so that you can all live a healthy life|-1|-1
T2eV4P7TSKc--7|Signer01|both his parents are furious and protested against the government for the delay|both his parents are furious and protested against the government for the delay|-1|-1
T2eV4P7TSKc--14|Signer01|however people were angry and felt sad for the 13 year old boy|however people were angry and felt sad for the 13 year old boy|-1|-1
T2eV4P7TSKc--15|Signer01|on 18th january 2024|on 18th january 2024|-1|-1
T2eV4P7TSKc--19|Signer01|everyone feels that maldives want to break relationship with india|everyone feels that maldives want to break relationship with india|-1|-1
T2eV4P7TSKc--20|Signer01|it is a sad situation for the people of maldives who are protesting|it is a sad situation for the people of maldives who are protesting|-1|-1
VSJCVH83NqI--1|Signer01|america uk china japan sri lanka etc all have an indian embassy|america uk china japan sri lanka etc all have an indian embassy|-1|-1
VSJCVH83NqI--10|Signer01|he was working in the indian embassy since 2021|he was working in the indian embassy since 2021|-1|-1
VSJCVH83NqI--18|Signer01|papers have not revealed how he was arrested|papers have not revealed how he was arrested|-1|-1
ZzSKrBx91k0--20|Signer01|not the leaves|not the leaves|-1|-1
ZzSKrBx91k0--39|Signer01|i had only half the hair that i have on my head today|i had only half the hair that i have on my head today|-1|-1
ZzSKrBx91k0--44|Signer01|and it can happen to you too|and it can happen to you too|-1|-1
ZzSKrBx91k0--58|Signer01|every night you have to give your stomach a break for 16 hours|every night you have to give your stomach a break for 16 hours|-1|-1
ZzSKrBx91k0--111|Signer01|come let understand what it means|come let understand what it means|-1|-1
e58Qb1yrfuA--7|Signer01|the police conducted an investigation but it was kept a top secret|the police conducted an investigation but it was kept a top secret|-1|-1
e58Qb1yrfuA--17|Signer01|the police have filed a complaint in that case 10 people were also arrested|the police have filed a complaint in that case 10 people were also arrested|-1|-1
e58Qb1yrfuA--25|Signer01|during questioning the couple confessed|during questioning the couple confessed|-1|-1
e58Qb1yrfuA--26|Signer01|however the stolen jewellery and cash are yet to be recovered|however the stolen jewellery and cash are yet to be recovered|-1|-1
FOiPI0B3tSY--0|Signer01|people from india and from around the world|people from india and from around the world|-1|-1
FOiPI0B3tSY--23|Signer01|paris is a city in france|paris is a city in france|-1|-1
FOiPI0B3tSY--30|Signer01|and claim that the management is extremely poor|and claim that the management is extremely poor|-1|-1
FOiPI0B3tSY--35|Signer01|even the tourists safety is at risk|even the tourists safety is at risk|-1|-1
FOiPI0B3tSY--39|Signer01|the summer olympics are scheduled to begin in paris on 26th july 2024|the summer olympics are scheduled to begin in paris on 26th july 2024|-1|-1
8mwSW8CwzL0--22|Signer01|members of the all india students|members of the all india students|-1|-1
8mwSW8CwzL0--48|Signer01|parts of madhya pradesh were placed|parts of madhya pradesh were placed|-1|-1
8mwSW8CwzL0--87|Signer01|jharkhand yoga district now about 27|jharkhand yoga district now about 27|-1|-1
8mwSW8CwzL0--138|Signer01|several locations in andhra pradesh as|several locations in andhra pradesh as|-1|-1
8mwSW8CwzL0--180|Signer01|national assembly saying he will not sit|national assembly saying he will not sit|-1|-1
XlNrPzVeQJc--0|Signer01|india is recording a massive spike in positive covid-19 cases|india is recording a massive spike in positive covid-19 cases|-1|-1
XlNrPzVeQJc--4|Signer01|earlier when a person would get infection with covid-19 these were the 5 symptoms|earlier when a person would get infection with covid-19 these were the 5 symptoms|-1|-1
XlNrPzVeQJc--9|Signer01|5 loss of smell & taste|5 loss of smell & taste|-1|-1
XlNrPzVeQJc--17|Signer01|and contact your doctor to get tested|and contact your doctor to get tested|-1|-1
XlNrPzVeQJc--20|Signer01|the only way to control the spread of infection|the only way to control the spread of infection|-1|-1
Dbpzryp13gM--4|Signer01|let me tell you how this story is related|let me tell you how this story is related|-1|-1
rxTFq4X6vDI--5|Signer01|4 deaf education conference|4 deaf education conference|-1|-1
rxTFq4X6vDI--28|Signer01|28 purple people - discussion on gender and disability|28 purple people - discussion on gender and disability|-1|-1
EuEJiZAWgz8--5|Signer01|1 territories of british india which were directly ruled by the british government|1 territories of british india which were directly ruled by the british government|-1|-1
EuEJiZAWgz8--10|Signer01|interesting you know the 3 types of states now|interesting you know the 3 types of states now|-1|-1
EuEJiZAWgz8--42|Signer01|however it would be interesting to know how maharashtra and gujarat separated|however it would be interesting to know how maharashtra and gujarat separated|-1|-1
EuEJiZAWgz8--43|Signer01|how andhra pradesh and telangana separated why was chhattisgarh separated form madhya pradesh etc|how andhra pradesh and telangana separated why was chhattisgarh separated form madhya pradesh etc|-1|-1
GUIVuuTMtxw--15|Signer01|the fake officer tells the victim that his package has drugs|the fake officer tells the victim that his package has drugs|-1|-1
GUIVuuTMtxw--44|Signer01|as the cops will scam her and throw her in jail|as the cops will scam her and throw her in jail|-1|-1
GUIVuuTMtxw--49|Signer01|the fake police officers kept asking her questions|the fake police officers kept asking her questions|-1|-1
GUIVuuTMtxw--63|Signer01|she then rushed to the police and told them everything|she then rushed to the police and told them everything|-1|-1
GUIVuuTMtxw--72|Signer01|they urged everyone to be careful|they urged everyone to be careful|-1|-1
aIaavgLhloE--18|Signer01|then it very important for you to watch this video till the end|then it very important for you to watch this video till the end|-1|-1
aIaavgLhloE--34|Signer01|keep your arms straight out in front of you|keep your arms straight out in front of you|-1|-1
aIaavgLhloE--82|Signer01|slowly slowly increase the number|slowly slowly increase the number|-1|-1
JwT5NFlvvn4--9|Signer01|but this time it was due to the heat|but this time it was due to the heat|-1|-1
JwT5NFlvvn4--28|Signer01|which will provide relief to traffic cops|which will provide relief to traffic cops|-1|-1
JwT5NFlvvn4--31|Signer01|it is a good initiative|it is a good initiative|-1|-1
aIaavgLhloE--117|Signer01|you know what our problem|you know what our problem|-1|-1
aIaavgLhloE--129|Signer01|which we host every saturday|which we host every saturday|-1|-1
PfZguvoX6qI--125|Signer01|suspended most of their services in|suspended most of their services in|-1|-1
PfZguvoX6qI--158|Signer01|announced uh that china red cross will|announced uh that china red cross will|-1|-1
PfZguvoX6qI--173|Signer01|on sunday over allegations of rape|on sunday over allegations of rape|-1|-1
PfZguvoX6qI--188|Signer01|been other complaints several women have|been other complaints several women have|-1|-1
PfZguvoX6qI--208|Signer01|with the february 20th murder or|with the february 20th murder or|-1|-1
56Vuk-EegN0--4|Signer01|5 years how shocking|5 years how shocking|-1|-1
56Vuk-EegN0--5|Signer01|such a young girl why did it take so long to file the complaint|such a young girl why did it take so long to file the complaint|-1|-1
